name,price,currency,description,ingredients,instruction_for_use,storage_instructions,country,quantity_value,quantity_unit
Evian Sport Cap (750ml),67000,VND,"""SUITABLE FOR: sports activities
 PRODUCT INFORMATION: Evian is a premium natural water filtered over 15 years in the French Alps, with a neutral pH (7.2), with unique and natural ingredients, suitable for all people of all ages. The product is 100% exploited, bottled and imported from one single source in France and is always committed to provide consumers with the same quality throughout the world""","100% natural mineral water - Nutritional ingredients: Mineral composition (mg/L): Calcium Ca++ 80, Bicarbonates HCO3- 360, Magnesium Mg++ 26, Sulphates SO4-- 14, Chlorides Cl- 10, Silica SiO2 15, Potassium K+ 1, Sodium Na+ 6,5, Nitrates NO3- 3,8, Fluorides F- 0,06. Total dissolved solids (180℃) 345 mg/L - pH 5,5",Drink directly to quench your thirst - Warning: Do not use the product after the expiry date,"Store in a cool, dry place, away from direct sunlight",France,750,ml
Evian Natural Mineral Water Glass 750ml,72000,VND,"""SUITABLE FOR: formal receptions, events, seminars, office meetings, restaurants, coffee shops, hotels.
 PRODUCT INFORMATION: Evian is a premium natural water filtered over 15 years in the French Alps, with a neutral pH (7.2), with unique and natural ingredients, suitable for all people of all ages. The product is 100% exploited, bottled and imported from one single source in France and is always committed to provide consumers with the same quality throughout the world""","100% natural mineral water - Nutritional ingredients: Mineral composition (mg/L): Calcium Ca++ 80, Bicarbonates HCO3- 360, Magnesium Mg++ 26, Sulphates SO4-- 14, Chlorides Cl- 10, Silica SiO2 15, Potassium K+ 1, Sodium Na+ 6,5, Nitrates NO3- 3,8, Fluorides F- 0,06. Total dissolved solids (180℃) 345 mg/L - pH 5,5",Drink directly to quench your thirst - Warning: Do not use the product after the expiry date,"Store in a cool, dry place, away from direct sunlight",France,750,ml
Evian Water PET Water (500ml),33000,VND,"""SUITABLE FOR: Conferences, office meetings, formal receptions, events, or hand-held, travel, school, office, sports, and other occasions that require the use of lightweight, easy-to-handle products.
 PRODUCT INFORMATION: Evian is a premium natural water filtered over 15 years in the French Alps, with a neutral pH (7.2), with unique and natural ingredients, suitable for all people of all ages. The product is 100% exploited, bottled and imported from one single source in France and is always committed to provide consumers with the same quality throughout the world""","100% natural mineral water - Nutritional ingredients: Mineral composition (mg/L): Calcium Ca++ 80, Bicarbonates HCO3- 360, Magnesium Mg++ 26, Sulphates SO4-- 14, Chlorides Cl- 10, Silica SiO2 15, Potassium K+ 1, Sodium Na+ 6,5, Nitrates NO3- 3,8, Fluorides F- 0,06. Total dissolved solids (180℃) 345 mg/L - pH 5,5",Drink directly to quench your thirst - Warning information: Do not use the product after the expiry date,"Store in a cool, dry place, away from direct sunlight",France,500,ml
Volvic Volcanic Mineral Water PET (1.5L),0,VND,"""SUITABLE FOR: picnics, travel, daily hydration at home, at school, work, and activities that use large amounts of water
 PRODUCT INFORMATION: Volvic is a natural mineral water formed from deep inside the volcanic moutain located in the heart of France and has been purified for 5 years through 6 geological layers of the volcano. Unique flavor with high silica content, which is essential for bones, hair, skin and nails""","100% natural mineral water - Nutritional ingredients: Energy 0 kcal, Protein 0 g, Fat 0 g, Saturated fat 0 g, Trans Fat 0 g, Carbohydrate 0 g, Sugar 0 g, Sodium 1,16 mg",Drink directly to quench your thirst - Warning: Do not use the product after the expiry date,"Store in a cool, dry place, away from direct sunlight",France,1.5,L
Volvic Volcanic Mineral Water PET 500ml,0,VND,"""SUITABLE FOR: Conferences, office meetings, formal receptions, events, or hand-held, travel, school, office, sports, and other occasions that require the use of lightweight, easy-to-handle products.
 PRODUCT INFORMATION: Volvic is a natural mineral water formed from deep inside the volcanic moutain located in the heart of France and has been purified for 5 years through 6 geological layers of the volcano. Unique flavor with high silica content, which is essential for bones, hair, skin and nails""","100% natural mineral water - Nutritional ingredients: Energy 0 kcal, Protein 0 g, Fat 0 g, Saturated fat 0 g, Trans Fat 0 g, Carbohydrate 0 g, Sugar 0 g, Sodium 1,16 mg",Drink directly to quench your thirst - Warning: Do not use the product after the expiry date,"Store in a cool, dry place, away from direct sunlight",France,500,ml
Canada Dry Ginger Ale Pet (1.5L),0,VND,"Without a doubt your favorite drink! Enjoy the intense flavor of Ginger Ale in all its versions; classic, light and zero. Perfect to take it the way you prefer.","Carbonated water, Sugar, citric acid, Natural flavoring, Sodium benzoate, Caramel color","Fill mixer glass with ice, vodka, syrup, and juice. Shake vigorously and pour into your favorite lowball glass with cubed whiskey ice. Top with Canada Dry Ginger Ale and fresh blackberries.","Store in a clean ,dry and cool place",Canada,1.5,L
Tuborg Skoll Beer 6% Can (500ml),0,VND,"Tuborg Skøll a refreshing aromatised beer with a perfect combination of vodka and fruits. It has a bright golden colour, mild sparkes and a white head. The aroma is fruity and dominated by citrus. The taste is characterised by green lemon and grapefruit, a well-balanced mix of vodka, sweetness and tartness with a slight bitterness in the aftertaste.","Water, barley malt, glucose syrup, wheat, sugar, Vodka-argume flavor (including 84.5% Vodka), acidifier: citric acid, color: caramel E150c, hop extract.","pairs perfectly with all the things you love: BBQ, a concert, a party, a great night out and of course, your friends. Enjoy at 5-8 oC.",store in a cool place,,500,ml
7Up Zero Sugar Pet (1.5L),0,VND,"Diet 7UP is now 7UP Zero Sugar! The light crisp, iconic flavor of 7UP Lemon Lime Zero Sugar soda offers a unique, balanced taste that will leave you feeling refreshed. ... Now known simply as 7UP, it's caffeine-free, low in sodium, and delivers great-tasting lemon lime flavor with zero sugar.","Filtered Carbonated Water, Citric Acid, Potassium Citrate, Potassium Benzoate (Preservative), Aspartame, Acesulfame Potassium, Natural Flavors, Calcium Disodium Edta (To Protect Flavor)","Use it as the secret ingredient to liven up any meal or recipe. You can enjoy 7UP Zero Sugar in everything from your favorite cocktails* and mocktails to grilling marinades and delicious desserts like our famous 7UP Side Down Cake. 7UP Zero Sugar is also the perfect pairing for any occasion with all your favorite foods. Over 21 only, please drink responsibly.",Store away from sunlight in a dry and temperate place.,,1.5,L
Pietra Beer 6% Bottle (330ml),0,VND,"Pietra is a handcrafted beer from the island of Corsica. It’s brewed with a blend of selected malts and chestnut flour. Chestnuts are a traditional fruits in Corsica, handpicked in the Castagniccia mountain. This unique blend in the world gives Pietra an exceptional personality.","Water, barley malt, chestnut flour, hops, brewer's yeast, antioxidant (e220). Alcohol: 6% vol.","Best served chilled.Suggested food matches: charcuterie, especially Corsican charcuterie, pâté, sauce recipes.",Stored in a dry and cool place away from sunlight,Pietra,330,ml
Jenlain Ambrée Beer 7.5% Can (500ml),0,VND,"Jenlain Ambrée is brewed according to Brasserie Duyck’s finest traditions, using all of its savoir-faire gained over five generations.",Water Malt Malt Roasted Glucose Hops Yeasts,ideal for cooking or as an accompaniment for stews and characterful cheeses.,"Store in a cool, dry place.",,500,ml
Old Jamaica Light Ginger Beer Can (330ml),0,VND,"Established in 1988, Old Jamaica Ginger Beer is a genuine Jamaican brand, made from the potent and flavourful roots of ginger. A sip of Old Jamaica Ginger Beer embodies the same natural flavours that Grandma would infuse in her homemade Ginger Beer, Drops, Cakes and Cookies. It is as amazingly refreshing and crisp as it is unique and original!","Carbonated Water, Sugar, Acid (Citric Acid), Flavourings (Including Ginger Root Extract), Stabiliser (Gum Arabic), Acidity Regulator (Sodium Citrates), Preservative (Sodium Benzoate), Sweetener (Sucralose)",Best Served Chilled.,Store away from direct light in a cool & dry place,Jamaica,330,ml
Budweiser Beer 5% Can (500ml),0,VND,Excellent quality consistent for 143 years and available in over 80 countries,"Water, malt, rice and hop",Best served chilled,"Storage in dry cool place avoiding direct sunlight, excessive heat and freezing",,500,ml
Itoen Oi Ocha Green Tea (500ml),0,VND,"Revive yourself the Japanese way with a bottle of Itoen Ooi Ocha Unsweetened Green Tea. This Japanese green tea has a delicate, fresh flavour with just a hint of refreshing bitterness. This tea is enjoyed by millions of Japanese people every day and is a winner among lovers of unsweetened drinks. This tea is best enjoyed chilled, with or without ice.","Water, Whole Green Tea Leaves, Antioxidant (300), Acidity Regulator (500)","This tea is enjoyed by millions of Japanese people every day and is a winner among lovers of unsweetened drinks. This tea is best enjoyed chilled, with or without ice.","Keep away from direct sunshine, store in room temperature",,500,ml
Itoen Oi Ocha Green Tea With Roasted Rice (500ml),0,VND,"Enjoy the flavour benefits of two different types of green tea with Itoen's ready-to-drink genmaicha with added matcha. Genmaicha is a nutty, soothing, almost savoury tea, made by combining green tea leaves with kernels of roasted brown rice. Matcha green tea powder, on the other hand, boasts a refreshing, leafy taste and aroma.","Purified Water, Roasted Rice, Green Tea, Barley, Corn, Ascorbic Acid (Vitamin C), Adlay, Matcha.",ready-to-drink genmaicha with added matcha.,"Keep in dry, cool place and avoid direct sunlight","Green Tea, Barley",500,ml
Hakatakaju Orange Juice Mikan (1L),0,VND,"Our juice uses generous amounts of pure, perfectly ripe mandarin oranges. Both the delicate sweetness and mellow sour of the oranges are preserved, creating a smooth, refreshing finish. Children and older people alike will love how easy it is to drink, even for those of us who don't normally enjoy juice.",100% Pure Fruit Juice,Please enjoy this product chilled.,Avoid direct sunlight and hot and humid places and save.,,1,L
Hakatakaju Orange Juice Mikan (500ml),0,VND,"Our juice uses generous amounts of pure, perfectly ripe mandarin oranges. Both the delicate sweetness and mellow sour of the oranges are preserved, creating a smooth, refreshing finish. Children and older people alike will love how easy it is to drink, even for those of us who don't normally enjoy juice.",100% Pure Fruit Juice,Please enjoy this product chilled.,Avoid direct sunlight and hot and humid places and save.,,500,ml
St Stefanus Beer 7% Bottle (330ml),0,VND,"Known simply as 'Augustijn' within Belgium and St Stefanus Blonde Beer (7% ABV, 330ml bottle) elsewhere, this blonde ale from Van Steenberge Brewery is matured in the brewery for up to two years and continues to do so in the bottle. Open it young for a fruity flavour, or let it age for a more complex and aromatic experience.","Water, Barley Malt, Rice, Yeast, Hops",Suitable for vegetarians. The UK Chief Medical Officers recommend adults do not regularly drink more than 14 units per week,"Store in a cool, dry place.",Belgium,330,ml
Delirium Tremens Beer 8.5% Bottle (330ml),0,VND,"The particular character and the unique taste of ""Delirium Tremens"" result from the use of three different kinds of yeast. Its very original packing, which resembles cologne ceramics, and the colourful label contribute to its success.","Barley Malt, Hops, Yeast","Beer brewed carefully, to be consumed with care","Store in a cool, dry place.",,330,ml
Westmalle Triple Beer 9% Bottle 330ml,0,VND,"Westmalle Tripel is a clear, golden yellow trappist beer that undergoes a secondary fermentation in the bottle (9,5% alcohol).It is a complex beer with a fruity aroma and a nice nuanced hop scent.It is soft and creamy in the mouth, with a bitter touch carried by the fruity aroma.","Water, barley, malt, yeast, hops, sugar.",an excellent fit with strawberries and dry-aged beef and an ideal pairing with fish.,"Store in a cool, dry place.",,330,ml
Val de Rance L'Authentique Dry Cider 4.5% (330ml),0,VND,"Limpid with orange gold color in the glass. This original Dry French Cider is a well balanced cider with natural aromas of ripe apples. Strong notes of bittersweet apples wih medium sweetness from the natural sugars of apples. This cider will accompany grilled seafood, meats on barbecue,spicy curry or salads. Perfect also just on it’s own relaxing with friends.","French cider, antioxidant: potassium bi-disulfite, gluten free, contains natural sugars from fruits","Delicious paired with a sandwich, a salad or a pastry, Val de France beverages are a great alternative for consumers who like non-alcoholic drinks. Enjoy them year round!","Store in cool and dry place, away from sunlight.",,330,ml
DESPERADOS Beer PK 5.9% from France (330ml),0,VND,"Desperados PK 5.9% (330ml) is a distinctive beer that combines traditional beer flavors with the famous Tequila taste, creating a bold and captivating drink. With an alcohol content of 5.9%, Desperados delivers a refreshing, light taste, complemented by the strong, spicy kick of Tequila. The fresh citrus flavor, combined with the heat of Tequila, creates a perfect blend that is easy to drink and addictive.

First introduced in France in 1995, Desperados quickly became a favorite choice for parties and gatherings, offering a fresh and unique beer experience. Today, Desperados is available in over 70 countries and is one of the most consumed drinks worldwide.

Origin: France
Responsible Organization: SOGEDIAL EXPLOITATION
Address: GEXPA, 419 Rue des Chantiers, 76600 Le Havre, France","Water, malted barley, glucose-syrup, sugar, hop extract, citric acid, flavour (75% Tequila)","Enjoy chilled, straight from the fridge.",Store in a cool & dry place,France,330,ml
Val de Rance Ginger/Lemon Cider 4.5% Bottle (330ml),0,VND,"Slightly cloudy with amber color in the glass. Spicy and fresh cider with acidulated lemon notes. Generous and gentle in mouth with a fizzy attack, low astringency. Naturally sweet with sugars contains in the fruits. Well balanced mix between ginger, lemon & apple. This cider is perfect for a refreshing break and can accompany summer fruits.","French cider, Lemon juice from concentrate, natural ginger flavor, green lemon flavor, antioxidant: potassium bi-disulfite. Gluten free, contains natural sugars from fruits.","Delicious paired with a sandwich, a salad or a pastry, Val de France beverages are a great alternative for consumers who like non-alcoholic drinks. Enjoy them year round!","Store in cool and dry place, away from sunlight.",,330,ml
CocaCola Zero Bottle (1.5L),20000,VND,"Coca Cola Zero makes the body feel lighter, eats better, no sugar, no calories, suitable for those who love soft drinks but still want to keep healthy eating habits.","Saturated water C02, food coloring (150d), acidity regulator (338, 331(iii)), synthetic sweetener (950, 955), preservative (211), natural cola flavor and caffeine .",Can be used instantly.,"Store at room temperature, in a cool, dry place.",,1.5,L
Fanta Bottle (1.5L),0,VND,"Fanta soft drink helps to quench thirst after outdoor activities, relieve stress and fatigue when studying and working. Fanta soft drink with sassafras flavor 1.5 liter bottle stimulates the taste buds, providing energy for the body.","Saturated water CO2 , HFCS sugar, cane sugar, acidity regulator (330), emulsifier (1450,444), natural and natural orange flavor, preservative (211) and food color (110) ).",Can be used instantly.,"Store at room temperature, in a cool, dry place.",,1.5,L
Schweppes Soda Dry Ginger Ale Can (320ml),11000,VND,"Schweppes uses flavors extracted from nature, a separate formula combines mildly spicy ginger, carbonated soft drinks with a strong taste to bring a feeling of refreshment. Schweppes Dry Ginger Ale Soda Drink 320ml can be used immediately or used to prepare attractive drinks","Saturated water CO2, acidity regulator (500(ii))",Can be used instantly.,"Store at room temperature, in a cool, dry place.",,320,ml
Minute Maid Teppy Orange Bottle (327ml),0,VND,"Teppy orange juice 327ml is extracted from succulent oranges along with naturally attractive fresh orange cloves. And produced according to modern technology, no harmful substances do not affect the health of consumers.","Water, HFCS, orange juice and orange cloves (12.2%), synthetic orange flavor, acidity regulator (330, 331(iii)), Calcium Lactate (400 ppm), vitamin E (11 ppm) and color food (102, 110).",Can be used instantly.,"Store at room temperature, in a cool, dry place.",HFCS,327,ml
Dasani Bottle (350ml),4000,VND,"Dasani Purified Water is sterilized with optimal technology, ensuring a clean source of water and good for the health of consumers.
Dasani bottled water is produced from groundwater, through reverse osmosis system and sterilization by ozone, ensuring purity in every drop of water. The product has a natural cool sweet taste, giving instant refreshing feeling",Pure water,Can be used instantly.,"Store at room temperature, in a cool, dry place.",,350,ml
Aquarius Water bottle (390ml),8000,VND,Aquarius Isotonic Water bottle (390ml),"Saturated water CO2, cane sugar, salt, natural fruit flavor",Can be used instantly.,"Store at room temperature, in a cool, dry place.",,390,ml
Dasani Mineral Water Bottle (510ml),6000,VND,"Dasani Purified Water is sterilized with optimal technology, ensuring a clean source of water and good for the health of consumers.
Dasani bottled water is produced from groundwater, through reverse osmosis system and sterilization by ozone, ensuring purity in every drop of water. The product has a natural cool sweet taste, giving instant refreshing feeling",Pure water,Can be used instantly.,"Store at room temperature, in a cool, dry place.",,510,ml
East West East West Pale Ale Beer Bottle (330ml),51000,VND,"With inspirations from both sides of the world, our award-winning flagship East West Pale Ale provides a perfect balance of malts with hops. This delightfully crisp and handcrafted ale is the toast of Saigon.","Water, yeast, hops, malt",Best served chilled,"Keep in a cool, dry place away from exposure to direct sunlight",West,330,ml
Val de Rance Pear Cider 4.5% Bottle (330ml),0,VND,Limpid with a clear orange color. Nose of freshly pressed pears. Round and sweet in mouth with medium acidity. Naturally acidulated with sugars contains in the fruits. This cider can accompany sweet desserts and is particularly excellent with chocolate.,"French cider, Pear juice from concentrate, natural flavor, antioxidant: potassium bi-disulfite. Gluten free, contains natural sugars from fruits.","Delicious paired with a sandwich, a salad or a pastry, Val de France beverages are a great alternative for consumers who like non-alcoholic drinks. Enjoy them year round!","Store in cool and dry place, away from sunlight.",,330,ml
East West Far East IPA Beer Bottle (330ml),51000,VND,"This full-bodied India Pale Ale is loaded with malt, hops, and yeast from all over the world. Our award-winning Far East IPA provides a beautiful inter-pacific aroma that is enjoyable all year round.","Water, yeast, hops, malt",Best served chilled,"Keep in a cool, dry place away from exposure to direct sunlight",India,330,ml
East West Modern Belgian Dark Beer Bottle 8.1% (500ml),90000,VND,"Our award-winning Modern Belgian Dark takes on a traditional approach with a dose of local ingredients. Complex with rich malts that delivers strong aromas of caramel and baked bread, with a hint of spiciness. We switched out the traditional use of Belgian candy for local Vietnamese palm sugar to give a vanilla and toffee depth.","Water, yeast, hops, malt",Best served chilled,"Keep in a cool, dry place away from exposure to direct sunlight",West,500,ml
East West Independence Stout Beer Bottle 12% (500ml),100000,VND,"Our award-winning Independence Stout is an intense dark ale that encompasses a range of rich and complex flavor profiles. The malts, fruit esters, hops, and alcohol are harmoniously in balance. Not for the faint of heart due to its aggressive nature and high alcohol content, therefore this beer is to be savored and respected.","Water, yeast, hops, malt",Best served chilled,"Keep in a cool, dry place away from exposure to direct sunlight",West,500,ml
East West Summer Hefe Weizen Beer Bottle (330ml),0,VND,"Our award-winning Summer Hefeweizen delivers a bold, refreshing, clean flavor and expressive aroma that is perfect for Vietnam’s warm climate","Water, yeast, hops, malt",Best served chilled,"Keep in a cool, dry place away from exposure to direct sunlight",West,330,ml
Pilsner Urquell Beer Can (500ml),69000,VND,"Josef Groll was able to look beyond what was possible and combine his knowledge of an innovative new bottom fermenting process, known as 'lagering', with his access to the finest local ingredients at Pilsen: a special type of two-row fine-husk barley and of course the uniquely soft local water.","Water, malt, Houblon","Drinking directly, taste better when it cold","Store in a cool, dry place.",,500,ml
Whisky Label 5 Blend Scotch Bottle 40% 200ml,0,VND,"Label 5 Classic Black is a unique Scottish Whiskey made from the most selective malt, creating a sophisticated Whiskey with a smoky flavor and a hint of flowers and fruit. Label 5 is the 9th largest whiskey brand in the world.","100% purest selected malt, purified water","Great drink at parties, can be taken directly or taken with ice.","Store at room temperature, in a cool, dry place.",,200,ml
Pilsner Urquell Beer Bottle (330ml),62000,VND,"Josef Groll was able to look beyond what was possible and combine his knowledge of an innovative new bottom fermenting process, known as 'lagering', with his access to the finest local ingredients at Pilsen: a special type of two-row fine-husk barley and of course the uniquely soft local water.","Water, malt, Houblon","Drinking directly, taste better when it cold","Store in a cool, dry place.",,330,ml
Whisky Label 5 Blend Scotch Bottle (700ml),0,VND,"Label 5 Classic Black is a unique Whiskey made from the most selective malt, creating a sophisticated Whiskey with a smoky flavor and a hint of flowers and fruit. Label 5 is the 9th largest whiskey brand in the world.","100% purest selected malt, purified water","Great drink at parties, can be taken directly or taken with ice.","Store at room temperature, in a cool, dry place.",,700,ml
Gibson's Gin Bottle 37.5% 700ml,0,VND,"Gibson's London Dry Gin has been touted as the classic dry wine. They develop flavor from the distillation of carefully selected ingredients. The spirit that makes the wine flavor creates the purity of the perfect fruits. This wine line contains sweet flavors of citrus, juniper, coriander and cold peel.","Cereals, herbs",Gin Gibsons is a good flavored wine that can be drunk directly or mixed with other wines to form a drink called coctail,"Store at room temperature, in a cool, dry place.",,700,ml
Vodka Cruiser  Blueberry 4.6% Bottle 275ml,0,VND,Vodka Cruiser comes in a variety of flavors with distinctive fruit colors that strongly inspire the flavor of the product. The Vodka Cruiser line has been tweaked for less sugar while preserving quality and taste.,Distilled vodka & fruit,"This berry-flavored Vodka Cruiser offers a delicious taste to the gourmets, making it even better when chilled. Fruit wine must be enjoyed with impressive and unique sweet dishes: cakes, candies, fruits, ...","Store at room temperature, in a cool, dry place.",,275,ml
Vodka Cruiser Lemon Lime 4.6% Bottle 275ml,59000,VND,Vodka Cruiser comes in a variety of flavors with distinctive fruit colors that strongly inspire the flavor of the product. The Vodka Cruiser line has been tweaked for less sugar while preserving quality and taste.,Distilled vodka & fruit,"This berry-flavored Vodka Cruiser offers a delicious taste to the gourmets, making it even better when chilled. Fruit wine must be enjoyed with impressive and unique sweet dishes: cakes, candies, fruits, ...","Store at room temperature, in a cool, dry place.",,275,ml
Vodka Cruiser  Raspberry 4.6% Bottle 275ml,59000,VND,Vodka Cruiser comes in a variety of flavors with distinctive fruit colors that strongly inspire the flavor of the product. The Vodka Cruiser line has been tweaked for less sugar while preserving quality and taste.,Distilled vodka & fruit,"This berry-flavored Vodka Cruiser offers a delicious taste to the gourmets, making it even better when chilled. Fruit wine must be enjoyed with impressive and unique sweet dishes: cakes, candies, fruits, ...","Store at room temperature, in a cool, dry place.",,275,ml
Vodka Cruiser Bold Berry 4.6% Bottle 275ml,59000,VND,Vodka Cruiser comes in a variety of flavors with distinctive fruit colors that strongly inspire the flavor of the product. The Vodka Cruiser line has been tweaked for less sugar while preserving quality and taste.,Distilled vodka & fruit,"This berry-flavored Vodka Cruiser offers a delicious taste to the gourmets, making it even better when chilled. Fruit wine must be enjoyed with impressive and unique sweet dishes: cakes, candies, fruits, ...","Store at room temperature, in a cool, dry place.",,275,ml
Vodka Cruiser Juicy Watermelon 4.6% Bottle (275ml),59000,VND,"The characteristic fresh, sweet scent of ripe watermelon. The refreshing sweetness of watermelon fills the mouth. Faint notes of vodka, subtle and not overpowering the fruity smell. The mellow Vodka flavor, mixed with watermelon flavor, creates a refreshing feeling and instantly quenches thirst.",barley,Drink directly or after chilling,"Store at room temperature, in a cool, dry place.",,275,ml
Royal Dutch Post Horn Full Flavour Beer 5% Can (500ml),47000,VND,"The Beer Lager Royal Dutch Post Horn is made from the freshest and most natural ingredients. The Beer Lager Royal Dutch Post Horn has a delicate aroma of malt and noble hops with a refreshing, distinctive finish.",Malt made from barley; Best Hoa Bia; Pure natural water,"Clear gold color with a smooth cream tip and a refreshing sensation to quench thirst. Sweet, refreshing malt and honey flavors and a slightly bitter aftertaste.",Serving temperature: 3 degrees C,,500,ml
Royal Dutch Post Horn Extra Strong Beer 8.5% Can (500ml),0,VND,"The Beer Lager Royal Dutch Post Horn is made from the freshest and most natural ingredients. The Beer Lager Royal Dutch Post Horn has a delicate aroma of malt and noble hops with a refreshing, distinctive finish.",Malt made from barley; Best Hoa Bia; Pure natural water,"Plump fragrance, strong taste. Delicious beer quality is something connoisseurs will appreciate very much.",Serving temperature: 5 degrees C,,500,ml
Trio Extra Stout Beer 7.2% Bottle (330ml),0,VND,"Trio beer has conquered the hearts of beer lovers in more than 28 countries around the world. Created from a delicate combination of three signature ingredients, Trio Stout delivers an unmistakable flavor experience.
The sweetness of roasted malt, the richness of the black color and the aroma of barley along with a subtle hint of coffee aroma are what you can find in every drop of Trio beer.
Carefully selected hops create a gentle yet full-bodied bitterness that pairs perfectly with the flavors of the stout, creating an authentic taste experience.","Vodka, pineapple flavor",Drink directly or after chilling,"Store at room temperature, in a cool, dry place.",,330,ml
Trio Extra Stout Beer 7.2% Can (330ml),0,VND,"TRIO Extra Stout is proudly produced by dedicated and experienced brewers. The beer's signature full, strong and unique flavor is formed from four main ingredients: barley malt, hops, pure soft natural water and yeast.",Malt made from traditional roasted barley; Selective hops; Pure soft natural water source; First generation yeast,"Trio Extra Stout beer has a smooth, rich, sweet taste and a slightly bitter aftertaste, providing a refreshing end to enjoy. Great combo with Smoked Chicken, BBQ, oysters and chocolate.",Serving temperature: 6-8 degrees C,,330,ml
"Vodka MG Spirit  Grapefruit 5,5% bottle 275ml",59000,VND,"MG Company is a family company founded in 1835, south of Barcelona. Over 70 years of production and distillation of wine, today MG Company is a reputable and highly appreciated supplier in Spain and other countries around the world. MG Spirit is a premade cocktail that combines spirits with natural juices and soft drinks.","Vodka, fermented juice","Easy to enjoy, drink directly or prepare.","Store at room temperature, in a cool, dry place.",Spain,275,ml
"Vodka MG Spirit  Lime 5,5% bottle 275ml",59000,VND,"MG Company is a family company founded in 1835, south of Barcelona. Over 70 years of production and distillation of wine, today MG Company is a reputable and highly appreciated supplier in Spain and other countries around the world. MG Spirit is a premade cocktail that combines spirits with natural juices and soft drinks.","Vodka, fermented juice","Easy to enjoy, drink directly or prepare.","Store at room temperature, in a cool, dry place.",Spain,275,ml
"Vodka MG Spirit  Blueberry 5,5% bottle 275ml",59000,VND,"MG Company is a family company founded in 1835, south of Barcelona. Over 70 years of production and distillation of wine, today MG Company is a reputable and highly appreciated supplier in Spain and other countries around the world. MG Spirit is a premade cocktail that combines spirits with natural juices and soft drinks.","Vodka, fermented juice","Easy to enjoy, drink directly or prepare.","Store at room temperature, in a cool, dry place.",Spain,275,ml
"Vodka MG Spirit Mojito 5,5% bottle 275ml",59000,VND,"MG Company is a family company founded in 1835, south of Barcelona. Over 70 years of production and distillation of wine, today MG Company is a reputable and highly appreciated supplier in Spain and other countries around the world. MG Spirit is a premade cocktail that combines spirits with natural juices and soft drinks.","Vodka, fermented juice","Easy to enjoy, drink directly or prepare.","Store at room temperature, in a cool, dry place.",Spain,275,ml
"Vodka MG Spirit  Pineapple 5,5% bottle 275ml",59000,VND,"MG Company is a family company founded in 1835, south of Barcelona. Over 70 years of production and distillation of wine, today MG Company is a reputable and highly appreciated supplier in Spain and other countries around the world. MG Spirit is a premade cocktail that combines spirits with natural juices and soft drinks.","Vodka, fermented juice","Easy to enjoy, drink directly or prepare.","Store at room temperature, in a cool, dry place.",Spain,275,ml
Fever-Tree Light Tonic Water (4x200ml),0,VND,"We use naturally occurring fruit sugars to develop our lighter tonic water. The blending of subtle botanical flavours with spring water and highest-quality quinine gives it the distinctively clean, crisp character of Premium Indian Tonic Water, but with 57% fewer calories.","Carbonated Spring Water, Fructose (Fruit Sugar), Acid: Citric Acid, Natural Flavours Including Quinine",Use directly,"Store in a cool, dry place.",,200,ml
Fever-Tree Light Tonic Water (8x150ml),0,VND,"We use naturally occurring fruit sugars to develop our lighter tonic water. The blending of subtle botanical flavours with spring water and highest-quality quinine gives it the distinctively clean, crisp character of Premium Indian Tonic Water, but with 57% fewer calories.","Carbonated Spring Water, Fructose (Fruit Sugar), Acid: Citric Acid, Natural Flavours Including Quinine",Use directly,"Store in a cool, dry place.",,150,ml
Fever-Tree Prem Indian Tonic Water (8x150ml),0,VND,"We use fruit sugars to develop our lighter tonic water. The blending of subtle botanical flavours with spring water and highest-quality quinine gives it the distinctively clean, crisp character of Premium Indian Tonic Water, but with 57% fewer calories.","Carbonated Spring Water, Sugar, Acid: Citric Acid, Natural Flavours Including Natural Quinine",Use directly,"Store in a cool, dry place.",,150,ml
Fever-Tree Light Elderflower Tonic Water (8x150ml),0,VND,"By blending the gentle bitterness of quinine with fruit sugars and the delicate, sweet notes of elderflowers that are handpicked in Gloucestershire, we've created a delicious, reduced and calorie Elderflower Tonic Water. A refreshing floral variation of our Premium Indian Tonic Water but with 32% fewer calories. Enjoy this summery twist on a classic G&T or as a sophisticated soft drink.","Carbonated Spring Water, Sugar, Fresh Elderflower Extract, Acid: Citric Acid, Natural Flavours, Natural Quinine",Use directly,"Store in a cool, dry place.",Gloucestershire,150,ml
Hoegaarden White Beer 4.9% Can (330ml),29000,VND,"Created by monks in 1445, Hoegaarden comes from the Belgian village of the same name, famous for its fine wheat fields. Unique unfiltered technique, creating a white, pure, smooth foam layer, when pouring out like clouds flowing smoothly.","Water, barley malt, wheat, hop, coriander, orange peel and yeast","1. Chill
2. Pour two-thirds
3. Swirl
4. Top off and enjoy!","Storage in dry cool place avoiding direct sunlight, excessive heat and freezing",,330,ml
Coronita  Extra Beer 4.5% Bottle (207ml),0,VND,"Corona's superior taste profile is due to the fact that our brewers take great care to use only the best ingredients available, made with the finest quality blend of filtered water, malted barley, hops, and yeast.
The unmistakable colour, the one-of-a-kind taste, the unparalleled flavor of relaxation makes it 'la cerveza mas fina', made for gathering with friends.","Water, Barley Malt, Maize, Hops",Drink directly,"Store in a cool, dry place, away from direct sunlight.",Corona,207,ml
Monster Energy Sleek Can (355ml),26000,VND,Monster Energy Sleek Can (355ml),"Saturated Water CO2, Sucrose, Grape Sugar Extract, Ginseng Extract",Can be used instantly.,"Store at room temperature, in a cool, dry place.",,355,ml
Tipco Juice Coconut (1L),0,VND,"- Tipco Coconut Water (1 Liter) with natural ingredients is produced according to modern technology lines under strict inspection process, so it preserves all natural nutrients from fruits and brings fresh taste. new.
- The cool sweetness and aroma of coconut bring you a feeling of lightness and refreshment when enjoying.
- Is a refreshing drink that helps replenish vitamins and minerals good for the body, rich in vitamins and antioxidants, will help promote health and help rejuvenate your skin. Using the product is a quick way to rehydrate the body when exercising or playing sports.
-In addition, the composition of the product does not contain harmful chemicals, ensuring safety for consumers' health.",Tipco 100% juice with natural ingredients,"Ready to drink, more delicious when drinking cold.","Store at room temperature, in a cool, dry place.",,1,L
Tipco Juice Aloe Vera And White grape (1L),66000,VND,"- Tipco 1 Liter aloe vera and white grape juice are imported directly from Thailand with natural ingredients, rich in nutrients, completely free of preservatives, ensuring safety for consumers' health.
- Juice contains vitamins A, C and E that act as antioxidants - substances that help the body fight free radicals to avoid premature skin aging and cancer, giving you a smooth skin. membranous and full of life.
In addition, aloe vera and grapes both contain vitamin B1 and folic acid (folate) and essential nutrients for the body such as calcium, potassium, magnesium, chromium, sodium, copper, zinc and selenium to help enzyme cells. stay healthy and help your metabolism work better. The fiber in the juice has the effect of increasing waste in the digestive system, stimulating excretion, and supporting digestion. In addition, calcium helps form strong bones and teeth.",Tipco 100% juice with natural ingredients,"Ready to drink, more delicious when drinking cold.","Store at room temperature, in a cool, dry place.",Thailand,1,L
Tipco Juice Orange (1L),0,VND,"- Tipco Orange Juice (100%) 1 liter is a product with safe ingredients, discreet packaging, delicious taste and rich in nutrition.
The product has carefully selected ingredients, does not contain harmful chemicals, and is safe for users. Products are manufactured on modern technological processes, are strictly censored, quality assurance and this is also a popular product in the market.
- Juice has a delicious taste of carefully selected natural ingredients, which will bring you great entertainment and enjoyment with friends or relatives.
- The product helps the body replenish water, replenish energy, many beneficial vitamins, especially vitamin C, help dispel thirst and fatigue. Juice is suitable as a daily nutritious drink, giving you a healthy body and vibrant skin.",Tipco 100% juice with natural ingredients,"Ready to drink, more delicious when drinking cold.","Store at room temperature, in a cool, dry place.",,1,L
Tipco Apple Mix Juice (1L),50000,VND,"- Mixed Apple and Fruit Juice (40%) Tipco 1 Liter is a product from Thailand. The juice is made from safe ingredients, has a delicious taste, rich in nutrition and is canned. beautiful, discreet.
- No preservatives are used due to the packaging with aseptic system
- Contains a lot of vitamins A, C and many other nutrients
- Helps replenish water, replenish energy quickly, help dispel the feeling of fatigue and sluggishness immediately.",Tipco 100% juice with natural ingredients,"Ready to drink, more delicious when drinking cold.","Store at room temperature, in a cool, dry place.",Thailand,1,L
Tipco Juice Berry Mix Juice (1L),51000,VND,"- Tipco Berry and Fruit Juice (40%) 1 Liter has carefully selected ingredients, does not contain harmful chemicals, safe for users.
- Products are manufactured on modern technological process, strictly censored, quality assurance and this is also a popular product in the market.
- Juice has a delicious taste of carefully selected natural ingredients, which will bring you great entertainment and enjoyment with friends or relatives.
- The product helps the body replenish water, replenish energy, many beneficial vitamins, especially vitamin C, help dispel thirst and fatigue.
- Juice is suitable as a daily nutritious drink, giving you a healthy body and vibrant skin.",Tipco 100% juice with natural ingredients,"Ready to drink, more delicious when drinking cold.","Store at room temperature, in a cool, dry place.",,1,L
Tipco Juice Kiwi Mix Juice (1L),51000,VND,"- Tipco 1 liter kiwi and mixed fruit juice has a carefully selected source of ingredients with ingredients including Kiwi juice concentrate (15%), grape juice concentrate (14%), water Concentrated apple juice (11%). The product is manufactured on a modern technological process, does not contain harmful chemicals, and is safe for users.
- Kiwi juice helps the body to replenish water, replenish energy, many beneficial vitamins, help dispel thirst and feelings of fatigue. Juice is suitable as a daily nutritious drink, giving you a healthy body and vibrant skin.
The product contains the antioxidant E300, which helps to neutralize free radicals - natural substances that attack cells and DNA, preventing or slowing some forms of cell damage.
- Kiwi juice is rich in vitamin E, so it has the ability to reduce, erase wrinkles and reduce the harmful effects of ultraviolet rays, which cause skin cancer.",Tipco 100% juice with natural ingredients,"Ready to drink, more delicious when drinking cold.","Store at room temperature, in a cool, dry place.",,1,L
Tipco Juice Vegetable and Fruit Juice (1L),66000,VND,"- Tipco Mixed Fruit and Vegetable Juice (1 Liter) with main ingredients including carrot, orange, tomato, celery, passion fruit, pineapple juice.
- The drink helps supplement Vitamins A, C, minerals, rich in fiber to help enhance vision, support the heart and metabolism of substances in the body. For office workers, fruit juice will be a magical drink to relieve stress, cool the body and keep fit.
- In addition, the bottles of pure, delicious and healthy fruit and vegetable juice are also suitable for taking care of the health of the loved ones in your family.
- Supplement vitamins and fiber for the body.",Tipco 100% juice with natural ingredients,"Ready to drink, more delicious when drinking cold.","Store at room temperature, in a cool, dry place.",,1,L
St.Sebastiaan G.Cru Beer 7.6% Bottle (500ml),0,VND,"The beer has amber color and a layer of smooth cream foam that is not too thick but stays for a long time on the rim of the cup, making the drinker feel a delicate and warm taste, to the harmonious combination of the bitterness of the plum blossom, rich flavor and mellow feel","Water, yeast, barley mailt, hops 7.6% alcohol","Drink directly, taste better when cold, store in a dry place, avoid,strong impact","Store in a cool, dry place, away from sunlight",,500,ml
Schofferhofer Hefeweizen Wheat Beer 5% (500ml),0,VND,"Schofferhofer German Wheat Beer Hefeweizen is brewed in Bavarian tradition using wheat malt. The live yeast gives bottle ""conditioning"" guaranteeing a refreshing fruity flavour. The yeast sediment also leads to the ""cloudy"" nature of the beer.","Water, wheat malt , barley malt, hop extract, yeast",Best served chilled,"Store at room temperature, in a cool, dry place.",,500,ml
Schofferhofer Beer & Grapefruit 2.5% (330ml),0,VND,A 50/50 blend of Schöfferhofer Hefeweizen beer and natural carbonated grapefruit flavor for a zesty and fizzy taste experience.,"50% German Hefeweizen (German wheat beer). 50% carbonated grapefruit juice and other juices. Juice is made from 100% natural ingredients. 2.5% alcohol. Comes in various containers (can, bottle, half keg, keg). Made in Germany. Ingredients List. Wheat beer. Carbonated grapefruit juice and other juices.",Best served chilled,"Store at room temperature, in a cool, dry place.",Germany,330,ml
Radeberger Pilsner Draft Beer 4.8% (330ml),0,VND,"Full-bodied, moderate hop bitterness and is clear, pale golden color with fine, creamy foam, predominant hops taste with pleasant, subtly distinct note of bitterness","Water (soft, from own well) hops (balanced mix of bitter and aromatic hops) malt (from choice barley) yeast (bottom-fermented)",Best served chilled,"Store at room temperature, in a cool, dry place.",,330,ml
Te Te White Ale Craft Beer (330ml),80000,VND,"Te Te White Ale is a wheat beer; light and refreshing brewed with wheat malt, orange peel and a touch of coriander","Malt, Wheat, Oats, European hops, orange peel & spices",Best served chilled,"Store cool, best ,<4 C, in a cool, dry place. Avoid the sun. Best use <10 C",,330,ml
Bia St.Sebastiaan Dark 6.9% chai (500ml),0,VND,"The most premium beer for those who want to explore and enjoy it, St.sebastiaan beer has a rich amber color, an attractive brown color, The beer has a roasted malt aroma, along with the aroma of the spices. fruits, herbs.","Malt, yeast, bread flavored with chocolate, alcohol 6.9%","Drink directly, taste better when cold, store in a dry place, avoid,strong impact","Store in a cool, dry place, away from sunlight",,500,ml
Hongsamjin Gold Red ginseng Water (100ml),30000,VND,"Made from Red Korean Gingsen 6 year olds, HONGSAM JIN GOLD Support to improve health, reduce fatigue.","Red Ginseng extract, Purified water, liquefied
sugar, fructo-oligosaccharide, jujube extract, caramel color, Taurine, Chinese grape extract, cinnamon extract, food flavor (mixture of herbs and ginseng), citric acid, dried ginger extract, reishi mushroom extract, deer antlers extract.","• Drink 1 bottle everyday day.
• Drink directly, more delicious when drinking cold.","Cool and dry place, avoid sunlight.",Taurine,100,ml
Condition Extract Hovenia dulcis (75ml),55000,VND,"Condition was formerly a famous product of CJ Group (Korea). Now, Condition has changed its appearance, but the quality and popularity of this product in Korea and Asian countries have not decreased. Condition is Korea's number 1  favorite  anti hangover drink product. Helps detoxify the liver, limiting the harmful effects of alcohol on the liver.","Hovenia Dulcis Fruit Extract (Awesome), Taurine,
Cili Fruit Extract Powder (Stir Rose Fruit), Lotus Seed Extract Powder, Yeast Extract Powder, Alanine, Vitamin B3, Purified Water, Fructose, White Sugar , citric acid, sodium citrate, malic acid, food flavor (mixed fruit and honey).","• Drink 3 bottles a day. 
• Drink directly, more delicious when drinking cold.
Shake the product gently before use.","Cool and dry place, avoid sunlight.",Korea,75,ml
Te Te Electric IPA Craft Beer (330ml),80000,VND,Te Te Electric IPA is a medium body beer with a golden orange haze. The fruity aroma is brought to life by hops and pinch of lemon zest,"Malt, American & Kiwi hops, Lemon Zest",Best served chilled,"Store at room temperature, in a cool, dry place. Avoid the sun. Best use <10C",,330,ml
Lipton Iced Tea Peach Can (6x330ml),0,VND,Lipton Peach flavoured ice tea is low in kilojoules and blends the goodness of tea with the delicious flavour of peaches. Enjoy as a refreshing drink that is low in calories with only 3.9g of sugar per 100ml.,"Water, sugar, fructose, acidifiers (citric acid, malic acid), black tea extract * (1.2g / l), peach juice from concentrate (0.1%), acidity regulator ( trisodium citrate), flavors, antioxidant (ascorbic acid), sweetener (steviol glycosides). * verified Rainforest Alliance",Serve with ice and slices of lemon.Consume within 3 days of opening,"Store in a dry place, protect from heat.",Lipton Peach,330,ml
San Miguel Negra Beer Bottle 4.19%(330ml),32000,VND,"A rich, dark beer with a balance between mild bitterness and the characteristic sweetness of roasted barley flowers. Intense caramel aroma combined with the fatty taste of beer foam","Water, malt, mighty, cereal, hops
Alcohol 4.5 - 5.2% Vol",More delicious cold drink,"Preserved in a dry, cool place, away from sunlight.",San Miguel,330,ml
Orangina Orange Juice Can (6x330ml),297000,VND,"Sparkling Orange Juice Drink with Citrus Pulp, Sugar and Sweeteners. Orangina has a unique fresh orange taste, zesty aroma and soft sparkle that’s unlocked with a good shake. We use real orange pulp together with the ingredients of citrus juices and an orange zest blend to create a refreshingly special drinking experience. This multipack contains 6 x 330ml cans, so you can enjoy delicious individual cans of Orangina with friends and family!","Carbonated Water, Sugar, Acid (Citric Acid), Flavourings (contains quinine), Colour (Anthocyanins), Extracts of Safflower, Lemon & Apple.","Chill your can of Orangina, so it's nice and chilly. Drop some ice cubes into a glass and make it even more inviting with a slice of orange. Pour the can of deliciously refreshing Orangina into the glass to create a sparkly orange flow and enjoy!",Store in the shade away from heat.,Sweeteners,330,ml
Lipton Ice Tea Peach Zero Sugar (1.5L),0,VND,Discover the light side of the decree! Lipton Refreshing Lipton Ice Tea in sugar-free version - a fantastic taste of iced tea with a stimulating peach juice without the sugar!,"water, black tea extract (1.4g / l), acidifying agents (citric acid, malic acid), peach juice containing concentrate (0.1%), flavoring, acidity corrector (trisodium citrate), sweeteners ( acesulfame-K, sucralose), antioxidant (ascorbic acid)",Best served chilled,"Store in a cool, dry, dark place.",,1.5,L
Bia St. Paul Triple 7.6% chai (500ml),0,VND,The beer has a very strong barley flavor thanks to the barley ingredient that is brewed at a concentration 3 times higher than other beers,"Water, yeast, barley mailt, hops 7.6% alcohol","Drink directly, taste better when cold, store in a dry place, avoid,strong impact","Store in a cool, dry place, away from sunlight",Paul,500,ml
Hutgaesoo Dry Raisin Water (500ml),26000,VND,"Oriental raisin juice HUTGAESOO 500ml SUGAR FREE - CHOLESTEROL - NO FAT - NO CALORIS. Combined with Tapioca and Licorice extracts, HUTGAESOO Oriental Raisin Water brings a new concept with a Herbal drink that is both cooling and anti-oxidant. Refreshment, body heat.","Water, Grape extract, Tapioca extract, Mixed Tea flavor,
HC Herb mixed extract, Nicotinamide, MF-140013 Synthetic Tea flavor, Licorice extract.","Open and drink, more delicious when drinking cold.
After opening, store the product at 0 °C to 10 °C .","Store in a cool, dry place, away from direct sunlight. Do not preserve by moisture or freezing.",,500,ml
7 Bridges Imperial IPA 9.0% Bottle (330ml),0,VND,"Full of intense and fruity hop aromas, this bright ale is everything a true hophead loves. Masterfully executed without compromise, extra strong, perfectly balanced, and made with all natural ingredients. 
Type: Wheat beer  9,0% ABV - 50 IBU","Hops, Barley Malt, Sugar cane, water, yeast",Pairing with:Meat and fried dish,Must store below 6°C,Sugar,330,ml
Belgo Amber 5.1%,55000,VND,"Highly drinkable Belgian beer with light
notes of caramel, dried fruit, bread
and toffee. Medium white silky head,
unfiltered","Hops, Barley, Cereals, Yeast & Water",Best served chilled,"Store at room temperature, in a cool, dry place.",,,
Belgo Blonde 5.9%,55000,VND,"Blond beer with a rich foam collar and a
fruity bouquet brewed with two different
kinds of malt, two aromatic varieties of
hops and one secret herb that gives the
beer its inimitable taste","Hops, Barley, Cereals, Yeast & Water",Best served chilled,"Store at room temperature, in a cool, dry place.",,,
7 Bridges Dragon 3 Coil IPA 4.8% Btl (330ml),0,VND,"Inspired by Danang's fire breathing Dragon Bridge and its 3 golden coils, this session style IPA is bursting with three fragrant hops and three rich malts. Smooth enough to enjoy three in a row.  Type: Session IPA , 4.8% ABV -32 IBU","Hops, Barley Malt, Sugar cane, water, yeast",Pairing with: BBQ & seafood,Must store below 6°C,Sugar,330,ml
Belgo Cherry Ale Bottle (330ml),70000,VND,Belgo Cherry Ale Beer (330ml) is a well-known craft beer brewed in the Belgian style. It offers an exceptional flavor with an alluring aroma harmoniously blended with a refined sweetness. ABV 3.5%,"Barley malt, hops, and cherry.","Drink directly, after chilling.","Store at room temperature, in a cool, dry place.",,330,ml
HeartDarkness Kurtz's Insane IPA 7.1% (330ml),0,VND,"A true hop-head's delight. Pours medium amber. Vibrant aroma with grapefruit and piney tones. Seven kinds of hops deliver a full blown assault on your taste buds, with pomelo and citrus leading the charge. Finishes with a tight, pleasant bitterness.","Walter, malt, hops, yeast","Our craft beer need to be stored in cold room with temperature from 6 Celsius to 8 Celsius degrees, except for our can, normal temperature & avoid direct sunlight should be good enough.",Use directly & better when it's,,330,ml
Pasteur Street Jasmine IPA 6.5% Can 330ml,0,VND,"Pasteur Street's flagship beer! The most popular and best-selling IPA in Vietnam since its inception, this unfiltered IPA showcases 3 hop varietals, most notably Citra. Locally sourced, dried jasmine flowers are added during the boil to imbue the brew with a wonderful aroma","Water, Barely, Hops and Yeast",Best served chilled,Store cold temperature,Vietnam,330,ml
Maeloc Sidra Strawberry Flavor Alc. 4% (330ml),98000,VND,"Cider Maeloc Fresa 330ml with light pale pink color, Cider Maeloc Fresa 330ml is a combination of apple and strawberry, made from apples grown naturally by Organik process in Galicia, Spain to create attractive flavor. The lightness of the apple accompanied by the sweet and sour taste of the strawberry will stimulate the taste buds more than ever.","Fermented apple juice (94%), strawberry juice (6%)",Cider Maeloc Sidra Fresa main ingredient is fermented apple juice combined with strawberry flavor. Has a 4% alcohol content suitable for both men and women.,"Store at room temperature, in a cool, dry place.",Spain,330,ml
Cider Maeloc Mora 330ml,98000,VND,"Cider Maeloc Sidra Pera is one of the cider lines of Spain that is quite easy to drink and easy to enjoy. The flavors of these Maeloc bottles really conquer the taste of the drinker. The beer is fragrant with the apple scent that is fermented thoroughly, combined with the Vietnamese flavor. Maeloc really captures the drinker with its own qualities. Beer possesses 4% alcohol content and a beautiful shiny yellow color. Beer has a mild aroma, not too harsh, creating a more pleasant feeling when enjoyed.","Fermented apple juice (94%), blackberry juice (6%)",Cider Maeloc Sidra Mora main ingredient is fermented apple juice combined with pineapple and pear flavor. Has a 4% alcohol content suitable for both men and women.,"Store at room temperature, in a cool, dry place.",Spain,330,ml
Platinum Golden Beer Can 5% (330ml),46000,VND,"This beloved Craft features select grains of malted barley and wheat.  Expect delightful crisp bitterness, balanced by a malt-forward profile and hints of rich toffee and caramel.  Brewed naturally with yeast, which may settle at bottom of can.","Water, malt, yeast and hops","Platinum Golden can with 360 full lid is suitable for outdoor events, picnics, mountain climbing or family party,... Taste better when cold","Store in a cool, dry place. Avoid from direct sunlight or being frozen",,330,ml
Clausthaler Unfiltered Non- Alc. Beer (330ml),0,VND,"Non alcohol dry- hopping, where a special kind of savory hops is added to the brew after fermentation, with the historic German Zwickel tradition of unfiltered brewing. The result is a rich, naturally brew with crisp bitter notes, a touch of sweet malt and a golden color","Water, Barley Malt, Hops, Hop Extract, Yeast",Best served chilled,"Store at room temperature, in a cool, dry place.",,330,ml
Clausthaler Lemon Non- Alc. Beer (330ml),0,VND,"Clausthaler Lemon, the pioneer of non-alcoholic beer puts forward a sunny mix of 40% Clausthaler Classic and 60% lemonade. The tasty shandy is bottom-fermented and refreshing. It blends Clausthaler’s trademark hoppy lager taste with a vibrant, zesty finish, all presented in an inviting, light-golden color.","Lemonade (Water, Sugar, Carbonic Acid, Acid: Citric Acid, Natural Flavor), Non-Alcoholic Beer (Water, Barley Malt, Hop Extract, Fermentation Carbon Dioxide)",Best served chilled,"Store at room temperature, in a cool, dry place.",,330,ml
Clausthaler Original Non- Alc. Beer (330ml),0,VND,"Non alcohol genuine real beer taste is well-balanced, fresh, and easy to drink, with a creamy feel on the palate and a pleasing color","Water, hops, yeast and barley malt with a little oomph provided by hop extract.",Best served chilled,"Store at room temperature, in a cool, dry place.",,330,ml
Schofferhofer Hefeweizen Dunkel Beer 5% (500ml),0,VND,"Cloudy, tawny brown body beneath a full head of creamy off-white foam that holds exceptionally well and leaves some very nice lacing behind. Caramelish, wheaty malt and soft apple dominate the aroma with only subtle hints of banana and a gentle clove-like spice in the background. Medium bodied.",Northwestern gold malt extract. Roasted barley. Chocolate malt. Black patent. Hallertauer hops Irish Moss. Bavarian wheat lager yeast. Corn sugar,Best served chilled,"Store at room temperature, in a cool, dry place.",,500,ml
East West Pacific Pilsner Beer Bottle 5% (330ml),0,VND,"Using all barley malt with generous amounts of modern hops for a lively burst of aroma, our award-winning Pacific Pilsner will be welcome to those who seek light easy to drink beer.","water, yeast, hops, malt",Best served chilled,"Keep in a cool, dry place away from exposure to direct sunlight",West,330,ml
FuzzyLogic Pale Ale 5.4% Draught Beer 330ml,0,VND,"A aromatic, light ale. It is brewed to be refreshing and supreme drinkability, this beer will win the hearts of craft beer enthusiasts with the light taste, crisp body with a dry and refreshing finish. Maltiness and bitterness are very well balance to create a beer that easy to drink and highly sessionable","Water, Malt and Hop","Drink directly, taste better when using cold","Keep in dry and cool place. Avoid sunlight and freezing,",,330,ml
Lavie Sport Cap (750ml),9000,VND,"LaVie Natural Mineral Water 750ml with convenient & easy-open sport cap helps you quickly hydrate your body during sport, gym or outdoor activities, fitting your active lifestyle. 

Unlike other electrolyte water (man-made alkaline water) which is produced by water electrolysis process, La Vie is 100% naturally alkaline with pH=8, helps to bring your body back to balance.",Natural mineral water,Can be used instantly.,"Keep in a cool, dry, clean place, away from direct sunlight, strong odours or chemicals",,750,ml
FuzzyLogic Pale Ale 5.4% Draught Beer (330ml),0,VND,The first craft beer to appear in the Vietnam craft beer scene. It is brewed with caramel malts in a classic pale ale style. Medium bodied ale with a slight fruity taste and toasty maltiness. Finishes semi-dry with a tastefull and clean bitterness,"Water, Malt and Hop","Drink directly, taste better when using cold","Keep in dry and cool place. Avoid sunlight and freezing,",Vietnam,330,ml
Sunraysia Juice Prune (250ml),0,VND,"Prunes Juice is a source of dietary fibre, which helps keep your digestive system running at its best; potassium, which contributes to normal nervous system function and source of iron which contributes to normal cognitive function. Like a good wine, our Prune juices varies from season to season – that’s because it’s all natural!",100% Prune Juice,Shake me up! Mix in the goodness.,"It keeps for 7 days once opened, but please keep it in the fridge.",Prune,250,ml
Coca Cola Japanese Version(160ml),28000,VND,Coca Cola Japan with the quintessential Original Taste has been preserved for many years by the most famous beverage company in the world. Japanese Coca Cola has a moderate gas concentration and a bolder and more delicious taste than the Coca Cola that we often enjoy.,"Sugar [HFCS liquid sugar (high fructose corn syrup), sugar], CO2, natural colorants (caramel-INS150a), acidity regulator (INS338), natural and synthetic cola flavor, caffeine.",Use it directly. Drink immediately after opening. More delicious cold drink.,"Preserved in dry, cool place.",Japan,160,ml
LaVie Natural Mineral Water Kid (330ml),0,VND,"Unique & attractive animal designs with small pack size which is easily put on schoolbag for kids, LaVie Kid 330ml is a best bottled water to replenish your beloved children with 06 essential minerals. From now they will enjoy to drink more water.
No sugar & calories, LaVie natural mineral water with 06 essential minerals is an ideal alternatives to other sugary drinks.",Natural mineral water,Can be used instantly.,"Keep in a cool, dry, clean place, away from direct sunlight, strong odours or chemicals",,330,ml
Lavie Premium (400ml),9000,VND,"With elegant & premium design, LaVie mineral water 400ml is the perfect drink for your fine dining. With pure, light mineral taste, LaVie enhances the taste of food, bringing you a sophisticated culinary experience.
No sugar & calories, LaVie natural mineral water with 06 essential minerals is an ideal alternatives to other sugary drinks, helping you maintain your healthy lifestyle",Natural mineral water,Can be used instantly.,"Keep in a cool, dry, clean place, away from direct sunlight, strong odours or chemicals",,400,ml
Coca Cola Japanese Version(300ml),52000,VND,"Coca Cola Japan with the quintessential Original Taste has been preserved for many years by the most famous beverage company in the world. Japanese Coca Cola has a moderate gas concentration and a bolder and more delicious taste than the Coca Cola that we often enjoy. Japanese Coca Cola cans with a capacity of 300ml are packaged as aluminum cans with screw-on lids very easily. use. The outstanding feature of Japanese Coca-Cola is the screw cap shape, the screw cap compared to the normal lid is that we can keep the taste much better after opening the can without using it all.","Sugar [HFCS liquid sugar (high fructose corn syrup), sugar], CO2, natural colorants (caramel-INS150a), acidity regulator (INS338), natural and synthetic cola flavor, caffeine.",Use it directly. Drink immediately after opening. More delicious cold drink.,"Preserved in dry, cool place.",Japan,300,ml
Rauch - Happy Day Apple Juice (1L),0,VND,"Rauch is a premium fruit juice brand From Austria & now is one of the leading fruit juice company in Europe with more than 100 years of history.
  Rauch - Happy Day stands for a unique taste experience of highest quality. The wide range of product take you through a joyride of different flavors. From classics like Orange or Apple to exotic one like Pink Guava, Strawbery, Cherry, Cranberry. Rauch - Happy Day is also carries V-label & 100% vegan.",100% Apple Juice from concentrate. - Nutritional ingredients: Energy 46 kcal; Fat < 0.5 g; Carbohydrates 11.3 g; Protein < 0.5 g; Salt < 0.01 g.,"Use directly, more delicious when used cold - Warning: Do not use the product after the expiry date",Store in a cool and dry place,Austria,1,L
Rauch - Happy Day Orange Juice (1L),0,VND,"Rauch is a premium fruit juice brand From Austria & now is one of the leading fruit juice company in Europe with more than 100 years of history.
  Rauch - Happy Day stands for a unique taste experience of highest quality. The wide range of product take you through a joyride of different flavors. From classics like Orange or Apple to exotic one like Pink Guava, Strawbery, Cherry, Cranberry. Rauch - Happy Day is also carries V-label & 100% vegan.","100% Orange Juice from concentrate. - Nutritional ingredients: Energy 45 kcal; Fat < 0.5 g; Carbohydrates 9.4 g; Protein 0.7 g; Salt < 0.01 g, Vitamin C 32 mg.","Use directly, more delicious when used cold - Warning: Do not use the product after the expiry date",Store in a cool and dry place,Austria,1,L
Rauch - Happy Day Strawberry Juice (1L),105000,VND,"Rauch is a premium fruit juice brand From Austria & now is one of the leading fruit juice company in Europe with more than 100 years of history.
  Rauch - Happy Day stands for a unique taste experience of highest quality. The wide range of product take you through a joyride of different flavors. From classics like Orange or Apple to exotic one like Pink Guava, Strawbery, Cherry, Cranberry. Rauch - Happy Day is also carries V-label & 100% vegan.","Water, strawberry puree, sugar, apple puree concentrate, multifruit
  juice concentrate (strawberry, apple, lemon), colour from fruit and vegetable
  concentrate (black currant, black carrot), acid: citric acid; aroma. - Nutritional ingredients: Energy 54 kcal; Fat < 0.5 g; Carbohydrates 12.5 g; Protein < 0.5 g; Salt < 0.01 g.","Use directly, more delicious when used cold - Warning: Do not use the product after the expiry date",Store in a cool and dry place,Austria,1,L
Heritage Blonde Ale Beer Bottle (330ml),0,VND,"With its bright, refreshing and flavorful colors, Heritage Blonde Ale is the perfect beer for a day on the beach or an evening with friends. Brewed with the king of fragrant hops, gives a mild pungent, floral and fruity flavor to a great beer.
Type: Golden Beer 
5 % ABV - 18 IBU","Hops, Barley Malt, Sugar cane, water, yeast",Pairing with:Pairs well with almost everything,Must store below 6°C,Sugar,330,ml
Sunset Tangerine Beer Bottle (330ml),0,VND,"A combination of Pilsner and Wheat Malts with a classic Hop that add hints of floral and spice. 
It then gets a hefty addition of fresh local Tangerines that deliver a beautiful refreshing fragrance and citrus blast.                                                      
Type: Wheat beer   4.2% ABV - 14 IBU","Pilsner and Wheat Malts, Fresh Tangerines, Hops, Barley Malt, Sugar cane, water, yeast","Pairing with: Pairs well with Vietnamese food, seafood and summer favorites",Must store below 6°C,Sunset,330,ml
San Miguel Light Beer Can 5% (550ml),27000,VND,"A light, low-calorie beer with a mellow taste and signature aroma. The low calorie content makes San Mig Light easy to drink, less bloated, and gentle on the stomach. It is the perfect choice for moments of comfortable beer drinking, enjoying fun with friends, 5 degree alcohol content.","Water, malt, mighty, cereal, hops
Alcohol 4.8 - 5.04% Vol",More delicious cold drink,"Preserved in a dry, cool place, away from sunlight",San Miguel,550,ml
Saigon Cider Apple & Ginger Cider 4.7% (330ml),68000,VND,"Quality ingredients + hygeinic processes = Long shelf-life
A glass of Cider delivers the same amount of Antioxidants as a glass of red wine, which is recognized as having many health benefits.
Unlike beer, cider won’t leave you feeling sleepy and bloated, in fact a cold cider can leave you feeling light & refreshed.
Cider can be an excellent source of vitamin C
Environmentally friendly, do not use plastic in any product packaging","99.08% fermented apple juice, 0.2% fermented ginger juice",Best served chilled,"Store at room temperature, in a cool, dry place.",Antioxidants,330,ml
Fiji Natural Mineral Water (500ml),36000,VND,"Fiji's distinctive taste has been established over the years. It takes a long time for tropical rains to seep through ancient volcanic rocks and absorb natural silica, the mineral that makes Fiji's signature soothing taste. The water sourced from the groundwater circuit is deep in the ground, Fiji water is not affected by humans, until the customer opens the lid.",100% natural mineral water in Fiji Island Nation,"In the island nation of Fiji, rainwater slowly penetrates volcanic rocks over hundreds of years, bringing with it the minerals necessary for life to create a unique fresh flavor for FIJI drinking water. The water source is exploited from the aerine deep in the ground, where the water is protected from the external environment. A natural drinking water formation process is expected",A cool place away from the sun.,Fiji,500,ml
Fiji Natural Mineral Water (1L),65000,VND,"Fiji's distinctive taste has been established over the years. It takes a long time for tropical rains to seep through ancient volcanic rocks and absorb natural silica, the mineral that makes Fiji's signature soothing taste. The water sourced from the groundwater circuit is deep in the ground, Fiji water is not affected by humans, until the customer opens the lid.",100% natural mineral water in Fiji Island Nation,"In the island nation of Fiji, rainwater slowly penetrates volcanic rocks over hundreds of years, bringing with it the minerals necessary for life to create a unique fresh flavor for FIJI drinking water. The water source is exploited from the aerine deep in the ground, where the water is protected from the external environment. A natural drinking water formation process is expected",A cool place away from the sun.,Fiji,1,L
Yona Yona Ale Beer ABV5.5% (350ml),0,VND,"Yona Yona (""every night"" in Japanese) Ale is a American Pale Ale (APA) style beer brewed by Yo-Ho Brewing Company in Nagano-ken Kitasaga-gun, Japan. It is brewed with a generous amount of premium Cascade hops. Its uniqueness have been attracting a popularity among Japan’s beer fans and made it into the most renowned craft beer in Japan.
Not only is it rich in citrus flavor but also the balance of bitter and sweet taste will make you want to sip and enjoy this beer every night.","Malt, cascade hop",Use directly. The recommended drinking temperature for Yona Yona ale is 13°C,Keep in a cool dark place,Japan,350,ml
Cider Maeloc Pina & Pera 330ml,0,VND,"Cider Maeloc Pina & Pera is a combination of fermented apple and pineapple. The apple stick flavor of the apple, combined with the mildly acidic taste of the pineapple, results in a nutty flavor. With 4% alcohol content, Cider Maeloc Pina & Pera is suitable for everyone. The taste is sweet, not too bitter and harsh, enough to make the drinker slowly feel and conquer.","Fermented apple juice (70%), pineapple juice (20%), pear juice (10%)",Cider Maeloc Sidra Fresa main ingredient is fermented apple juice combined with pineapple and pear flavor.,"Store at room temperature, in a cool, dry place.",,330,ml
1906 Reserva Especial Beer Bottle (330ml),46000,VND,"Beer is the impressive combination of hops & barley, in which the aroma of roasted malt aroma, the aroma of roasted malt and the subtle aroma of caramel and coffee is highlighted. 1906 Reserva Especial owns a beautiful amber brown color, adorned with a layer of fine white foam to create a unique quality for beer. Not to mention the rich, rich aroma and the seductive bitterness inside every sip of the beer, The roasted flavor dominates the palate, with hints of a pleasant warmth, well integrated. with every drink. Beer is made from a specific herb in the exclusive production center, the Hijos de Rivera in A Coruña. It has one of the longest aging periods among the national lager.","Nước, mạch nha lúa mạch, ngô và hoa bia","Beer 1906 possesses a beautiful amber brown yellow, adorned with fine white foam to create a unique quality for beer. It is also impossible not to mention the rich aroma, rich taste and charming bitterness inside each sip of beer. With an alcohol content of 6.5% 1906, it brings an extremely impressive and unique experience of taste for users.","Store at room temperature, in a cool, dry place.",Rivera,330,ml
Estrella Galicia Cerveza Especial 5.5% (330ml),46000,VND,"Estrella Galicia Cerveza Especial is known as a beautiful and extremely attractive lager line with smooth and thick foam, Estrella Galicia beer has the flavor of barley and malt and possesses gentle, pure flavor smoothness of the same dried fruits. Beer with a neutral and mild palate flavor, these Estrella Galicia flavors have a strong appeal to the user. It takes brewers about a month a month to do it, half of this time is spent on cold storage, so beer conquers many consumers.","Nước, mạch nha lúa mạch, ngô và hoa bia","Beer possesses a light flavor of some dried fruits and nuts. Neutral and mildly flavored beer on the palate, the flavors of these Estrella Galicia types create a strong appeal for the savorer.","Store at room temperature, in a cool, dry place.",,330,ml
Kronenbourg 1664 Red Fruits Beer (6x250ml),0,VND,"1664 flavored Red Fruits (or Fruits Rouges) Beer is perfectly balance between the freshness of a white beer and the fruity notes of red fruits: blackberry, strawberry, elderberry with a dominance of raspberry.","Water, barley malt, sugar, glucose syrup, concentrated blackberyy juice (1.66%), concentrated rasperyy juice (0.1%), natural aroma, acidifier: citric acid, hop extract, orange peel.",Serve with summer salads.,Store at 4-6 °C,,250,ml
VOSS Artesian Pure Natural Mineral Water (500ml),0,VND,"VOSS Artesian is a premium natural mineral water sourced from a pristine artesian well in southern Norway. The water is naturally filtered through layers of rock and sand, ensuring purity and a uniquely refreshing taste. With a very low TDS (Total Dissolved Solids) content, VOSS provides a crisp, clean drinking experience.

Featuring high-quality glass and PET plastic bottles, VOSS Artesian not only stands out for its elegant appearance but also offers convenience for daily use, as well as for upscale events and spaces. Available in over 50 countries, it has become a symbol of luxury and sophistication, popular in high-end restaurants, hotels, and bars worldwide.

VOSS is also committed to environmental protection through sustainable initiatives, making it not only a choice for quality but also for a responsible lifestyle.","Artesian Water,Carbon Dioxide,Sodium Bicarbonate",Natural drinking water,Store away from heat and humidity.,Norway,500,ml
La Bete 8% Beer (330ml),0,VND,"The Beast was born in 2008, at a time when the term ""craft beer"" was not yet heard everywhere. Its creator wanted to create a beer to his taste, original and character that he could not find despite his peregrinations.","water, barley and wheat malt, hops, sugar, spices.",Best served chilled,"Store in a cool, dry place.",,330,ml
Jade Amber 4.5% Organic Beer (6x250ml),0,VND,"Jade is a unique, light and refreshing lager. You will fall under the spell of its light bitterness and the gentle notes of grain.","Water, barley malt , hops (* from organic farming)","In a special JADE glass, rinsed and not dried, at a temperature of +/-6°C",stored in a dry and cool place away from sunlight,,250,ml
Mort Subite Witte Lambic 5.5% Beer (330ml),0,VND,"A rare sort of light fruity Belgian lambic, prepared according to the original old recipe. The drink is a young and unfiltered unpasteurized beers natural fermentation, brewed from hops 3-year exposure, barley malt (60%) and unmalted wheat (40%) with the addition of chopped dried apricots, peel and coriander. Period main fermentation takes to h months. Maturation and subsequent exposure are carried out over 3 years in wooden barrels of wine.","Wheat, Barley, Hop, Fruit","Drink good pure as an aperitif. It can be easy to offer salads, desserts and chocolate.",Store at 4-6 °C,Barley,330,ml
Pocari Sweat Supply Drink Bottle(350ml),13000,VND,"POCARI SWEAT is a healthy drink by replenishing water and ion which body consumes every day. With the correct water and ion content, POCARI SWEAT provides quick and exactly what the body needs. When it comes to rehydration, POCARI SWEAT helps quenche the thirsty, which is the right choice for health.","Water, sugar, flavorings, citric acid, sodium citrate, sodium chloride, potassium chloride, DL-macid acid, calcium lactate, glucono-delta-lactone, magnesium carbonate, vitamin C","Better when drink in chilled condition
Drink promptly after opening","Refrigerate after opening
Storage at a dry, cool place, avoid direct sun
Caution: Freezing may damage this container causing contents to leak",Delta,350,ml
Fischer Amber 6.3% (660ml),0,VND,"Fischer Doreleï is an Alsatian amber beer that offers a beautiful balance between a sweet bitterness and subtle notes of caramel, honey and spices. Developed in the great Alsatian brewing tradition, Fischer Doreleï is a real tasting beer. It brings together the taste of the authentic and know-how inspired by an ancestral manufacturing process, but also a breath of audacity and creativity. Fischer beer has been brewed in Alsace since 1821. Today, it is famous throughout France, with Fischer Tradition (blonde pilsner), Fischer Doreleï (amber pilsner), and Fischer Trois Houblons Alsaciens (blonde ale). All are brewed with ingredients from local and sustainable agriculture.","water, BARLEY malt, glucose syrup, sugar, natural flavors, hop extracts",Ready to use,"Store in a cool, dry place, away from direct sunlight.",France,660,ml
Belgo Session IPA ABV 4.9% Bottle (330ml),55000,VND,"Session IPA is a low alcohol but a full
IPA taste beer. Using 5 different hops
to create a tropical and citrus fruit
taste, combined with a typical
malt sweetness to optimise and round
the bitterness","Hops, Barley, Cereals, Yeast & Water",Best served chilled,"Store at room temperature, in a cool, dry place.",,330,ml
Belgo Fullmoon 10%,0,VND,"Dark ale made of 8 spices offering herbal bouquet flavors, consistent with the aromas and intensely rising through the palate, followed by a long lasting sweet mouthfeel and enhanced by a light cookie taste. Warm finish, lingering delicately. Well balanced while complex, this unique and mysterious beer is exclusively brewed at night while the moon is full","Hops, Barley, Cereals, Yeast & Water",Best served chilled,"Store at room temperature, in a cool, dry place.",,,
Saigon Cider Original Apple Cider 4.7% (330ml),0,VND,"Quality ingredients + hygeinic processes = Long shelf-life
A glass of Cider delivers the same amount of Antioxidants as a glass of red wine, which is recognized as having many health benefits.
Unlike beer, cider won’t leave you feeling sleepy and bloated, in fact a cold cider can leave you feeling light & refreshed.
Cider can be an excellent source of vitamin C
Environmentally friendly, do not use plastic in any product packaging",100% fermented apple juice,Best served chilled,"Store at room temperature, in a cool, dry place.",Antioxidants,330,ml
Contrexeville Contrex Mineral Water EAU Pet (1.5L),0,VND,"If Contrex ® natural mineral water is so famous, it is thanks to its unique minerality recognized by the Academy of Medicine for more than 100 years . Discovered and springing up in the heart of the Vosges, its original purity and its natural richness in minerals make it an ally of choice for taking care of your body by helping it to recharge in Calcium and Magnesium.",Analysis in mg / l: Calcium 468 / Magnesium 74.5 / Sodium 9.4 / Sulfate 1121 / Bicarbonate 372 / Dry residue at 180 ° C 2078. pH = 7.4.,"It is used therapeutically to the thermal baths, for the treatment of diseases of the gastrointestinal tract and urinary tract infections, metabolic disorders, promotes weight loss.","To preserve its minerality and taste, this water is stored away from frost, heat and odors""",Vosges,1.5,L
Hoegaarden Rosee Beer Can (330ml),0,VND,Hoegaarden Rosee is inspired by the tradition of drinking beer with jars. The fruit flavor remaining in the bottle gives the beer a distinctive flavor and aroma,"water, barley malt, wheat, hop, coriander, orange peel and yeast","1. Chill
2. Pour two-thirds
3. Swirl
4. Top off and enjoy!","storage in dry cool place avoiding direct sunlight, excessive heat and freezing",,330,ml
Belgo Royale ABV 10% Bottle (330ml),70000,VND,"""Top fermented abbey style beer with a natural haze and creamy head. Robust and balanced flavours with notes of ripe pineapple, peach, banana and delicate spices bouquet""","Hops, Barley, Cereals, Yeast & Water",Best served chilled,"Store at room temperature, in a cool, dry place.",,330,ml
Hoegaarden Rosee Beer Bottle (248ml),0,VND,Hoegaarden Rosee is inspired by the tradition of drinking beer with jars. The fruit flavor remaining in the bottle gives the beer a distinctive flavor and aroma,"water, barley malt, wheat, hop, coriander, orange peel and yeast","1. Chill
2. Pour two-thirds
3. Swirl
4. Top off and enjoy!","storage in dry cool place avoiding direct sunlight, excessive heat and freezing",,248,ml
Doi Khum Strawberry Juice (1L),0,VND,Perfect combination resulting in a sweet and unique sour flavored juice from Doi Kham. Rich in values ​​from vitamin A and vitamin C. Ready to provide high calcium.,"Strawberry Juice 98%, Sweetener (Maltitol Syrup) 1.5%, Calcium 0.47%, Vitamin C 0.026%, Vitamin A 0.004%, No Preservative, No Color And No Artificial Flavor Added.",Chill and shake well before serving.,"After opening, please keep in refrigerator at 2-8°C and consume within 3 days.",Calcium,1,L
Doi Khum Mixed Berry Juice (1L),0,VND,Perfect combination resulting in a sweet and unique sour flavored juice from Doi Kham. Rich in values ​​from vitamin A and vitamin C. Ready to provide high calcium.,"Strawberry Juice 45 %, Mulberry Juice 29 %, Thai Blueberry Juice 24 %, Sweetener (Maltitol Syrup) 1.86964 %, Calcium 0.11 %, Vitamin C 0.02 %, Vitamin A 0.00036 %",Chill and shake well before serving.,"After opening, please keep in refrigerator at 2-8°C and consume within 3 days.",Calcium,1,L
Doi Khum Tomato Juice (1L),98000,VND,"Tomato fruit from the royal initiative to generate sustainable income for farmers in the wilderness, creating a ""tomato route"" on the Mekong River Basin. In the northeast region of Thailand, the Royal Factory has carefully selected high quality tomatoes that are bright red in color to get a good taste of tomato juice. Full of tomato flavor",100% Tomato Juice,"Refrigerate and shake well before drinking. For better taste When opening the can, it should be replaced with another clean container.","Tightly closed, refrigerated. And should be consumed within 3 days",Thailand,1,L
Doi Khum Lychee Juice (1L),0,VND,"Hong Huay Lychee Choose to use only the harvested bunch. In order to keep fresh, juicy, sweet and put into the production process within a short time","Lychee Juice, Maltitol",drink to refresh anytime.,Refrigerate and shake well before drinking. For better taste,,1,L
Doi Khum Mango Juice (1L),0,VND,"Mango juice is full of High Vitamin A and B1. Vitamin A which maintains healthy vision.
Vitamin B1 helps the nervous system function properly and is needed for good brain function","Mango Juice 98.3%, Sweetener (Maltitol Syrup) 1.698%, Vitamin A 0.002%, No Preservative, No Color And No Artificial Flavor Added.",Chill and shake well before serving.,"After opening, please keep in refrigerator at 2-8°C and consume within 3 days.",Mango,1,L
Budweiser Budvar Beer Can (330ml),45000,VND,"Budweiser Budvar uses pure mineral water taken from self-contained wells and especially the traditional fermentation time is exactly 90 days, never shortened, without adding chemicals to accelerate chemical reactions in the entire brewing process.","Water, Malt, Hops (Flower Houblon)","Budweiser Budvar delivers the perfect flavor to every drop of beer, featuring a beautiful clear bright yellow color and a mellow bitterness that melts in the mouth.","Store in a cool place, away from sunlight",,330,ml
Budweiser Budvar Black Beer bottle (330ml),48000,VND,"Budweiser Budvar uses pure mineral water taken from self-contained wells and especially the traditional fermentation time is exactly 90 days, never shortened, without adding chemicals to accelerate chemical reactions in the entire brewing process.","Water, Malt, Hops (Flower Houblon)","Budweiser Budvar delivers the perfect flavor to every drop of beer, featuring a beautiful clear bright yellow color and a mellow bitterness that melts in the mouth.","Store in a cool place, away from sunlight",,330,ml
Budweiser Budvar Beer Mini Keg (5L),0,VND,"Budweiser Budvar uses pure mineral water taken from self-contained wells and especially the traditional fermentation time is exactly 90 days, never shortened, without adding chemicals to accelerate chemical reactions in the entire brewing process.","Water, Malt, Hops (Flower Houblon)","Budweiser Budvar delivers the perfect flavor to every drop of beer, featuring a beautiful clear bright yellow color and a mellow bitterness that melts in the mouth.","Store in a cool place, away from sunlight",,5,L
Budweiser Budvar Beer Can (500ml),57000,VND,"Budweiser Budvar uses pure mineral water taken from self-contained wells and especially the traditional fermentation time is exactly 90 days, never shortened, without adding chemicals to accelerate chemical reactions in the entire brewing process.","Water, Malt, Hops (Flower Houblon)","Budweiser Budvar delivers the perfect flavor to every drop of beer, featuring a beautiful clear bright yellow color and a mellow bitterness that melts in the mouth.","Store in a cool place, away from sunlight",,500,ml
San Pellegrino Aranciata Rossa-Red C24 (200ml),33000,VND,"The citrus fruits grow in the vast groves of southern Italy, in fertile soil enriched by Mt. Etna, enjoying the sunshine and gentle sea beeze.
They thrive on the beauty of this land and reflect all the goodness of nature enhanced by the typical Italian way of living, which is distinguished by authenticity, style, oy of life and conviviality.","Water, Organic Cane Sugar, Organic Orange Juice Concentrate, Organic Blood Orange Juice Concentrate, Carbon Dioxide, Organic Natural Orange Flavor, Organic Carrot Concentrate (for color), Natural Flavors, Citric Acid, Organic Apple Concentrate (for color), Salt, Organic Blackcurrant Juice Concentrate (for color).",Can be used instantly.,"Store at room temperature, in a cool, dry place.",Italy,200,ml
I-on Life Water (300ml),0,VND,"i-on Life is extracted from Long An natural groundwater and electrolyzed by Japan advanced technology, pH 8.5-9.5 (non-chemical). This ion alkaline water helps neutralize excess stomach acid and support digestion. i-on Liffe is proud of Vietnam Value.",Treated groundwater under high standard,Can be used instantly.,"Store at room temperature, in a cool, dry place.",Japan,300,ml
Chill Kombucha Original (330ml),80000,VND,"We are Saigon’s first premium artisanal craft Kombucha. Our brew is crafted with organic tea leaves, the highest quality natural and fresh ingredients, contains no preservatives, and is gluten-free. Chill Kombucha is loaded with vitamins, essential minerals, and living probiotics. Products support digestion, immune system, and brings health, vibrance to your skin.","Purified water, organic scoby, organic tea, sugar, ginger and natural cold-pressed juice.","Served chilled, solids are are safe to eat, do not shake.",Always keep refridgerated.,Kombucha,330,ml
Chill Kombucha Apple (330ml),80000,VND,"We are Saigon’s first premium artisanal craft Kombucha. Our brew is crafted with organic tea leaves, the highest quality natural and fresh ingredients, contains no preservatives, and is gluten-free. Chill Kombucha is loaded with vitamins, essential minerals, and living probiotics. Products support digestion, immune system, and brings health, vibrance to your skin.","Purified water, organic scoby, organic tea, sugar, ginger and natural cold-pressed juice.","Served chilled, solids are are safe to eat, do not shake.",Always keep refridgerated.,Kombucha,330,ml
I-on Life Water (1.25L),0,VND,"i-on Life is extracted from Long An natural groundwater and electrolyzed by Japan advanced technology, pH 8.5-9.5 (non-chemical). This ion alkaline water helps neutralize excess stomach acid and support digestion. i-on Liffe is proud of Vietnam Value.",Treated groundwater under high  standard,Can be used instantly.,"Store at room temperature, in a cool, dry place.",Japan,1.25,L
Hangover cure drink M9 (100ml),44000,VND,"Special formula combines Milk Thistle extract (Sylimarin) and Hovenia Dulcis Extract can helps strengthen liver function. Clear heat, cool the liver, detoxify the liver, support liver protection due to drinking many types of alcohol, drugs harmful to the liver.","Milk Thistle Extract, Bamboo Extract, Le Co_x000D_
Concentrate, Red Apple, Honey, Prickly pear concentrate, Taurine, L-Leucine, L-Isoleucine, L-Valine, L-Asparagine, Vitamin B1 (as Hydrochloride HCL), Vitamin B2 (as Riboflavin), Vitamin B3 (as Niacinamide), Vitamin B6 (as Pyridoxine HCL), Vitamin B12 (as Cyanocobalamin), Folic Acid (as Pteroymonoglutamic Acid), Zinc (as Oxide), Magnesium (as magnesium sulfate), Calcium (as Pteroymonoglutamic Acid), calciumPantothenate).Xylitol, Enzymatically Modified Stevia, Citric Acid, Trisodium Citric Acid","• Drink 2 bottles per day. 
• Shake lightly before drinking, chilled to drink better.","Store in a cool, dry place.",Taurine,100,ml
Coca Cola Original-Less sugar (1.5L),20000,VND,Coca-Cola Less sugar (1.5L),"Saturated water CO2, food coloring, acidity regulator, synthetic sweetener, preservative, natural cola flavor and caffeine.",Can be used instantly.,"Store at room temperature, in a cool, dry place.",,1.5,L
Le Fruit Kids Tropical Juice (220ml),0,VND,"In the centre of Mekong Delta, we select the most delicious and freshest fruits from local family-owned farms. Tropical juice is the combination of three kinds of fruit: mango, pineapple and passion fruit. You will experience a sense of balance in a very different way.","• 100% freshly crushed fruit including Victoria Pineapple (65%), Mango (25%), Acerola cherry (7%), Passion fruit (3%).
• Tropical juice is rich in potassium and Vitamin C. 
• No added preservatives and no added sugar.","Shake well, serve chilled",Keep in a cool & dry place. Refrigerate once opened & consume within 5 days,Victoria,220,ml
Belgo Wit Bottle (330ml),55000,VND,"This refreshing beer will charm you with its unique character. Brewed with kumquat, lime, cumin, and a careful selection of hops and malts to create the perfect balance between the fruitiness and tartness. This is the perfect thirst-quencher on a hot day","Hops, Barley, Cereals, Yeast & Water",Best served chilled,"Store at room temperature, in a cool, dry place.",,330,ml
Le Fruit Sports Sugarcane & Calamansi (220ml),0,VND,"Sugarcane juice is a natural drink popular in most tropical regions and is considered as an excellent energetic drink for SPORT
The main component of sugar cane juice is the carbohydrates (15%) represented by sucrose. The natural supply of sucrose gives your body the right amount of energy.

Some research on its effect in enhancing sports performance has been done, proving THAT INGESTION OF SUGARCANE JUICE SHOWED SIGNIFICANT INCREASE IN BLOOD GLUCOSE LEVELS DURING AND AFTER EXERCISE compared to Pure Water or artificial Sport Drinks, it enhances muscle glycogen re-synthesis.
As it also contains electrolytes, such as potassium, it has been tested for its hydrating effects. In a study with 15 cycling athletes, sugarcane juice was shown to be as effective as a sports drink in improving exercise performance and rehydration.","Sugarcane juice (97,5%) , Calamansi (2,5%) No added sugar",Drink during or after vigorous physical activity. Refrigerate after opening and consume within 5 days,Keep in a cool & dry place. Refrigerate once opened & consume within 5 days,,220,ml
Cortesa Premium Lemon (200ml),0,VND,The natural lemonade with Italian lemon juice ideal for fresh and distinctive cocktails; recommended for the signature variant of Le Pimm's or for an excellent Gin Lemon.,"Water, Sugar, 12% Lemon Juice From Concentrate, Carbon Dioxide, Acid: Citric Acid, Natural Lemon flavouring, Antioxidant: Lascorbic Acid.",Ideal for fresh and distinctive cocktails; recommended for the signature variant of Le Pimm's or for an excellent Gin Lemon.,"Store in a cool, dry place.",Sugar,200,ml
Le Fruits Sports Coconut Water Lime (220ml),0,VND,"Coconut water is also a natural popular drink in the tropical countries.
It’s a low calorie, fat and cholesterol-free and hydrating liquid found inside the young coconut.
With nickname is ""MOTHER NATURE’S SPORTS DRINK"". It is a refreshing drink with a perfect electrolyte balance to replenish lost salts due to dehydration in the sweltering summer heat. Besides being a thirst quencher, coconut water provides an array of health benefits like prevention of muscle cramps thanks to an excellent source of potassium and a good source of calcium and magnesium. Coconut water is a natural alternative to artificial sport drinks, with initial evidence indicating efficacy about maintaining hydration.
Different studies have shown that ingestion of coconut water, a natural refreshing beverage, could be used for whole body rehydration after exercise.","• The percentages of ingredients including Coconut Water harvested young (98.5%), Lime (1.5%)
• Coconut Water With Lime LE FRUIT is rich in Potassium & Magnesium.
• No added preservatives and no added sugar. Additive free and GMO free.",Drink during or after vigorous physical activity. Refrigerate after opening and consume within 5 days,Keep in a cool & dry place. Refrigerate once opened & consume within 5 days,,220,ml
Star Kombucha Pink Guava (240ml),29000,VND,"Guava is delicious typical of the West and has a very high nutritional value, contains a lot of fiber, vitamins C, A, zinc, potassium and manganese ... mixed with the sour taste of Kombucha will bring a delicious taste. unique and irresistible, is Star Kombucha Pink Guava.","Kombucha (237 ml), guava juice (8 ml), green tea, black tea, Lactobacillus","- Drink 1-2 cans per day, 30 minutes after meals, or feeling weary
- Best served chilled","Store in a dry, cool place, away from direct sunlight",West,240,ml
Star Kombucha Pomegranate Purity (240ml),29000,VND,"In pomegranate contains many antioxidants, vitamin C, Star Kombucha Red Pomegranate has the effect of beauty, strengthening the immune system and protecting health.","Kombucha (237 ml), pomegranate juice (5 ml), raspberry (1 ml), green tea, black tea, Lactobacillus","- Drink 1-2 cans per day, 30 minutes after meals, or feeling weary
- Best served chilled","Store in a dry, cool place, away from direct sunlight",,240,ml
Star Kombucha Golden Ginger (240ml),0,VND,"Not only losing weight and preventing flu, Star Kombucha Golden Ginger helps warm your body when it's raining and cold or soothes the spirit after tired working hours.","Kombucha (237 ml), ginger juice (3 ml), lemonade (3 ml), green tea, black tea, Lactobacillus","- Drink 1-2 cans per day, 30 minutes after meals, or feeling weary
- Best served chilled","Store in a dry, cool place, away from direct sunlight",,240,ml
Star Kombucha Pure Passion Fruit (240ml),0,VND,The Piceatannol in Passion fruit helps inhibit the aging process and this is the reason why Star Kombucha Passion fruit helps you nourish beautiful and healthy skin.,"Kombucha (237 ml), passionfruit juice (8 ml), green tea, black tea, Lactobacillus","- Drink 1-2 cans per day, 30 minutes after meals, or feeling weary
- Best served chilled","Store in a dry, cool place, away from direct sunlight",,240,ml
Star Kombucha Mango Kiwi (240ml),29000,VND,"A blend of Mango and Kiwi puree combined with Kombucha for a delicious taste, refilling you with the nutrients and energy you need every day.","Kombucha (237 ml), mango juice (6 ml), kiwi juice (1 ml), green tea, black tea, Lactobacillus","- Drink 1-2 cans per day, 30 minutes after meals, or feeling weary
- Best served chilled","Store in a dry, cool place, away from direct sunlight",Mango,240,ml
Star Kombucha Blueberry Bliss (240ml),0,VND,"Blueberry is a small berry fruit, however it contains the highest antioxidant content of any fruit. Therefore, Star Kombucha Blueberry is the perfect choice for health as well as weight loss and beautiful skin.","Kombucha (237 ml), blueberry juice (8 ml), lemonade (2 ml), green tea, black tea, Lactobacillus","- Drink 1-2 cans per day, 30 minutes after meals, or feeling weary
- Best served chilled","Store in a dry, cool place, away from direct sunlight",,240,ml
"7Up Revive ,500ml",11000,VND,"REVIVE - Vietnam’s number one electrolyte drink, with the unique i-Hydr8 formula, superior, and supplemented with minerals (Na+, K+) and B-group vitamins (B3, B6, B12), helps with superior hydration, mineral replenishment, and energy restoration, bringing you back to an active and joyful life.","Synthetic ingredients include saturated water, synthetic sugars (surcose and dextrose), acidity regulators, electrolytes, emulsifiers, preservatives, natural flavor mixture, vitamins B3, B6, B12","Shake gently before drinking, use immediately after opening the lid. Tastes better when chilled","Store in a cool, dry place, avoid direct contact with sunlight or high temperatures",,500,ml
"7Up Revive Salted Lime ,390ml",10000,VND,"REVIVE - Vietnam’s number one electrolyte drink, with its unique i-Hydr8 formula, excels by supplementing essential minerals (Na+, K+) and B-group vitamins (B3, B6, B12). Revive not only helps reduce fatigue after exercise but also provides the necessary hydration and minerals for daily well-being. Revive salted lemon flavor enhances superior rehydration, mineral replenishment, and energy boost, bringing you back to an active and joyful state. Moreover, it contributes to enhancing focus, creativity, and work and study efficiency","CO2 saturated water, sucrose and dextrose, acidity regulator (330), electrolytes (NaCl, 340(i)), emulsifiers (452(i), 414, 445(iii)), preservatives preservatives (211, 202, 385), synthetic sweeteners (Acesulfame Potassium 950, Sucralose 955), Vitamin B3, natural salted lemon flavor, synthetic colors (Sunset yellow FCF 110, Brilliant blue FCF 133), Vitamin B6 , B12.",Best when served chille,"Store in a cool, dry place, avoid direct contact with sunlight or high temperatures",,390,ml
"Bundaberg Lemon, Lime And Bitters (375ml)",0,VND,Imported products,,,,,375,ml
"Tea+ Oolong No Sugar ,450ml",10000,VND,"The high-quality tea leaves create the delicious and refreshing flavor characteristic of oolong tea. Specifically, this product is sugar-free, making it suitable for those avoiding sugar and wanting to improve their health. It also contains OTPP, which limits fat absorption for a tasty and gentle experience.","Tea contains polyphenols that can activate fat-dissolving enzymes, reduce cholesterol and improve heart health. """,Shake well before use. Tastes better when chilled,"Store in a cool, dry place, avoid direct contact with sunlight or high temperatures",,450,ml
Bundaberg Creaming Soda (375ml),0,VND,Imported products,,,,,375,ml
"Tea+ Oolong Lemon ,450ml",10000,VND,"From the high-quality leaves of Oolong tea, a delightful and refreshing aroma is created. Oolong tea combines its characteristic freshness with the sweet and tangy flavor of lemon, resulting in a truly invigorating experience. Notably, Oolong tea contains polyphenols that can activate enzymes to break down fats, reduce cholesterol, and enhance cardiovascular health. Tea Plus, the tea product, also promotes alertness, provides relief from heat, quenches thirst, and supports digestive health. Additionally, it contributes to strong hair and helps stabilize blood sugar levels","Tea+ lemon oolong tea is a harmonious combination of oolong tea flavor and refreshing lemon flavor. In particular, the product not only helps limit fat absorption thanks to OTPP but is also nutritious for health thanks to vitamins. C.",Shake well before use. Tastes better when chilled,"Store in a cool, dry place, avoid direct contact with sunlight or high temperatures",Oolong,450,ml
Lipton Ice Tea Peach Pet (500ml),0,VND,"Get ready for a delicious peach flavour hit with Lipton Peach Ice Tea, a Lipton Ice Tea favourite! Lipton Peach Tea is made with quality black Lipton Tea for a taste that will delight your taste buds and leave you feeling cool and refreshed.","Water, sugar, fructose, acidifiers (citric acid, malic acid), black tea extract * (1.2g / l), peach juice from concentrate (0.1%), acidity regulator ( trisodium citrate), flavors, antioxidant (ascorbic acid), sweetener (steviol glycosides). * verified Rainforest Alliance",Serve with ice and slices of peach,"Store in a cool, dry, dark place.",,500,ml
"Good Mood Yoghurt ,450ml",9000,VND,"The unique bottled drink product from the Good Mood brand is a delightful blend of yogurt and refreshing beverage. Good Mood’s 455ml yogurt-flavored drink is a harmonious fusion of yogurt and daily hydration, providing a gentle and natural taste that invigorates the spirit. In addition to replenishing the body with water, this yogurt-flavored drink makes it easier for users to consume more. As a result, it optimally supports users in maintaining physical health and keeping their spirits fresh every day","Good Mood drinking water products have transparent water color. The ingredients come from natural sources, no preservatives or artificial colors are used.","Shake gently before drinking, use immediately after opening the lid. Tastes better when chilled","Store in a cool, dry place, avoid direct contact with sunlight or high temperatures",,450,ml
Lipton Ice Tea Liptonic Pet (1.5L),0,VND,The original recipe for Lipton sparkling iced tea.Refreshing carbonated drink with lime flavored tea extracts.,"Carbonated water, sugar, black tea extract (2.4g / l), acidifier (citric acid), acidity regulator (trisodium citrate), flavors, antioxidant (ascorbic acid).",Best served chilled,keep in a cool place and consume within 4 days.,,1.5,L
Schweppes Indian Tonic Light Pet (1.5L),0,VND,"SCHWEPPES TONIC WATER began in 1783 as the world's original soft drink. Its founder, Jacob Schweppe, was drawn to the new art of carbonating beverages, so he refined and patented his own process of creating mineral water.","Carbonated water, acidifier: citric acid, natural armôes, sweeteners: (aspartame, acesulfame K), flavor: quinine.",Best served chilled,"Store in a dry place, protect from heat.",,1.5,L
Mont Blanc Mineral Water Pet (1L),0,VND,"On the majestic and preserved site of Mont Blanc, naturally finds its origin, pure and authentic water: Mont Blanc natural mineral water. Weakly mineralized, Mont Blanc natural mineral water is recommended for feeding infants and is suitable for a low- sodium diet .",Water,recommended for feeding infants and is suitable for a low- sodium diet. Ideal for daily consumption to keep you hydrated,Store in a cool dry clean place.Away from direct sunlight and frost.,,1,L
Martinelli's Apple Juice 100% (296ml),0,VND,Imported products,,,,Martinelli,296,ml
Powerade Cherry Flavour Pet (500ml),0,VND,"With vitamin B6 to help unlock your energy. Vitamin B6 contributes to normal energy metabolism Hydrates & Replenishes
 Carbohydrate-electrolyte solutions enhance the absorption of water during physical exercise. Helps you go for longer
 Carbohydrate- electrolyte solutions contribute to maintenance of endurance performance during prolonged exercise","Water, Glucose, Fructose, Citric Acid, Sodium Chloride, Fruit and Vegetable Concentrates (Chokeberry, Elderberry, Sweet Purple Potato, Safflower, Radish), Acidity Regulators (Potassium Citrate, Magnesium Chloride, Calcium Chloride, Potassium Phosphate), Stabilisers (Acacia Gum, Glycerol Esters of Wood Rosins), Sweeteners (Sucralose, Acesulfame K), Flavourings, Anti-foaming Agent (Dimethyl Polysiloxane), Vitamin B6",Best served chilled. Consume as part of a balanced diet and healthy lifestyle.,"Store in a cool and dry place, avoid direct exposure to sunlight",,500,ml
Ama Time Organic Apple & Pear Juice (300ml),0,VND,"AMA TIME is the purest fruit juice with no pesticides, herbicides,
 Artificial fertilizers in the best environmental conditions come from Chile.",Pure juice without adding water.,"Use directly , shake well before use","Store at room temperature, in a cool, dry place.",Chile,300,ml
Ama Time Organic Apple Juice (300ml),0,VND,"AMA TIME is the purest fruit juice with no pesticides, herbicides,
Artificial fertilizers in the best environmental conditions come from Chile","Pure juice: apple-blueberry without adding water,","Use directly , shake well before use","Store at room temperature, in a cool, dry place.",Chile,300,ml
Ama Time Organic Apple & Mango Juice (300ml),0,VND,"AMA TIME is the purest fruit juice with no pesticides, herbicides,
Artificial fertilizers in the best environmental conditions come from Chile","Pure juice: apple-mango without adding water,","Use directly , shake well before use","Store at room temperature, in a cool, dry place.",Chile,300,ml
My Café Latte Jeju Green tea (220ml),0,VND,"My Café Latte Jeju Green tea is a food imported from Korea, is a drink favored by young Koreans and other countries and rated as Korea's No. 1 coffee. The main ingredient of the product is premium pure fresh milk, and coffee is extracted from Cafe Mocha Espresso, low coffee content, so it will be completely suitable for the fans. tune. Young women who prefer light coffee or latte. Innovative packaging design, with attached straw is extremely convenient. Products are kept at cold temperatures from production to consumers, so the product always brings freshness and scent when used.","60% pure fresh milk (Korea), Golden Mocha Espresso coffee extract 23.21% (Ethiopia 31%, Brazil 30%), purified water, sugar, Colombian coffee extract 0.42%","drink directly, shake well before use",refrigerated storage 0 - 10 degrees c,Ethiopia,220,ml
My Café Latte Begium Chocolate (220ml),0,VND,"My Café Latte Begium Chocolate is a food imported from Korea, is a drink favored by young Koreans and other countries and rated as Korea's No. 1 coffee. The main ingredient of the product is premium pure fresh milk, and coffee is extracted from Cafe Mocha Espresso, low coffee content, so it will be completely suitable for the fans. tune. Young women who prefer light coffee or latte. Innovative packaging design, with attached straw is extremely convenient. Products are kept at cold temperatures from production to consumers, so the product always brings freshness and scent when used.","Purified water, whole fresh milk (Korea), sugar, skim milk powder (Netherlands), whipped cream (Italy), Chocolate (Belgium), Cocoa powder (Singapore)","drink directly, shake well before use",refrigerated storage 0 - 10 degrees c,Netherlands,220,ml
My Café Latte Mild (220ml),0,VND,"My Café Latte Mild is a food imported from Korea, is a drink favored by young Koreans and other countries and rated as Korea's No. 1 coffee. The main ingredient of the product is premium pure fresh milk, and coffee is extracted from Cafe Mocha Espresso, low coffee content, so it will be completely suitable for the fans. tune. Young women who prefer light coffee or latte. Innovative packaging design, with attached straw is extremely convenient. Products are kept at cold temperatures from production to consumers, so the product always brings freshness and scent when used.","Purified water, green tea powder (Jeju), fresh milk (Korea), sugar, skim milk powder (Italy)","drink directly, shake well before use",refrigerated storage 0 - 10 degrees c,Italy,220,ml
Ama Time Organic Apple & Blueberry Juice (300ml),0,VND,"AMA TIME is the purest fruit juice with no pesticides, herbicides,
Artificial fertilizers in the best environmental conditions come from Chile.","Pure juice : apple-pear, no add water.","Use directly , shake well before use","Store at room temperature, in a cool, dry place.",Chile,300,ml
My Café Latte Caramel Macchiato (220ml),45000,VND,"My Café Latte Caramel Macchiato is a food imported from Korea, is a drink favored by young Koreans and other countries and rated as Korea's No. 1 coffee. The main ingredient of the product is premium pure fresh milk, and coffee is extracted from Cafe Mocha Espresso, low coffee content, so it will be completely suitable for the fans. tune. Young women who prefer light coffee or latte. Innovative packaging design, with attached straw is extremely convenient. Products are kept at cold temperatures from production to consumers, so the product always brings freshness and scent when used.","Purified water, Golden Mocha Espresso coffee extract 25%, coffee bean (Ethiopia 31%, Brazil 30%), sugar, fresh milk, whipped cream, Colombian coffee extract 0.52% (solid over 38%, Colombia), Caramel ...","drink directly, shake well before use",refrigerated storage 0 - 10 degrees c,Ethiopia,220,ml
Georgia's Organic Natural Pure Beetroot (300ml),73000,VND,"Georgia's Natural juices use 100% fresh fruit grown and produced according to European standards, USDA ORGANIC certified. Succulent cherries are grown in Georgia's organic gardens in the safest and most natural environment. To ensure natural quality, all Georgia's Natural juices are produced only in accordance with the season of each fruit and vegetable.

Using modern cold-Pressed technology helps to keep nutrients from fresh organic vegetables and fruits clean without losing enzymes and nutrients. The cold pressing technology minimizes the oxidation process, does not reduce the quality of the product. The juice will always be fresh, rich in nutrients, with completely natural flavors and colors.

Highlights:
- Free From Gluten
- Free From Casein
- Free From Fat
- Free From GMO
- Free From Stabiliers
- No added sugar
- No added water
- No preservatives
- No  flavoring
- No Colouring","Organic red beet juice 99%, organic lemon juice 1%. not from concentrate","Drink directly, taste better when used cold. Can use the concoction in other attractive beverage recipes","Store at room temperature without opening the bottle, Once opened keep refrigerated and use within 4 days. Shake well before use. Avoid direct sunlight",Georgia,300,ml
Coca Cola Plus Foshu Sleek Can (320ml),13000,VND,Coca Cola Plus Foshu Sleek Can (320ml),"Saturated water CO2, fiber (11.3g/L), natural color (group IV caramel), acidity regulator (E338, E331iii), synthetic sweetener, preservative E211, natural flavor mixture , Caffeine (95.8mg/L)",Can be used instantly.,"Store at room temperature, in a cool, dry place.",,320,ml
Lady Kombucha Gingerbeet (250ml),74000,VND,"Lady Kombucha - handcrafted tea help you provide a significant living probiotics for your gut. We combine the raw kombucha with natural cold-pressed herbs, and vegetables to flavoured the kombucha and bring you more health benefits and nutrition values. The products is perseverance, gluten, and chemical carbonation FREE","Raw Kombucha, beetroot and ginger","Gingerol is the main bioactive compound in ginger, responsible for much of its medicinal properties.
This ancient medicine has powerful anti-inflammatory and antioxidant effects. It also aids indigestion, nausea relief, loss of appetite and motion sickness.",Keep cold at 0 -4 degrees Celsius,,250,ml
Tuborg Beer Can (330ml),0,VND,"- After taste of sweet - bitter balance, bringing a refreshing feeling.
- Tuborg brings the spirit of ""Open to More"", ready for experience, encouraging consumers to open up and accept more new experiences.","Water, malt, grain, hops","The product is intended for use by persons over 18 years old and is not intended for pregnant women. Enjoy responsibly, drink alcohol do not drive!",Store in a cool and dry place,,330,ml
Lady Kombucha Spirulina (250ml),74000,VND,"Lady Kombucha - handcrafted tea help you provide a significant living probiotics for your gut. We combine the raw kombucha with natural cold-pressed herbs, and vegetables to flavoured the kombucha and bring you more health benefits and nutrition values. The products is perseverance, gluten, and chemical carbonation FREE","Raw Kombucha, spirulina powder, pineapple, lemon and lemongrass","Gram for gram, spirulina may be the single most nutritious food on the planet. It’s high in Protein, Vitamin B1 (thiamine), Vitamin B2 (riboflavin), Vitamin B3 (niacin), Copper, iron, and also decent amounts of magnesium, potssium and manganese.",Keep cold at 0 -4 degrees Celsius,,250,ml
San Miguel Lychee Beer Can 3% (330ml),19000,VND,"The light yellow beer is smooth, easy to drink, evokes a fresh and fruity beer with a distinct lychee flavor, sweet and delicate, with 3-degree alcohol content.","Water, refined sugar, fortified malt, rice / corn, acidity regulator, (E330, E331ii), natural flavoring, hops, caramel color (E150c)
Alcohol content: 2.89 - 3.28% Vol",More delicious cold drink,"Preserved in a dry, cool place, away from sunlight",San Miguel,330,ml
"Pepsi Black Lime Zero Calories Can ,320ml",10000,VND,"The harmonious combination of refreshing lemon flavor, cooling sensation, and the feeling of vitality is good for your health. Pepsi’s zero-calorie lemon-flavored soft drink in a 320ml can is extremely suitable for those who enjoy soft drinks but still want to maintain a healthy and low-sugar lifestyle. This high-quality product from Pepsi comes in a luxurious matte finish can design, which is a first in the carbonated beverage industry, making it easy for you to store and carry the product during parties or outdoor trips","CO2 saturated water, acidity regulator, synthetic color, natural lemon flavor mixture, synthetic sweetener, preservative, caffeine","Drink directly, it will taste better when chilled, or served with ice","Store in a cool, dry place.",Store,320,ml
Huda Beer Can (330ml),13000,VND,"Being a symbol of the Heartland with proven quality for nearly 30 years, Huda makes people feel proud of being a part of Heartland. The good quality of the beer also caused Huda to win a lot of medals and awards in international competitions such as: Silver medal at the World Beer Championships in 2013; Medals at the Monde Selection (Belgium) in 2018, 2019, 2020. Huda is now available as both canned and bottled.","Water, barley malt, rice, hops","- Perfectly enjoyed with cheeses, seafood and fruit

- best enjoyed with friends, whether to celebrate a special occasion or just to share the quality time that comes with good companions","Store at room temperature, in a cool, dry place.",Belgium,330,ml
Pepsi Black Zero Calories Can (320ml),10000,VND,"Pepsi is a globally recognized carbonated soft drink brand, famous for its refreshing and delicious taste that has captured the hearts of millions. One of its standout products, Pepsi Black, also known as Pepsi Zero Sugar, offers the same bold Pepsi flavor but without any calories, making it a healthier option for those looking to enjoy a soft drink guilt-free. Packaged in a sleek 320ml can, Pepsi Black delivers a perfect burst of carbonation, offering a revitalizing experience that helps alleviate fatigue and stress, making it a great pick-me-up during a busy day.

What sets Pepsi Black apart is its innovative, elegant matte packaging—an industry first for carbonated beverages. This stylish design not only enhances its premium appeal but also makes it an ideal choice for social gatherings, parties, and outdoor events. Whether you're looking for a refreshing drink during an active day or hosting a celebration, Pepsi Black offers both taste and convenience, all while being a calorie-free option.","CO2 saturated water, acidity regulator, synthetic color, natural flavor mixture, synthetic sweetener, preservative, caffeine","Drink directly, it will taste better when chilled, or served with ice","Store in a cool, dry place.",,320,ml
Pasteur Street Pomelo IPA Can 330ml,0,VND,"For this IPA, we  have added a massive amount of fresh Pomelo juice to complement the natural hoppiness of the style. The Pomelo addition lightens the bitterness that you would usually find in an IPA, allowing the hops and fruit to dance together in harmony and make for a refreshingly drinkable beer.","Water, Barely, Hops, Yeast and Pomelo juice",Best served chilled,Store cold temperature,Pomelo,330,ml
Hepar Mineral Water Rich in Mg Pet (1L),0,VND,"It was discovered in 1873 by Louis Bouloumié, its exceptional richness in mineral salts including magnesium earned him at the time his fame.After a long journey in the heart of the Vosges Basin, the HÉPAR spring emerges 3 kilometers east of the town of Vittel.","magnesium 119, 383.7 hydrogencarbonate, 4.3 nitrate, calcium 549, sodium 14.2 .résidu dry to + 180 ° c: 2 513mg / l.ph 7.2.",Do not use in infants except in cases of constipation on medical advice. Not recommended for serious digestive problems.,Store away from heat and humidity.,Vosges,1,L
Adelscott Beer 5.8% Bottle (330ml),144000,VND,"The ""beer au malt à whiskey"" is slightly smoky (6.6% vol.). The Scottish malt is smoked with peat - as usual in whiskey-making. Since its market launch in the early 1980s, Adelscott has long been more than a short-term beer for the scene.","water, barley malt, corn, Glucose syrup, sugar, hop extracts, flavors (whiskey malt)",Best served chilled,"Store in a cool, dry place.",,330,ml
Amsterdam Navigator Beer 8.0% Can (500ml),0,VND,Navigator is the icon of the Amsterdam range. A bottom fermented Dutch beer with an alcohol percentage of 8.0%. Its smooth and powerful taste makes it the brand’s most favorite beer product.,"water, malted barley, sugars, hops",Best served chilled,"Store in a cool, dry place.",Amsterdam,500,ml
3 Monts Beer 8.5% Bottle (750ml),318000,VND,"A refreshing ale with a strong character; its fruity taste comes from barley grown in the Nord department of France and its highly aromatic yeast, its bitterness from a specific variety of hops.","Water, orgen malt, hops","Goes very well with the typical dishes of Flanders: Carbonnade (beef stew), beer cooked chicken, potjevleesch, waterzoi, or with charcuterie or cheese","Store in a cool, dry place.",France,750,ml
La Goudale Beer 7.2% Bottle (750ml),305000,VND,"Its light taste of special malts, flavored with Flanders hops and its aromas of high fermentation, gives La Goudale all its character and balance.","Water, Barley Malt, Wheat, Rice, Glucose, Fructose, Hops, Coriander, Orange Peel, Antioxidant: Ascorbic Acid",Best served chilled,Store away from heat and humidity.,Orange Peel,750,ml
Chimay Beer Triple 8% (330ml),0,VND,"""Alcohol : 8% abv
Capacity: bottle 330 ml
Origin: Belgium
Taste: Beer is bright yellow, opaque, very fine foam. The scent of white Chimay is a harmonious blend of fresh hops and yeast. Chimay white beer has a balance between sweet and slightly bitter taste, so you will feel the bitter yeast of the beer melting in your mouth mellowly.""",,,,Belgium,330,ml
Kronenbourg Akrobate Beer 4.2% Bottle (750ml),0,VND,"Kronenbourg beer offers a perfectly balanced fresh taste, fine bitterness and the subtlety of its fruity notes. The beer is made from selected barley, water drawn from the underground source below the brewery and hops. The result is a well-balanced brew with a smooth, well-rounded bitter note that is ideal for all occasions.","barley malt, wheat malt and wheat.",To be served between 5oC and 8oC,Store away from heat and humidity.,750ml,750,ml
Atlas Beer 7.2% Can (500ml),0,VND,"Atlas, a premium strong beer, is becoming a legend all by itself. Made from pure water, subtle malts, flavourful hops and… centuries of Dutch brewing expertise. Well-known for its rich, robust and powerful taste.","Water, barley malt, corn, hops.","Ideal accompaniment to good friends, good food, and good times. Just chill, open, pour at 45 degrees, and enjoy.","Store in a cool, dry place.",,500,ml
Amsterdarm Maximator Beer 11.6%  Can (500ml),239000,VND,Maximator is the most intense of the Amsterdam range of beers. It is a bottom fermented Dutch lager beer with an alcohol percentage of 11.6% ABV. The power and the intensity of its flavour make it Amsterdam's benchmark beer.,"Water, barley malt, sugar, hops.",Best served chilled,"Store in a cool, dry place.",Amsterdam,500,ml
Fischer Tradition Beer 6% (650ml),0,VND,"Blond beer with an intense taste of cereals, with hot malt notes and a light bitterness, Fischer Tradition is the fruit of the purest Alsatian brewing tradition. This beer is certified with its 100% Alsatian aromatic hops.","water, barley malt, hops","To consume fresh between 7 ° and 9 °.Savour it as an aperatif or with cold meats, cheese and choucroute.","Keep your 5L keg in a dark place, below 30 ° C",,650,ml
Bjorg Organic Carrot Juice (750ml),0,VND,"Rich in vitamin A, Bjorg carrot juice contributes to the health of your skin. This juice contains 1.5 kg of organic carrots pressed just after harvest. A squeeze of lemon juice allows it to retain its optimal natural qualities. A 250 ml glass gives you one of the five servings of fruits and vegetables recommended per day *.","Carrot Juice (96%), Lemon Juice (4%).",Ready to use,Store away from direct light in a cool & dry place.,,750,ml
Hoegaarden White Beer 4.9% Bottle (330ml),33000,VND,"Created by monks in 1445, Hoegaarden comes from the Belgian village of the same name, famous for its fine wheat fields. Unique unfiltered technique, creating a white, pure, smooth foam layer, when pouring out like clouds flowing smoothly.","water, barley malt, wheat, hop, coriander, orange peel and yeast","1. Chill
2. Pour two-thirds
3. Swirl
4. Top off and enjoy!","storage in dry cool place avoiding direct sunlight, excessive heat and freezing",,330,ml
Barr Irn Bru Diet Can (330ml),0,VND,"Barr's Irn Bru is a carbonated soft drink, made to an original secret recipe which from 1901 contained 32 flavours. Irn Bru's unique combination of flavours delivers the brands indescribable and great taste.","Carbonated Water, Sugar, Acid (Citric Acid), Flavourings (Including Caffeine, Ammonium Ferric Citrate & Quinine), Sweeteners (Aspartame, Acesulfame K), Preservative (E211), Colours (Sunset Yellow Fcf, Ponceau 4R)",Serve Cool,"Store in a cool, dry place.",,330,ml
Barr Irn Bru Can (330ml),56000,VND,"An indescribable brand with a phenomenal taste. Throughout the years, IRN-BRU's irreverent and humorous advertising has continued to entertain and refresh fans up and down the country.","Water, Sugar, Carbon Dioxide, Citric Acid, Flavouring Preservative (Sodium Benzoate), Colours (Sunset Yellow, Ponceau 4R), Ammonium Ferric Citrate (0.002%).",Serve Cool,"Store in a cool, dry place.",Sugar,330,ml
TABASCO BLOODY MARY MIX 946ML,0,VND,"Natural ingredients, Unique Tabasco Flavor","Water, concentrated tomato sauce, Worcestershire sauce (distilled white vinegar, molasses, sugar, water, salt, onion, anchovy, garlic, clove, tamarind extract, natural flavors, chili extract), salt, condensed lemon juice, seasoning, celery extract and TABASCO® chili powder (distilled vinegar, red pepper, salt). - Nutritional ingredients: Nutrition Facts 
 About 4 Servings Per Container
 Serving size 1 cup(240ml)
 Amount per serving
 Calories 60
 % Daily Value
 Total Fat 0g 0%
 + Saturated Fat 0g
 + Trans Fat 0g
 Cholesterol 0mg 0%
 Sodium 1550mg 67%
 Total Carbohydrate 13g 5%
 Detary Fiber 2g 7%
 Total sugar 8g
 Inciudes 0g Added sugars 0%
 Protein 2g
 Vitamin D 0mcg 0%
 Calcium 27g 2%
 Iron 3mg 15%
 Kali 618mg 15%",Use directly - Warning: Contains fish,Keep it in a cool & dry place.,Worcestershire,946,ml
Le Fruit Multi Vitamins Nectar (260ml),37000,VND,"In the centre of Mekong Delta, we select the most delicious and freshest fruits from local family-owned farms. Pineapple is still the main ingredient in this product, then combined with Acerola Cherry and Passion Fruit to create a more diverse experience for consumers.","• The percentages of ingredients including Victoria Pineapple (60%), Acerola Cherry (15%), Passion Fruit (8%) and water.
• No added preservatives. Additive free and GMO free","Shake well, serve chilled",Keep in a cool & dry place. Refrigerate once opened & consume within 5 days,Victoria,260,ml
Le Fruit Orange Juice (1L),85000,VND,"In the centre of Mekong Delta, we select the most delicious and freshest fruits from local family-owned farms. Orange juice is a popular drink for everyone, this juice boosts your immune system and assists in digestion as well. The taste of this drink will make you have a new experience of orange because of the freshness.","• 100% freshly crushed fruit including Orange (98%), Acerola Cherry (2%).
• No added preservatives and no added sugar. Additive free and GMO free.","Shake well, serve chilled",Keep in a cool & dry place. Refrigerate once opened & consume within 5 days,Centre,1,L
Le Fruit Multi Vitamins Nectar (1L),65000,VND,"In the centre of Mekong Delta, we select the most delicious and freshest fruits from local family-owned farms. Pineapple is still the main ingredient in this product, then combined with Acerola Cherry and Passion Fruit to create a more diverse experience for consumers.","• The percentages of ingredients including Victoria Pineapple (60%), Acerola Cherry (15%), Passion Fruit (8%) and water.
• No added preservatives. Additive free and GMO free","Shake well, serve chilled",Keep in a cool & dry place. Refrigerate once opened & consume within 5 days,Victoria,1,L
Le Fruit Orange Nectar (1L),67000,VND,"In the centre of Mekong Delta, we select the most delicious and freshest fruits from local family-owned farms. LE FRUIT Orange Nectar is a progressive version of orange juice, which is changed to create a more suitable flavor for Vietnamese consumers.","• The percentages of ingredients including Orange (50%), Water, Acerola Cherry (11%) and Cane Sugar.
• Orange Nectar is rich in Vitamin C and fiber.
• No added preservatives. Additive free and GMO free.","Shake well, serve chilled",Keep in a cool & dry place. Refrigerate once opened & consume within 5 days,Centre,1,L
Le Fruit Passion Fruit Nectar (1L),68000,VND,"In the centre of Mekong Delta, we select the most delicious and freshest fruits from local family-owned farms. Passion Fruit Nectar is the pride of Le Fruit because of the unique flavor. No surprise when it frequently tops the list of best sellers because of the featured taste.","• The percentages of ingredients including Passion Fruit (25%), Cane Sugar, Acerola Cherry (2%) and water.
• No added preservatives. Additive free and GMO free.","Shake well, serve chilled",Keep in a cool & dry place. Refrigerate once opened & consume within 5 days,Centre,1,L
Le Fruit Pineapple Juice (1L),67000,VND,"In the centre of Mekong Delta, we select the most delicious and freshest fruits from local family-owned farms. Pineapple juice is one of the most favorite products of LE FRUIT. No surprise when it frequently tops the list of best sellers because of the juicy taste.","• 100% freshly crushed fruit including Victoria Pineapple (96%), Acerola Cherry (4%).
• No added preservatives and no added sugar. Additive free and GMO free.","Shake well, serve chilled",Keep in a cool & dry place. Refrigerate once opened & consume within 5 days,Victoria,1,L
Le Fruit Lime Juice (1L),126000,VND,"The Pure Lime Juice is a special ingredient for Barista and Bartender in the hotel – restaurant – coffee shop. You can use Pure Lime Juice instead of lemon, then you can save your time but still have the same quality.","• 100% Lime.
• Pure Lime Juice is a convenient way to save your time.
• No added preservatives and no added sugar. Additive free and GMO free.","Shake well, serve chilled",Keep in a cool & dry place. Refrigerate once opened,,1,L
San Pellegrino Btl (500ml),46000,VND,"From the thermal spring in the foothills of the Italian Alps.
Perfectly brilliant, it distinguishes itself by it's fine bubbles and subtle mineral aromas. It tingling freshness and moderate acidity leaves a pleasing sensation of fragrant freshness. S.Pellegrino is found on the best tables in over 120 countries around the world.","Natural mineral water, CO2",Can be used instantly.,"Store at room temperature, in a cool, dry place.",Alps,500,ml
San Pellegrino Btl (250ml),34000,VND,"From the thermal spring in the foothills of the Italian Alps.
Perfectly brilliant, it distinguishes itself by it's fine bubbles and subtle mineral aromas. It tingling freshness and moderate acidity leaves a pleasing sensation of fragrant freshness. S.Pellegrino is found on the best tables in over 120 countries around the world.","Natural mineral water, CO2",Can be used instantly.,"Store at room temperature, in a cool, dry place.",Alps,250,ml
San Pellegrino Btl (750ml),64000,VND,"From the thermal spring in the foothills of the Italian Alps.
Perfectly brilliant, it distinguishes itself by it's fine bubbles and subtle mineral aromas. It tingling freshness and moderate acidity leaves a pleasing sensation of fragrant freshness. S.Pellegrino is found on the best tables in over 120 countries around the world.","Natural mineral water, CO2",Can be used instantly.,"Store at room temperature, in a cool, dry place.",Alps,750,ml
Lavie (1.5L),10000,VND,"LaVie Natural Mineral Water 1.5L is a perfect size for you to sip all day during travelling, or outdoor activities. Besides, this product is also great to stock in the fridge for easily hydration at home. 
With no sugar & no calories, LaVie natural mineral water with 06 essential minerals is a smart alternatives to other sugary drinks, helping you maintain your healthy lifestyle.",Natural mineral water,Can be used instantly.,"Keep in a cool, dry, clean place, away from direct sunlight, strong odours or chemicals",,1.5,L
Lavie (500ml),5000,VND,"LaVie Natural Mineral Water 500ml is perfect for on-the-go, easy-to-grip for class or work. LaVie keeps your body hydrate & replenish minerals during a long active day.
With no sugar & no calories, LaVie natural mineral water with 06 essential minerals is a smart alternatives to other sugary drinks, helping you maintain your healthy lifestyle",Natural mineral water,Can be used instantly.,"Keep in a cool, dry, clean place, away from direct sunlight, strong odours or chemicals",,500,ml
Lavie Mini (350ml),4000,VND,"LaVie Natural Mineral 350ml with small size is a perfect drink for office, meeting, event. It's also great for family & friends to hydrate during travelling, picnics.",Natural mineral water,Can be used instantly.,"Keep in a cool, dry, clean place, away from direct sunlight, strong odours or chemicals",,350,ml
San Miguel Light Beer Can (330ml),0,VND,"A light, low-calorie beer with a mellow taste and signature aroma. The low calorie content makes San Mig Light easy to drink, less bloated, and gentle on the stomach. It is the perfect choice for moments of comfortable beer drinking, enjoying fun with friends, 5 degree alcohol content.","Water, malt, mighty, cereal, hops
Alcohol 4.8 - 5.04% Vol",More delicious cold drink,"Preserved in a dry, cool place, away from sunlight",San Miguel,330,ml
Fanta Orange Can (320ml),9000,VND,Fanta Orange Can (320ml),"Saturated water CO2 , HFCS sugar, cane sugar, acidity regulator (330), emulsifier (1450,444), natural and natural orange flavor, preservative (211) and food color (110) ).",Can be used instantly.,"Store at room temperature, in a cool, dry place.",,320,ml
Sprite Can (320ml),9000,VND,Sprite Can (320ml),"Saturated water CO2, acidity, natural lemon flavor, preservative, cane sugar, HFCS",Can be used instantly.,"Store at room temperature, in a cool, dry place.",,320,ml
Schweppes Tonic Can (320ml),9000,VND,Schweppes Tonic Can (320ml),"Saturated water CO2, acidity regulator (500(ii))",Can be used instantly.,"Store at room temperature, in a cool, dry place.",,320,ml
Budweiser Budvar Beer (330ml),0,VND,"Budweiser Budvar uses pure mineral water taken from self-contained wells and especially the traditional fermentation time is exactly 90 days, never shortened, without adding chemicals to accelerate chemical reactions in the entire brewing process.","Water, Malt, Hops (Flower Houblon)","Budweiser Budvar delivers the perfect flavor to every drop of beer, featuring a beautiful clear bright yellow color and a mellow bitterness that melts in the mouth.","Store in a cool place, away from sunlight",,330,ml
Budweiser Beer Bottle (330ml),22000,VND,Excellent quality consistent for 143 years and available in over 80 countries,"Water, malt, rice and hop",serve chilled,"storage in dry cool place avoiding direct sunlight, excessive heat and freezing",,330,ml
Le Fruit Guava Nectar Juice (1L),62000,VND,"In the centre of Mekong Delta, we select the most delicious and freshest fruits from local family-owned farms. Guava is a traditional remedy for a variety of diseases. No surprise when it frequently tops the list of best sellers because of the featured taste.","• The percentages of ingredients including Pink Guava (27%), Cane Sugar, Lime (3%), Acerola Cherry (2%) and water.
• No added preservatives. Additive free and GMO free.","Shake well, serve chilled",Keep in a cool & dry place. Refrigerate once opened & consume within 5 days,Centre,1,L
Le Fruit Guava Nectar (260ml),38000,VND,"In the centre of Mekong Delta, we select the most delicious and freshest fruits from local family-owned farms. Guava is a traditional remedy for a variety of diseases. No surprise when it frequently tops the list of best sellers because of the featured taste.","• The percentages of ingredients including Pink Guava (27%), Cane Sugar, Lime (3%), Acerola Cherry (2%) and water.
• No added preservatives. Additive free and GMO free.","Shake well, serve chilled",Keep in a cool & dry place. Refrigerate once opened & consume within 5 days,Centre,260,ml
Le Fruit Pineapple Juice (260ml),37000,VND,"In the centre of Mekong Delta, we select the most delicious and freshest fruits from local family-owned farms. Pineapple juice is one of the most favorite products of LE FRUIT. No surprise when it frequently tops the list of best sellers because of the juicy taste.","• 100% freshly crushed fruit including Victoria Pineapple (96%), Acerola Cherry (4%).
• No added preservatives and no added sugar. Additive free and GMO free.","Shake well, serve chilled",Keep in a cool & dry place. Refrigerate once opened & consume within 5 days,Victoria,260,ml
Coca Cola Zero (330ml),41000,VND,Coke Light Taste the feeling of refreshment and enjoy the real Coca-Cola Taste with zero Calories.,"Carbonated Water, Colour (Caramel E150D), Acid (Phosphoric Acid), Sweeteners (Aspartame, Acesulfame K), Natural Flavourings Including Caffeine, Acidity Regulator (Sodium Citrate)",Best served chilled,"Store in a cool, dry place.",,330,ml
Ocean Spray Cranberry & Raspberry Juice 1L,0,VND,"We expertly blend the luscious taste of raspberries and the crisp, clean taste of our cranberries in this wonderfully refreshing drink. It’s a popular alternative to our Cranberry Classic Juice Drink and enjoyed by the whole family.","Water, Fruit Juices from Concentrate (15%) (Cranberry (7%), Grape (4%), Raspberry (4%)), Sugar, Acid (Citric Acid), Flavourings, Thickener (Pectin), Vegetable and Fruit Concentrate (Carrot, Cranberry), Vitamin C, Acidity Regulator (Sodium Citrates), Sweetener (Steviol Glycosides from Stevia)",Use directly.,Store away from direct light in a cool & dry place,Concentrate,1,L
Patritti Dark Grape Juice (750ml),142000,VND,Patritti source the grapes for their high quality juices from South Australia’s best wine regions. They contain no added sugar and no artificial colours or flavours. We take great pride in offering a healthier and family- friendly alternative for celebratory occasions.,"Dark Grape Juice (99,95%), carbon dioxide generating agent (INS 290)",Drink directly or after chilling,"Store at room temperature, in a cool, dry place.",Australia,750,ml
Patritti Apple Juice (750ml),142000,VND,Patritti source the apples for their high quality juices from South Australia’s best fruit-growing regions. They contain no added sugar and no artificial colours or flavours. We take great pride in offering a healthier and family-friendly alternative for celebratory occasions.,"Apple Juice (99,95%), carbon dioxide generating agent (INS 290)",Drink directly or after chilling,"Store at room temperature, in a cool, dry place.",Australia,750,ml
Patritti Golden Muscatel Grape Juice (750ml),142000,VND,Patritti source the grapes for their high quality juices from South Australia’s best wine regions. They contain no added sugar and no artificial colours or flavours. We take great pride in offering a healthier and family- friendly alternative for celebratory occasions.,"Golden Muscatel Grape Juice (99,95%), carbon dioxide generating
agent (INS 290)",Drink directly or after chilling,"Store at room temperature, in a cool, dry place.",Australia,750,ml
Vichy St Yorre Mineral Sparkling Water (500ml),0,VND,Vichy St Yorre Mineral Sparkling Water is synonymous with good health,"Bicarbonate 4368, 322 chlorides, sulfates 174, fluorides",The minerals of St-Yorre are effective to rehydrate you. Drink water as needed,Store away from heat and humidity.,,500,ml
Pressade Organic Apple Nectar Juice (6x200ml),184000,VND,"The bio to take everywhere, organic briquettes convenient to slip in his pocket and take away (sport, snack, school)! With 100% natural ingredients and a good taste of fruit.","Apple juice containing concentrate, water, sugar, acidifier: citric acid. Products from organic farming.",After opening and consume within 5 days,"Store in a cool and dry place, avoid direct exposure to sunlight",,200,ml
Pressade Nectar Orange Bio (6x200ml),0,VND,"Pressade, leader in organic fruit juice, will develop the turnover of the department thanks to the range of organic juices which has everything! The right recipe: good Valencia oranges, with no pesticide residue and no added sugars: 100% ingredients of natural origin. In original packaging that respects the environment: an 85% vegetable-derived Kraft brick.","Orange juice *, water. * ingredients from Organic Farming. Fruit content 75% minimum",After opening and consume within 5 days,"Store in a cool and dry place, avoid direct exposure to sunlight",Valencia,200,ml
Pressade Organic Multifruits Nectar Juice (6x200ml),0,VND,"Pressade Multifruits is the gourmet combination of 8 fruits that gives a unique and pleasant taste, easy to consume throughout the day! A good taste of fruit, sweet and without pulp to please children and adults alike! A product certified ""Organic Agriculture"" by ECOCERT.","Juices made from concentrated juices and fruit purees (apple *, orange *, pineapple *, banana *, grape *, grapefruit *, apricot *, peach *), water, sugar * ingredients from organic farming Added sugars: 3.55 g / 100mL",After opening and consume within 5 days,"Store in a cool and dry place, avoid direct exposure to sunlight",,200,ml
Black Sheep Ale 4.4% (500ml),0,VND,"Black Sheep Ale is a full-flavoured premium bitter with a rich, fruity aroma. Brewed using generous handfuls of choice Golding hops, it has a perfectly balanced bittersweet, malty taste with a long, dry and bitter finish.","Water, Malted Barley (Gluten), Wheat (Gluten), Hops",Best Served Chilled.,Store away from direct light in a cool & dry place,,500,ml
Le Fruit Coco Water & Lime Juice (1L),63000,VND,"In the centre of Mekong Delta, we select the most delicious and freshest fruits from local family-owned farms. Coconut Water With Lime LE FRUIT is not only a special drink of Le Fruit for people who play sports, but also a natural isotonic drink providing the electrolytes and minerals for your body.
Coconut Water With Lime LE FRUIT is rich in Potassium & Magnesium.","• The percentages of ingredients including Coconut Water harvested young (98.5%), Lime (1.5%)
• Coconut Water With Lime LE FRUIT is rich in Potassium & Magnesium.
• No added preservatives and no added sugar. Additive free and GMO free.","Shake well, serve chilled",Keep in a cool & dry place. Refrigerate once opened & consume within 5 days,Centre,1,L
Newcastle Brown Ale Bottle 4.7% 550ml,242000,VND,"In 1890 five Tyneside breweries came together and after the First World War started trading under the blue five-point star. Newcastle Brown Ale was launched in 1927 after Jim Porter had spent three years developing this special brew. Almost immediately after its release, Newcastle Brown Ale won the gold medals at the International Brewers' Exhibition in London in 1928.","Water, Malted Barley, Glucose Syrup, Barley, Hops, Hop Extract",Best Served Chilled.,Store away from direct light in a cool & dry place,London,550,ml
Le Fruit Coco Water & Lime Juice (250ml),37000,VND,"In the centre of Mekong Delta, we select the most delicious and freshest fruits from local family-owned farms. Coconut Water With Lime LE FRUIT is not only a special drink of Le Fruit for people who play sports, but also a natural isotonic drink providing the electrolytes and minerals for your body.
Coconut Water With Lime LE FRUIT is rich in Potassium & Magnesium.","• The percentages of ingredients including Coconut Water harvested young (98.5%), Lime (1.5%)
• Coconut Water With Lime LE FRUIT is rich in Potassium & Magnesium.
• No added preservatives and no added sugar. Additive free and GMO free.","Shake well, serve chilled",Keep in a cool & dry place. Refrigerate once opened & consume within 5 days,Centre,250,ml
Acqua Panna Glass Bottle (750ml),66000,VND,"The source of Acqua Panna still mineral water is located at the famous Villa Panna in the hills of Tuscany. Acqua Panna has a soft, light and perfectly balanced taste which provides a long lasting sensation of smooth refreshment. Due to its unique ability to subtly cleanse the palate. esteemed sommeliers and restaurateurs affirm that Acqua Panna is the perfect mineral water to complement fine foods & wine",Mineral water 100%,Can be used instantly.,"Store at room temperature, in a cool, dry place.",,750,ml
Acqua Panna Btl (250ml),34000,VND,"The source of Acqua Panna still mineral water is located at the famous Villa Panna in the hills of Tuscany. Acqua Panna has a soft, light and perfectly balanced taste which provides a long lasting sensation of smooth refreshment. Due to its unique ability to subtly cleanse the palate. esteemed sommeliers and restaurateurs affirm that Acqua Panna is the perfect mineral water to complement fine foods & wine",Mineral water 100%,Can be used instantly.,"Store at room temperature, in a cool, dry place.",,250,ml
San Pellegrino Chinotto Btl (200ml),33000,VND,"The citrus fruits grow in the vast groves of southern Italy, in fertile soil enriched by Mt. Etna, enjoying the sunshine and gentle sea beeze.
They thrive on the beauty of this land and reflect all the goodness of nature enhanced by the typical Italian way of living, which is distinguished by authenticity, style, oy of life and conviviality.","Water, sugar, carbon dioxide, flavours, colour (caramel IV), acidity regulator (citric acid, sodium citrate), antioxidant (ascorbic acid), salt.",Can be used instantly.,"Store at room temperature, in a cool, dry place.",Italy,200,ml
San Pellegrino Limonata Btl (200ml),33000,VND,"The citrus fruits grow in the vast groves of southern Italy, in fertile soil enriched by Mt. Etna, enjoying the sunshine and gentle sea beeze.
They thrive on the beauty of this land and reflect all the goodness of nature enhanced by the typical Italian way of living, which is distinguished by authenticity, style, oy of life and conviviality.","Water, lemon juice from concentrate organic (16%), raw cane sugar organic, carbon dioxide, natural lemon flavouring, salt",Can be used instantly.,"Store at room temperature, in a cool, dry place.",Italy,200,ml
San Pellegrino Aranciata Dolce (200ml),0,VND,"The citrus fruits grow in the vast groves of southern Italy, in fertile soil enriched by Mt. Etna, enjoying the sunshine and gentle sea beeze.
They thrive on the beauty of this land and reflect all the goodness of nature enhanced by the typical Italian way of living, which is distinguished by authenticity, style, oy of life and conviviality.","Water, orange juice from concentrate organic (20%), raw cane sugar organic, carbon dioxide, orange extract organic, acid (citric acid), natural orange flavouring, salt",Can be used instantly.,"Store at room temperature, in a cool, dry place.",Italy,200,ml
San Pellegrino Pompelmo Btl (200ml),0,VND,"The citrus fruits grow in the vast groves of southern Italy, in fertile soil enriched by Mt. Etna, enjoying the sunshine and gentle sea beeze.
They thrive on the beauty of this land and reflect all the goodness of nature enhanced by the typical Italian way of living, which is distinguished by authenticity, style, oy of life and conviviality.","Water, Sugar, Grapefruit Juice From Concentrate, Natural Flavor, Carbon Dioxide, Citric Acid (Acidulant).",Can be used instantly.,"Store at room temperature, in a cool, dry place.",Italy,200,ml
"Aquafina Pure Water Bottle ,355ml",5000,VND,"The pure water of the Aquafina spring water brand is sourced from underground water, ensuring it undergoes a process of disinfection and thorough filtration to remove impurities. Aquafina 355ml purified water has reached a level of purity that effectively quenches thirst, and when consumed, it provides a slightly sweet sensation in the mouth, making it very easy to drink. The product is processed through the Hydro-7 filtration process, which includes reverse osmosis technology and other filtration steps to completely remove minerals, bacteria, and impurities from the water. As a result, it creates a perfectly refreshing purified water with a distinctly fresh taste.","Aquafina is pure drinking water treated through reverse osmosis and Ozone systems, sterilized by ultraviolet rays.",Drink directly,"Store in a cool, dry place,avoid direct sunlight, strong odors, and chemicals.",Aquafina,355,ml
San Pellegrino Aranciata Can 330ml,35000,VND,"The citrus fruits grow in the vast groves of southern Italy, in fertile soil enriched by Mt. Etna, enjoying the sunshine and gentle sea beeze.
They thrive on the beauty of this land and reflect all the goodness of nature enhanced by the typical Italian way of living, which is distinguished by authenticity, style, oy of life and conviviality.","Water, orange juice from concentrate, sugar, carbon dioxide, citric acid (acidulant) ,natural flavour.",Can be used instantly.,"Store at room temperature, in a cool, dry place.",Italy,330,ml
San Pellegrino Limonata Can 330ml,35000,VND,"The citrus fruits grow in the vast groves of southern Italy, in fertile soil enriched by Mt. Etna, enjoying the sunshine and gentle sea beeze.
They thrive on the beauty of this land and reflect all the goodness of nature enhanced by the typical Italian way of living, which is distinguished by authenticity, style, oy of life and conviviality.","Water, Lemon Juice from Concentrate, Sugar, Carbon Dioxide, Natural Flavors",Can be used instantly.,"Store at room temperature, in a cool, dry place.",Italy,330,ml
"Twister Orange Can ,320ml",10000,VND,"Extracted from fresh, pure, and nutritious orange segments, Twister orange juice is made from carefully selected natural ingredients combined with modern production technology. It offers a delicious and healthy beverage. Guaranteed authentic and safe.","Water, cane sugar, orange juice reconstituted from orange juice concentrate (10%), acidity regulators (330, 33iii), stabilizers (415, 414), Vitamin C (144 mg/l), preservatives management (202),…",Shake well before use. Tastes better when chilled,"Store in a cool, dry place, avoid direct contact with sunlight or high temperatures",,320,ml
"Aquafina Pure Water Bottle ,1.5L",11000,VND,"Aquafina, a brand of purified drinking water, is sourced from underground water and undergoes a rigorous process of disinfection and thorough filtration. The resulting 1.5-liter bottle of Aquafina Purified Drinking Water meets the highest standards of purity. When you drink it, you’ll experience a refreshing, slightly sweet sensation in your mouth, making it easy to quench your thirst. Plus, the large bottle ensures long-lasting use","Aquafina is pure drinking water treated through reverse osmosis and Ozone systems, sterilized by ultraviolet rays.",Drink directly,"Store in a cool, dry place,avoid direct sunlight, strong odors, and chemicals.",Aquafina,1.5,L
"Aquafina Pure Water Bottle ,500ml",6000,VND,"Derived from underground sources, ensured through a process of disinfection and thorough filtration to remove impurities, Aquafina 500ml of pure water has a refreshing effect, and when consumed, it leaves a slightly sweet sensation in the mouth, making it easy to drink. Its compact size makes it convenient to carry","Aquafina is pure drinking water treated through reverse osmosis and Ozone systems, sterilized by ultraviolet rays.",Drink directly,"Store in a cool, dry place,avoid direct sunlight, strong odors, and chemicals.",Aquafina,500,ml
Vichy Celestins Mineral Sparkling Water (1.25L),60000,VND,"It is rich in minerals (3,325mg/L) and contains a substantial quantity of bicarbonates (2,989mg/L). The minerals which are naturally present in Vichy Célestins mineral water interact with the components of the ingredients used in cooking, giving them unique properties.","pH (at source) 6.8,Total Dissolved Solids 3378,Calcium 90,Magnesium 9,Sodium 1265,Potassium 71,Bicarbonates 3245,Sulphates 129,Chlorides 227,Nitrates 2,silica","can be enjoyed throughout the day: in the morning it refreshes your complexion, with lunch and dinner it lightens your meal and enhances your enjoyment of each meal!",Store away from heat and humidity.,,1.25,L
Sprite (1.5L/1.85L),0,VND,Sprite (1.5L),"Saturated water CO2, acidity, natural lemon flavor, preservative, cane sugar, HFCS",Can be used instantly.,"Store at room temperature, in a cool, dry place.",,1.5,L
Pocari Sweat Supply Drink Bottle(500ml),16000,VND,"POCARI SWEAT is a healthy drink by replenishing water with vf ion the body consumes every day. With the right water and ion content, POCARI SWEAT provides fast and exactly what the body needs. When it comes to rehydration, POCARI SWEAT helps dispel thirst, which is the right choice for health.","Water, sugar, flavorings, citric acid, sodium citrate, sodium chloride, potassium chloride, DL-macid acid, calcium lactate, glucono-delta-lactone, magnesium carbonate, vitamin C","Better when drink in chilled condition
Drink promptly after opening","Refrigerate after opening
Storage at a dry, cool place, avoid direct sun
Caution: Freezing may damage this container causing contents to leak",Delta,500,ml
Red Bull Energy Drink (250ml),0,VND,"Red Bull Energy Drink is appreciated worldwide by top athletes, students, and in highly demanding professions.As we are a functional product that keeps consumers focused/alert and to boost and maintain energy levels. We understand that there are specific moments when our Red Bull can be consumed.","Water, Sucrose, Glucose, Acidulant (Citric Acid), Carbon Dioxide, Taurine (0.4%), Acidity Regulators (Sodium Bicarbonate, Magnesium Carbonate), Flavours (Natural And Artificial), Colour (Caramel), Caffeine (0.03%), Vitamins (Niacin, B6, B2, B12)",perfect for when you're in need of wings without sugar and only 15 calories per 12 fluid ounces,"Store in a cool, dry place.",Taurine,250,ml
"Oolong Tea + bottle ,450ml",10000,VND,"With a mild and refreshing sweetness, the distinctive aroma of oolong tea, combined with the active ingredient OTTP, helps limit fat absorption. Oolong Tea + soothes away worries, bringing a gentle sensation. Enjoy it daily to lighten your life. We guarantee quality and safety.","Water, sugar, oolong tea 7.52g/l (minimum extracted ottp 155mg/l), natural flavor, antioxidant, acidity regulator",Shake well before use. Tastes better when chilled,"Store in a cool, dry place, avoid direct contact with sunlight or high temperatures",,450,ml
Thwaites Lancaster Beer Btl 4.4% (500ml),0,VND,"For those occasions when you do not have the opportunity to visit your local pub, we have perfected our range of Premium Bottled Ales for you to savour and enjoy a glass of your favourite Thwaites beer in the comfort of your home.","Water, Barley, Wheat, Hops And Yeast",Best Served Chilled.,Store away from direct light in a cool & dry place,,500,ml
Greene King IPA India Pale Ale 3.6% Can (500ml),0,VND,Drawing on a heritage of brewing excellence – Greene King IPA India Pale Ale is a warming full bodied ale with a a deliciously easy-drinking and moreish pint.,Water; barley malt; yeast; natural hops.,Best Served Chilled.,Store away from direct light in a cool & dry place,India,500,ml
Wychwood Hobgoblin Beer 5.2% Btl (500ml),228000,VND,"Traditionally brewed to produce a wonderfully well balanced blend of smooth, rich & satisfying flavours from chocolate & crystal malts combined with a crisp, refreshing bitterness from Styrian, Goldings and Fuggles hops.","Water, Malted Barley, Hops, Yeast.",Best served chilled,"Store in a cool, dry place.",& crystal,500,ml
Marston's Old Empire Beer 5.7% Btl (500ml),0,VND,"A memorable and deceptively easy-drinking IPA. This is an authentic recreation of the beer style created for, and enjoyed throughout, the Empire. Goldings, Fuggles and American Cascade hops combine to give a crisp, citrus hop aroma, with a balanced, bittersweet finish.","Water, Malted Barley, Hops, Yeast.",Best served chilled,"Store in a cool, dry place.",Cascade,500,ml
Alba Sparkling Mineral Water (450ml),24000,VND,"Alba's unique product portfolio includes natural non-carbonated and carbonated mineral water known for its health and beauty benefits. Thanks to the balanced and stable mineral content, Alba natural mineral water is bottled at source, not only safe for health but also has a fresh mineral taste.","Mineral contents : Na+, K+, Ca 2+, Mg, Fe 3+, Fe2+, I-,F-,No-3 ,SO2-4, HCO-3, H2SiO3, TDS
PH: 6.5-7.5
Contains Fluoride","Use direct, do not boil","Keep in cool places, avoid direct sunlight",Alba,450,ml
Sapporo Premium Lager Can (650ml),0,VND,"SAPPORO holds a passion to bring innovation to our product and experience offering. SAPPORO PREMIUM BEER 650ml can stands out to be our icon for this passion. Inspired by the shape of the traditional beer tumbler, now has its reputation set all around the world. This special creation is now available in Vietnam to bring a perfect experience to our Vietnamese customers.","Water, Malt, Cereals, Hops.","More delicious when cold drink
Under 18 years of age must not use alcohol
Do not drive while using alcohol","Store in a cool, dry place away from sunlight",Vietnam,650,ml
Alba Natural Mineral Water (450ml),22000,VND,"Alba's unique product portfolio includes natural non-carbonated and carbonated mineral water known for its health and beauty benefits. Thanks to the balanced and stable mineral content, Alba natural mineral water is bottled at source, not only safe for health but also has a fresh mineral taste.","Mineral contents : Na+, K+, Ca 2+, Mg, Fe 3+, Fe2+, I-,F-,No-3 ,SO2-4, HCO-3, H2SiO3, TDS
PH: 6.5-7.5
Contains Fluoride","Use direct, do not boil","Keep in cool places, avoid direct sunlight",Alba,450,ml
"Pepsi Cola Sleek Can ,320ml",10000,VND,"The product from the globally renowned soft drink brand Pepsi features a delightful aroma and a blend of natural flavors, combined with a synthetic sweetener. It helps quench thirst and alleviate fatigue. The 320ml Pepsi Cola canned beverage provides an energy boost for daily work. Rest assured, it’s an authentic, high-quality, and safe soft drink","Product ingredients include C2 saturated water, sugar, natural flavor, zero protein and fat content, mainly providing the body with carbohydrates, sugar and sodium minerals._x000D_
The product has an energy content of about 140 calories","Drink directly, it will taste better when chilled, or served with ice","Store in a cool, dry place.",,320,ml
"7 Up Sleek Can ,320ml",10000,VND,"From the reputable and popular soft drink brand, the 320ml 7 Up lemon-flavored soda is authentic. 7Up has a moderately sweet taste and a refreshing fizzy flavor, helping quench thirst quickly, reducing feelings of nausea, stimulating the taste buds for better enjoyment, and providing energy.","CO2 saturated water, cane sugar, acidity regulator, natural lemon flavor...",Best when served chille,"Store in a cool, dry place.",,320,ml
Adnams Ghost Ship Beer 4.5% Btl (500ml),0,VND,"Ghost Ship is a ghostly pale ale which takes its inspiration from Adnams 600-year-old haunted pub, The Bell. Brewed with a selection of malts - Pale Ale, Rye Crystal and Cara. We use Citra, and a blend of other American hop varieties to create some great citrus flavours. Bronze Medal Winner at The International Brewing Awards, 2013.","Water, Malted Barley, Hops, Yeast.",Best served chilled,"Store in a cool, dry place.",,500,ml
Black Sheep Riggwelter Ale 5.7% Btl (500ml),0,VND,"Riggwelter Ale takes its name from a local Yorkshire Dales farming term which has Norse roots; “rygg” meaning back, and “velte” meaning to overturn. A sheep is said to be rigged or ‘riggwelted’ when it has rolled onto its back and is unable to get back up without assistance.","Hops, Malted Barley, Torrefied Wheat, Water, Yeast",Best Serve chilled.,"Store in a cool, dry place.",,500,ml
Badger Fursty Ferret Moreish & Malty Beer Bottle 4.4% (500ml,242000,VND,"Ferret comes from the Latin word for 'little thief'. When they're about you can be sure trouble's brewing. We still remember the night one such furry ne'er-do-well tiptoed into the thatched Gribble Inn and stole himself a taste of our tantalising tawny tipple, loved for its full bodied biscuity taste. Now then, what's Latin for 'little thief with great taste in beer?'","Contains Barley, Contains Sulphur Dioxide/Sulphites, May Contain Wheat",Best Served Chilled.,Store away from direct light in a cool & dry place,,500,ml
BrewDog Dead Pony Ale Beer 3.8% Btl (330ml),0,VND,"Dead Pony Club is a low amplitude, high voltage hop hit. Alive with flavour it’s hopped to the Pacific shores and back. Dive in to aromas of citrus, lemon-grass and lime zest. The toasted malt base ebbs to a huge hop hit, washing tropical fruit, floral garlands and spicy undertones all over your palate.","Water, Malted Barley, Hops, Yeast.",Best Served Chilled.,Store away from direct light in a cool & dry place,Pacific,330,ml
BrewDog Punk IPA Beer Bottle 5.6% (330ml),228000,VND,"Punk IPA is the beer that kick-started it. This light, golden classic has been subverted with new world hops to create an explosion of flavour. Bursts of caramel and tropical fruit with an all-out riot of grapefruit, pineapple and lychee, precede a spiky bitter finish.","Water, Malted Barley, Hops, Yeast",Best Served Chilled.,Store away from direct light in a cool & dry place,,330,ml
Magners Berry Cider (330ml),0,VND,"With a transparent red color and an impressive raspberry flavor, Magners beer gives diners a chance to experience this unique taste. It is a combination of flavors of the basic ingredients of beer: malt, hops, barley and purified water. This Magners line is an extra combination of raspberry, raspberry and black currant flavors.",,,,,330,ml
Carlsberg Premium Pilsner 4.8% Btl (660ml),0,VND,"Carlsberg Export is a premium-strength lager, with a refined and satisfying taste. It has deep malty notes and a distinct bitterness that generate a full-flavoured lager that is stronger in taste and mouth-feel than our standard Pilsner.","Water, Malted Barley, Hops",Best Served Chilled.,Store away from direct light in a cool & dry place,Carlsberg,660,ml
Shepherd Neame Beer 6.1% Btl (500ml),0,VND,"Shepherd Name & Co India Pale Ale delivers potent bitterness, offset with generous amounts of malt. The aromas of sweet toffee candy malt and floral hops are very noticeable on the nose followed by a medium to light body with a crisp tasting finish. Shepherd Name & Co India Pale Ale will be a perfect match to hot, spicy dishes.","Local Hops, Malted Barley, Glucose Syrup And Water",Best Serve chilled.,"Store in a cool, dry place.",India,500,ml
"Le Fruit Carrot, Orange & Pine Juice (250ml)",37000,VND,"In the centre of Mekong Delta, we select the most delicious and freshest fruits from local family-owned farms. Pineapple Carrot Orange juice is the combination of many layers of taste. Beside the unique flavor, this juice also brings many beneficial nutrients to consumers.","• 100% freshly crushed fruit including Victoria Pineapple (50%), Carrot (25%), Orange (18%), Acerola Cherry (5%), Lime (2%).
• No added preservatives and no added sugar. Additive free and GMO free.","Shake well, serve chilled",Keep in a cool & dry place. Refrigerate once opened & consume within 5 days,Victoria,250,ml
Le Fruit Mango Nectar (250ml),37000,VND,"An exotic and natural nectar of sunny and succulent mangoes. We’ve selected the sweetest and juiciest mangoes which are endemic in Vietnam.
• No added preservatives and no added sugar. Additive free and GMO free.","• 100% freshly crushed fruit including Mango (30%), Acerola Cherry (2%), cane sugar (2%) and water.
• No added preservatives and no added sugar. Additive free and GMO free.","Shake well, serve chilled",Keep in a cool & dry place. Refrigerate once opened & consume within 5 days,Vietnam,250,ml
Le Fruit Mango Nectar (1L),62000,VND,An exotic and natural nectar of sunny and succulent mangoes. We’ve selected the sweetest and juiciest mangoes which are endemic in Vietnam.,"• 100% freshly crushed fruit including mango (30%), Acerola Cherry (2%), cane sugar (2%) and water.
• No added preservatives and no added sugar. Additive free and GMO free.","Shake well, serve chilled",Keep in a cool & dry place. Refrigerate once opened & consume within 5 days,Vietnam,1,L
Budweiser Aluminum Beer 5% Bottle (355ml),44000,VND,Excellent quality consistent for 143 years and available in over 80 countries,"Water, malt, rice and hop",serve chilled,"storage in dry cool place avoiding direct sunlight, excessive heat and freezing",,355,ml
"Sting Strawberry Sleek Can ,320ml",11000,VND,"Sting Energy Drink has a delightful and refreshing flavor with a hint of pleasant strawberry. It helps replenish fluids, provides an energy boost, and supplies vitamins C and E. Sting quenches thirst and alleviates fatigue, all while maintaining a gentle and pleasant strawberry taste. The product is guaranteed to be genuine, high-quality, and safe","CO2 saturated water, acidity regulator, natural strawberry flavor mixture","Shake gently before drinking, use immediately after opening the lid. Tastes better when chilled","Store in a cool, dry place, avoid direct contact with sunlight or high temperatures",,320,ml
"Le Fruit Carrot, Orange & Pine Juice (1L)",65000,VND,"In the centre of Mekong Delta, we select the most delicious and freshest fruits from local family-owned farms. Pineapple Carrot Orange juice is the combination of many layers of taste. Beside the unique flavor, this juice also brings many beneficial nutrients to consumers.

• 100% freshly crushed fruit including Victoria Pineapple (50%), Carrot (25%), 
• Orange (18%), Acerola Cherry (5%), Lime (2%).
• No added preservatives and no added sugar. Additive free and GMO free.","• 100% freshly crushed fruit including Victoria Pineapple (50%), Carrot (25%), 
• Orange (18%), Acerola Cherry (5%), Lime (2%).
• No added preservatives and no added sugar. Additive free and GMO free.","Shake well, serve chilled",Keep in a cool & dry place. Refrigerate once opened & consume within 5 days,Victoria,1,L
Coca Light Sleek Can (320ml),11000,VND,Coca Light Sleek Can (320ml),"Saturated water CO2, food coloring, acidity regulator, synthetic sweetener, preservative, natural cola flavor and caffeine.",Can be used instantly.,"Store at room temperature, in a cool, dry place.",,320,ml
Sting Energy Drink Sleek Can (320ml),11000,VND,"Sting, an energy drink, combines natural ingredients with the delightful flavor of ginseng. This unique blend offers a refreshing and pleasant taste. The product helps replenish fluids, provides an energy boost, and supplies vitamins C and E. It effectively quenches thirst and alleviates fatigue, leaving you feeling invigorated.","CO2 saturated water, cane sugar, acidity regulator, natural & synthetic flavor mixture, premix mixture, vitamins,...","Shake gently before drinking, use immediately after opening the lid. Tastes better when chilled","Store in a cool, dry place, avoid direct contact with sunlight or high temperatures",,320,ml
Coca Cola Sleek Can (320ml),10000,VND,Coca Cola Sleek Can (320ml),"Saturated water CO2, HFCS sugar, cane sugar, food coloring, acidity regulator, natural cola flavor, caffeine.",Can be used instantly.,"Store at room temperature, in a cool, dry place.",,320,ml
Itoen Oi Ocha Green Tea (500ml),25000,VND,"Unsweeted Green Tea Itoen Oi Ocha with a refreshing taste from selected Green Tea leaves. Sugar-free products help you not absorb extra calories and good for health. Specailly, Green Tea is one of the anti-aging easy panacea, give a natural skin smoothers, natural healers of the skin.","- Water, green tea, antioxidant (E300), acidity regulator (E500i)","- Drink directly, shake well before drinking. More delicious with cold drink","- Store at room temperature (25-26OC) or refrigerate the refrigerator (5-10OC)
      - After opening the lid, it should be used up within 24 hours",,500,ml
Coca Zero Sleek Can (320ml),0,VND,Coca Zero Sleek Can (320ml),"Saturated water C02, food coloring (150d), acidity regulator (338, 331(iii)), synthetic sweetener (950, 955), preservative (211), natural cola flavor and caffeine .",Can be used instantly.,"Store at room temperature, in a cool, dry place.",,320,ml
Sunquick Pink Guava & Strawberry Juice (700ml),130000,VND,"Ingredients completely from real fruit, not only provide natural flavor, but also vitamin C is good for health.
High concentration, just use a small portion for each brew, while saving while ensuring the taste.
Produced on modern production lines according to advanced technology in Malaysia, under the strict supervision and inspection of experts.
Variety of different fruit flavors to meet taste and preparation needs.
The product is bottled in glass bottles for optimal preservation, maintaining quality, flavor and color.","Pink guava juice and strawberry concentrate,
sugar, milk flavoring agent, Vitamin C","Shake well diluted 1: 9 and use immediately
 without processing.
More delicious cold drink.","Store at room temperature, in a cool, dry place.",Malaysia,700,ml
Sunquick Mixed Berries Juice (700ml),135000,VND,"Ingredients completely from real fruit, not only provide natural flavor, but also vitamin C is good for health.
High concentration, just use a small portion for each brew, while saving while ensuring the taste.
Produced on modern production lines according to advanced technology in Malaysia, under the strict supervision and inspection of experts.
Variety of different fruit flavors to meet taste and preparation needs.
The product is bottled in glass bottles for optimal preservation, maintaining quality, flavor and color.","Grape juice, elderberry, cherries, raspberry and strawberry concentrate, sugar, milk flavorings, Vitamin C","Shake well diluted 1: 9 and use immediately 
without processing.
More delicious cold drink.","Store at room temperature, in a cool, dry place.",Malaysia,700,ml
Fuji Natural Mineral Water (500ml),65000,VND,"It is a water, collected from Mt. FUJI(elevation: 840m) which is popular among wide range of people. Contains a lot of vanadium and has a mild taste. It is nice to drink as a hot water too.",Water,Ready to drink,Store dry and ambient. Keep away from direct sun light and hot area.,Lot,500,ml
Fuji Natural Mineral Water (780ml),100000,VND,"It is a water, collected from Mt. FUJI(elevation: 840m) which is popular among wide range of people. Contains a lot of vanadium and has a mild taste. It is nice to drink as a hot water too.",Water,Ready to drink,Store dry and ambient. Keep away from direct sun light and hot area.,Lot,780,ml
Loginet Japan Daisetsuzan Mineral Water (2L),101000,VND,"""Yuki no Mizu"" is a gift from Daisetsuzan, Hokkaido. Infinitely pure natural water that sleeps at the foot of Mt. Daisetsu, Hokkaido. Bottling the deliciousness obtained from nature as it is.",Mineral Water,Ready to drink,Store dry and ambient. Keep away from direct sun light and hot area.,Japan,2,L
Loginet Japan Daisetsuzan Mineral Water (550ml),34000,VND,"""Yuki no Mizu"" is a gift from Daisetsuzan, Hokkaido. Infinitely pure natural water that sleeps at the foot of Mt. Daisetsu, Hokkaido. Bottling the deliciousness obtained from nature as it is.",Mineral Water,Ready to drink,Store dry and ambient. Keep away from direct sun light and hot area.,Japan,550,ml
Kimura Fujisan Soda pop (240ml),68000,VND,Premium soda cider (non-alcoholic carbonated drink).Made with the award-winning (Monde Selection® Gold Medal (2012–2014)) natural mountain water from Mount Fuji.3% real Yuzu fruit juice from Japan,"High Fructose Corn Syrup, Yuzu Juice, Acidulant, Flavoring, Vitamin C (E300), Safflower Yellow Colouring",Best served chilled,Store dry and ambient. Keep away from direct sun light and hot area.,Japan,240,ml
Kimura Apple Soft Drink (240ml),68000,VND,Premium soda cider (non-alcoholic carbonated drink).50% real apple juice made with delicious Shinshu apples.Rich and refreshing taste,"Apples (From Shinshu), High Fructose Corn Syrup, Carbon Dioxide, Flavours, Acidulants, Antioxidants (Vitamin C)",Best served chilled,Please store in a cool and dry place. Do not place under direct sunlight.,Shinshu,240,ml
Kimura Peach Soft Drink (240ml),68000,VND,Premium soda cider (non-alcoholic carbonated drink).10% real peach juice made with ripe peaches from Yamanashi and Nagano prefecture.,"Glucose-Fructose Syrup, Peach Juice (From Yamanashi And Nagano Prefecture), Flavourings, Acidulants, Anthocyanin Pigments",Best served chilled,Please store in a cool and dry place. Do not place under direct sunlight.,Yamanashi,240,ml
Kimura Lemon Soft Drink (200ml),60000,VND,"Get that sweet orange soda flavour in you this summer! This orange flavoured soft drink comes in a traditional Ramune or ‘lamune’ glass bottle; a quintessential component of the Japanese summer experience. Pop the marble, release the fizz and drink away!","Carbonated Water, Fructose - Glucose Syrup, Acid (E330), Flavourings (Yuzu Flavouring), Acid (E331), Colour (E102)","• Open your ramune on a flat, stable surface.• Remember to pop out the pull-tab from its housing before trying to open your drink.• Keep holding the push-tab down for a few seconds after you’ve pushed the marble out.","Keep away from direct sunshine, store in room temperature",,200,ml
UCC Oolong Tea Can (330ml),36000,VND,UCC is one of the top coffee and tea beverage companies in Japan. This canned oolong tea is unsweetened with no artificial coloring. Great for those who want their oolong tea on the go.,"Water, Oolong Tea, Sodium Ascorbate",Great for those who want their oolong tea on the go.,"Keep in dry, cool place and avoid direct sunlight",Japan,330,ml
Asahara Syuzo Musashino Beer (330ml),186000,VND,"Multiple kinds of malts are used to create its fresh scent, the bright golden amber, and very lightly hopped flavor.","Water From Kurohime Plateau, Barley Malt, Hops.",Best served chilled,Please store in a cool and dry place. Do not place under direct sunlight.,Plateau,330,ml
UCC Hawaii Kona Coffee Milk Blend Can (337ml),0,VND,"Taste the tropical, refreshing flavors in this ready-to-drink Kona Blend Coffee with Milk. Creamy, sweet, and bold, this canned coffee is delicious hot or cold. Each can is made with coffee brewed from UCC's own coffee farm. Already sweetened with sugar and balanced with milk, you won't need to add anything to this delicious morning beverage. It's perfect for on-the-go caffeine any time of day.","Water, Sugar, Coffee, Skim Milk Powder, Whole Milk Powder, Sucrose Fatty Acid Esters, Artificial Flavor. Contains: Milk",It's perfect for on-the-go caffeine any time of day.,"Keep in a cool and dry place, away from direct sunlight. Once open, keep refrigerated in an airtight container and consume as fast as possible.",Hawaii,337,ml
Ise Kadoya Kumanokodo Beer  (330ml),278000,VND,"Ever since we started brewing, we have always aimed to brew a “pure” and “clean” American Pale Ale. At Ise Kadoya, we capitalize on the characteristics of the Cascade hops by balancing the sweetness, body and bitterness of the aroma.","Malt, Wheat Malt, Rice",Best served chilled,Store dry and ambient. Keep away from direct sun light and hot area.,Cascade,330,ml
Schweppes Soda Sleek Can (320ml),7000,VND,Schweppes Soda Sleek Can (320ml),"Saturated water CO2, acidity regulator (500(ii))",Can be used instantly.,"Store at room temperature, in a cool, dry place.",,320,ml
"VFresh Necta Peach Juice, 1L",0,VND,"100% natural sweetness from fresh fruit (from about 1.0Kg of fresh Peach), no added sugar - Non-GMO fruit juice ingredients",1.0Kg Fresh Peach,Drink directly or after chilling,"Store at room temperature, in a cool, dry place.",,1,L
"VFresh Necta Grapes Juice, 1L",0,VND,"100% natural sweetness from fresh fruit (from about 2.0Kg of fresh Grapes), no added sugar- Non-GMO fruit juice ingredients",2.0Kg Fresh Grapes,Drink directly or after chilling,"Store at room temperature, in a cool, dry place.",,1,L
"VFresh Apple Juice, 1L",0,VND,"100% natural sweetness from fresh fruit (from about 2.0Kg of fresh Apple), no added sugar - Non-GMO fruit juice ingredients",2.0Kg Fresh Apple,Drink directly or after chilling,"Store at room temperature, in a cool, dry place.",,1,L
Bundaberg Pink Grapefruit (375ml),59000,VND,Imported products,,,,,375,ml
Bundaberg Lemonade (375ml),59000,VND,Imported products,,,,,375,ml
Bundaberg Blood Orange (375ml),59000,VND,Imported products,,,,,375,ml
Bundaberg Passionfruit (375ml),0,VND,Imported products,,,,,375,ml
Bundaberg Peach (375ml),59000,VND,Imported products,,,,,375,ml
Bundaberg Pineapple & Coconut (375ml),59000,VND,Imported products,,,,,375,ml
Teabreak Milk Tea (350ml),10000,VND,Kirin Tea Break milk tea is the unique combination of natural green tea and mild milk flavor brings you a delicious nutritious drink,Japanese Black Tea. New Zealand Milk.,It tastes better when it's cold,"Store at room temperature, in a cool, dry place.",New Zealand,350,ml
I-On Life Water (450ml),0,VND,"i-on Life is extracted from Long An natural groundwater and electrolyzed by Japan advanced technology, pH 8.5-9.5 (non-chemical). This ion alkaline water helps neutralize excess stomach acid and support digestion. i-on Liffe is proud of Vietnam Value.",Treated groundwater under high  standard,Can be used instantly.,"Store at room temperature, in a cool, dry place.",Japan,450,ml
Dasani Water Boltle (510ml),5000,VND,Dasani Water Boltle (500ml),Pure water,Can be used instantly.,"Store at room temperature, in a cool, dry place.",,510,ml
Dasani Water Boltle (1.5L),10000,VND,Dasani Water Boltle (1.5L),Pure water,Can be used instantly.,"Store at room temperature, in a cool, dry place.",,1.5,L
Nutriboost Milk Drink Strawberry 297ml,0,VND,Nutriboost Milk Drink Strawberry (297ml),"Water, sugar, milk, apple juice, acidity, synthetic strawberry flavor, vitamins B3, B6, E",Can be used instantly.,"Store at room temperature, in a cool, dry place.",,297,ml
Nutriboost Milk Drink Orange Flavor 297ml,0,VND,Nutriboost Milk Drink Orange Flavor (297ml),"Water, sugar, milk, apple juice, acidity, synthetic orange flavor, vitamins B3, B6, E",Can be used instantly.,"Store at room temperature, in a cool, dry place.",,297,ml
San Miguel Pale Pilsen Beer Can (500ml),0,VND,"San Miguel Pale Pilsen is a light yellow lager with a rich and mellow flavor. It contributes to a pleasant aroma, making San Miguel Pale Pilsen a premium beer.
For more than 100 years, San Miguel Pale Pilsen has inherited a unique legacy of being known as a beer that brings people together, a yeast of soulful friendship, with an alcohol content of 5 degrees","Water, malt, mighty, cereal, hops
Alcohol 7,94 - 8,19% Vol",More delicious cold drink,"Preserved in a dry, cool place, away from sunlight",San Miguel,500,ml
Sapporo Blue Cap Premium Can (330ml),0,VND,"BLUE CAP IS A NEW PRODUCT OF SAPPORO VIETNAM LIMITED Inspired by the unique blue cap in its packaging design, the product has its name ‘Blue Cap’ and blue as its theme color to brings out a strong feel of refreshingness.
Blue Cap is produced in Vietnam under strict Japanese standards, with the commitment to bring about the best values to Vietnamese consumers, following the brand’s core value: ‘Beer of Japanese quality at reasonable price’.","Water, Malt, Rice, Hops.","More delicious when cold drink
Under 18 years of age must not use alcohol
Do not drive while using alcohol","Store in a cool, dry place away from sunlight",Vietnam,330,ml
Ben Shaws Cloudy Lemonade Can (330ml),40000,VND,"For a genuinely retro beverage, look no further than Ben Shaws Cloudy Lemonade. With its classic combination of sweet and sour, this thirst-quenching drink is guaranteed to satisfy your taste buds whilst also evoking some fond childhood memories.","Carbonated Water, Sugar, Lemon Fruit (From Concentrate) (2%). Citric Acid, Preservative (Sodium Benzoate), Acidity Regulator (Sodium Citrate), Flavouring.",Use directly,"Store in a cool, dry place.",,330,ml
Ben Shaws Dandelion&Burdock Can (330ml),40000,VND,Ben Shaw's Dandelion & Burdock - The flavour is just as you remember - with just a hint of licorice at the first sip and a lingering after taste of marzipan. People have been drinking root beer since medieval times and dandelion and burdock are apparently a perfect combination for general health.,"Carbonate Water,Sugar,Colour (Caramel E150D),Citric Acid,Flavourings (Including Natural Extracts Of Dandelion & Burdock),Preservative (Sodium Benzoate),Sweetener (Sodium Saccharin)",Use directly,"Store in a cool, dry place.",Colour,330,ml
Robinsons Fruit Orange No Sugar (275ml),0,VND,"Our hand-picked oranges are grown in warm, sunny climates. Ripened and harvested when they're lovely and juicy, before being pressed and squeezed. That's why every bottle of Fruit Shoot Orange is so deliciously fruity.","Water, Orange Juice From Concentrate (8%), Citric Acid, Acidity Regulator (Sodium Citrate), Natural Flavouring, Preservatives (Potassium Sorbate, Dimethyl Dicarbonate), Antioxidant (Ascorbic Acid), Sweeteners (Acesulfame K, Sucralose), Stabiliser (Xanthan Gum), Natural Colour (Carotenes)",20 servings from every bottle. Simply dilute 1 part Squash to 4 parts water. Dilute further if giving to toddlers.,"Store in a cool, dry place.",,275,ml
Ben Shaws Cloudy Cream Soda Can 330ml,40000,VND,"Ben Shaws Cream Soda - For a genuinely retro beverage, look no further than Ben Shaws Cream Soda. Carbonated cream soda flavour soft drink with sugar and sweetener.Benjamin Shaw began producing soft drinks in 1871 with his homemade recipes. Today, Ben Shaws Drinks taste as delicious as ever, standing the test of time and proving that the old classics are still the best.","Carbonated Water, Sugar, Flavouring, Citric Acid, Acidity, Regulator (Sodium Citrate), Preservative (Sodium Benzoate), Sweetener (Sodium Saccharin).",Best served chilled,Store away from direct light in a cool & dry place.,,330,ml
Robinsons Fruit Shoot Summer Fruits (275ml),0,VND,"Made with real fruit. With added multivitamins. No added sugar contains naturally occurring sugars. When kids are busy doing the things they love, we're right there with them. Keeping them refreshed with our great tasting kids juice drinks. It's just what we do. Our apples are grown in the best climates while our strawberries and raspberries are hand-picked straight from the field, harvested and pressed when they're lovely and juicy.","Water, Fruits Juices From Concentrate (Apple 5%, Strawberry 2%, Raspberry 1%), Acid (Citric Acid), Natural Strawberry Flavouring With Other Natural Flavourings, Acidity Regulator (Sodium Citrate), Natural Colour (Anthocyanins), Preservatives (Potassium Sorbate, Dimethyl Dicarbonate), Sweeteners (Acesulfame K, Sucralose), Vitamins (Niacin, B6, Biotin)","Perfect for family days in or out, picnics in the garden and to accompany kids' meals Convenient spill proof cap especially for kids Ready to drink, 1 serving per bottle.","Store in a cool, dry place.",Niacin,275,ml
Robinsons Apple & Blackcurrant No Sugar (1L),159000,VND,Our apples are grown in the best climates for their tangy appley taste. While our plump blackcurrants are picked straight from the field. All pressed and juiced. That's why every bottle of Fruit Shoot Apple & Blackcurrant is so deliciously fruity.,"Water, Fruit Juices From Concentrate (Apple 9%, Blackcurrant 1%), Acids (Citric Acid, Malic Acid), Natural Colour (Anthocyanins), Natural Flavouring, Acidity Regulator (Sodium Citrate), Sweeteners (Acesulfame K, Sucralose), Preservatives (Potassium Sorbate, Sodium Metabisulphite), Stabiliser (Cellulose Gum)",20 servings from every bottle. Simply dilute 1 part Squash to 4 parts water. Dilute further if giving to toddlers.,"Store in a cool, dry place.",,1,L
Robinsons Lemon No Sugar (1L),159000,VND,A delicious and great tasting squash drink made with real fruit juices and absolutely no added sugar. A tasty and easy way to enjoy drinking more water and perfect for the whole family.,"Water, Lemon Fruit From Concentrate (10%), Acid (Citric Acid), Acidity Regulator (Sodium Citrate), Natural Flavouring, Preservatives (Potassium Sorbate, Sodium Metabisulphite), Sweeteners (Aspartame, Saccharin), Stabiliser (Cellulose Gum)",20 servings in every bottle. Simply dilute 1 part Squash to 4 parts water. Dilute further if giving to toddlers,"Store in a cool, dry place.",,1,L
Robinsons Orange No Sugar (1L),159000,VND,"Robinsons uses real fruit in their beverages. This particularjuice includes naturally sourced fresh taste of Orange. Enjoy chilled as a light and tart refresher! Guess what? Your favorite beverage line also carries No Added Sugar! Just add 1 parts Robinsons, and 4 parts water for a refreshing drink!","Water, Orange Fruit From Concentrate (10%), Acid (Citric Acid), Acidity Regulator (Sodium Citrate), Natural Flavouring, Sweeteners (Aspartame, Saccharin), Preservatives (Potassium Sorbate, Sodium Metabisulphite), Stabilisers (Cellulose Gum, Sucrose Acetate Isobutyrate), Emulsifier (Glycerol Esters Of Wood Rosins), Natural Colour (Carotenes)",20 servings from every bottle. Simply dilute 1 part Squash to 4 parts water. Dilute further if giving to toddlers.,"Store in a cool, dry place.",Orange,1,L
Robinsons Fruit&Barley Orange No Sugar (1L),159000,VND,A deliciously smooth squash drink made with a special blend of barley and real fruit juices with absolutely no added sugar. A tasty and easy way to enjoy drinking more water and perfect for the whole family.,"Water, Orange Juice From Concentrate (7%), Orange Fruit From Concentrate (3%), Acids (Citric Acid, Malic Acid), Refined Barley Flour (1%), Acidity Regulator (Sodium Citrate), Natural Flavouring, Sweeteners (Acesulfame K, Sucralose), Preservatives (Potassium Sorbate, Sodium Metabisulphite), Antioxidant (Ascorbic Acid), Emulsifier (Glycerol Esters Of Wood Rosins), Natural Colour (Carotenes)",20 servings from every bottle. Simply dilute 1 part Squash to 4 parts water. Dilute further if giving to toddlers.,"Store in a cool, dry place.",,1,L
Robinsons Fruit&Barley Peach No Sugar (1L),159000,VND,A deliciously smooth squash drink made with a special blend of barley and real fruit juices with absolutely no added sugar. A tasty and easy way to enjoy drinking more water and perfect for the whole family.,"Water, Peach Juice From Concentrate (10%), Acids (Citric Acid, Malic Acid), Refined Barley Flour (1%), Acidity Regulator (Sodium Citrate), Sweeteners (Acesulfame K, Sucralose), Natural Flavouring, Preservatives (Potassium Sorbate, Sodium Metabisulphite), Natural Colours (Anthocyanins, Carotenes), Antioxidant (Ascorbic Acid)",20 servings in every bottle. Simply dilute 1 part Squash to 4 parts water. Dilute further if giving to toddlers,"Store in a cool, dry place.",,1,L
Robinsons Fruit&Barley Pink Grapefruit (1L),159000,VND,A deliciously smooth squash drink made with a special blend of barley and real fruit juices with absolutely no added sugar. A tasty and easy way to enjoy drinking more water and perfect for the whole family.,"Water, concentrated red grapefruit juice (10%), acid (citric acid, malic acid), refined barley flour (1%), acidity regulator (sodium citrate), sweetener (acesulfame K, sucralose) , preservatives (potassium sorbate, sodium metabisulphite), natural colors (anthocyanins), natural flavors, antioxidants (ascorbic acid).",20 servings from every bottle. Simply dilute 1 part Squash to 4 parts water. Dilute further if giving to toddlers.,"Store in a cool, dry place.",,1,L
Robinsons Fruit&Barley Summer Fruits (1L),159000,VND,A deliciously smooth squash drink made with a special blend of barley and real fruit juices with absolutely no added sugar. A tasty and easy way to enjoy drinking more water and perfect for the whole family.,"Water, Fruit Juices From Concentrate 10% (Apple 9%, Strawberry 0.3%, Plum Blackcurrant, Cherry 0.1%), Acids (Citric Acid, Malic Acid), Refined Barley Flour (1%), Natural Colour (Anthocyanins), Acidity Regulator (Sodium Citrate), Sweeteners (Acesulfame K, Sucralose), Preservatives (Potassium Sorbate, Sodium Metabisulphite), Natural Flavouring, Antioxidant (Ascorbic Acid)",20 servings in every bottle. Simply dilute 1 part Squash to 4 parts water. Dilute further if giving to toddlers,"Store in a cool, dry place.",Strawberry,1,L
Boost Energy Cherry Burst Can (250ml),0,VND,"Carbonated Mixed  Cherry Flavour Drink with Taurine, Caffeine and B Vitamins, with Sugars and Sweeteners.","Carbonated water; citric acid; taurine 0.4%; natural flavoring; acidity regulator (sodium citrate); concentrated vegetable juices (black carrots, black currants); caffeine 0.03%; sweeteners (aspartame; acesulfame K); preservative (sodium benzoate); Vitamins (Niacin; Pantothenic Acid; B6; B12); Inositol.",Ready to use,Store away from direct light in a cool & dry place.,Sugars,250,ml
Boost Sport Tropical Berry Isotonic (500ml),0,VND,The performance enhancing Isotonic drink. Rehydrate. Refuel. Recharge.,"Water, Glucose-Fructose Syrup, Acid (Citric Acid), Mineral Salts (Sodium Chloride, Potassium Citrate, Calcium Lactate, Magnesium Chloride), Flavourings, Dextrose, Preservatives (Potassium Sorbate, Dimethyl Dicarbonate), Sweeteners (Aspartame, Acesulfame K), Stabiliser (Acacia Gum), Vitamin B6, Colour (Brilliant Blue). Contains A Source Of Phenylalanine",Use directlty,Store away from direct light in a cool & dry place.,,500,ml
Lucozade Energy Orange (380ml),83000,VND,"Lucozade Energy provides glucose, the brain and body's natural prepared energy source.","Carbonated Water, Glucose Syrup (11%), Orange Juice From Concentrate (6%), Acid (Citric Acid), Acidity Regulator (Sodium Gluconate), Preservative (Potassium Sorbate), Sweeteners (Aspartame, Acesulfame-K), Stabiliser (Acacia Gum), Caffeine, Flavourings, Antioxidant (Ascorbic Acid), Colour (Beta Carotene)",Enjoy it cold and as part of a balanced diet and an active lifestyle.,"Store in a cool, dry place.",Caffeine,380,ml
Lucozade Energy Original (380ml),0,VND,"Our refreshing Lucozade Energy Original, that classic tasting Lucozade. Powering your positivity.Lucozade Energy Original is a sparkling drink powered by glucose, offering refreshment with that great tasting, classic flavour.","Carbonated Water, Glucose Syrup (13%), Acids (Citric Acid, Lactic Acid), Acidity Regulator (Sodium Citrate), Preservative (Potassium Sorbate), Caffeine, Sweeteners (Aspartame, Acesulfame-K), Antioxidant (Ascorbic Acid), Colours (Sunset Yellow, Ponceau 4R), Flavourings",Ready to use,"Store in a cool, dry place.",,380,ml
Red Bull Energy Drink Can (355ml),99000,VND,"Red Bull Energy Drink's special formula contains ingredients of high quality: Caffeine, Taurine, B-Group Vitamins, Sugars, Alpine Water.One 250 ml can of Red Bull Energy Drink contains 80 mg of caffeine, about the same amount as in a cup of home-brewed coffee.The amount of sugars in a can of Red Bull Energy Drink is comparable to the level of sugars in an equivalent amount of apple or orange juice 11 g per 100 ml.","Water, Sucrose, Glucose, Acidifier Citric Acid, Carbon Dioxide, Taurine (0.4%), Acidity Regulator (Sodium Carbonates, Magnesium Carbonate), Caffeine (0.03%), Vitamins (Niacin, Pantothenic Acid, B6, B12), Flavourings, Colours (Caramel, Riboflavin)",Best Serve chilled.,"Store in a cool, dry place.",Taurine,355,ml
Lucozade Sport Orange (500ml),103000,VND,Lucozade Sport Orange is a flavoured isotonic sports drink specifically formulated to provide carbohydrates and electrolytes to enhance hydration and help maintain performance during prolonged endurance exercise.,"Water, Glucose Syrup, Acid (Citric Acid), Acidity Regulator (Sodium Citrate), Stabiliser (Acacia Gum), Preservative (Potassium Sorbate), Antioxidant (Ascorbic Acid), Sweeteners (Aspartame, Acesulfame K), Flavouring, Vitamins (Niacin, Pantothenic Acid, B6, B12), Colour (Beta Carotene)",Use directly,"Store in a cool, dry place.",,500,ml
John Hollows Ginger Beer 4% Btl (500ml),0,VND,"A deliciously smooth and refreshing alcoholic ginger beer. Inspired by Thomas Fentimans original recipe, our alcoholic ginger beer is made using all natural ingredients and is certified gluten free.","Roots, water, sugar, pear juice, brewer's yeast.",Best served chilled. Drink moderately,"Store in a cool and dry place, avoid direct exposure to sunlight",,500,ml
Monster Energy Can (500ml),102000,VND,"Carbonated energy drink with taurine, L-carnitine, caffeine, ginseng and B vitamins with sugars and sweetener.Carbonated energy drink with taurine, L-carnitine, caffeine, ginseng and B vitamins with sugars and sweetener. Tear into a can of Monster Energy, the meanest energy drink on the planet.
 It's the ideal combo of the right ingredients in the right proportion to get the job done like only Monster can. Monster has an intense but smooth flavour.","Carbonated Water, Sucrose, Glucose Syrup, Acid (Citric Acid), Natural Flavourings, Taurine (0.4%), Acidity Regulator (Sodium Citrate), Panax Ginseng Root Extract (0.08%), L-Carnitine L-Tartrate (0.04%), Caffeine (0.03%), Preservatives (Sorbic Acid, Benzoic Acid), Colour (Anthocyanins), Vitamins (B2, B3, B6, B12), Sodium Chloride, D-Glucuronolactone, Guarana Seed Extract (0.002%), Inositol, Sweetener (Sucralose)",Serve cold for maximum refreshment.,"Store in a cool, dry place.",Monster,500,ml
Lucozade Sport Raspberry (500ml),0,VND,"Unlock your body's potential with Lucozade Sport Unlock your body's potential with Lucozade Sport.Your performance partner for sports and exercise, Hydrate, perform, taste
 Lucozade Sport provides carbohydrates and electrolytes to:
 Enhance hydration during exercise","Water, Glucose Syrup, Acid (Citric Acid), Acidity Regulator (Sodium Citrate), Extract Of Black Carrot, Preservative (Potassium Sorbate), Stabilisers (Acacia Gum, Glycerol Esters Of Wood Rosins), Sweeteners (Aspartame, Acesulfame K), Antioxidant (Ascorbic Acid), Flavourings, Vitamins (Niacin, Pantothenic Acid, B6, B12)",Shake well before use,"Store in a cool, dry place.",,500,ml
Bioitalia Grape Juice (750ml),0,VND,The grape juice is rich in vitamins and minerals. Ideal at breakfast for a bigger intake of nutrients. Only grape with neither conservation agents nor additives or added sugars.,100% organic grape juice.,"BioItalia Organic Grape Juice (750ml) with 100% Organic ingredients imported directly from Italy.
The juice only uses grapes as the main ingredient. Absolutely no added sugars, preservatives or artificial flavours.
If you are looking for a pure fruit juice, choose BioItalia for the health of your family.","In a dry, cool place, avoid direct contact with sunlight. Refrigerate after opening and use within 1 week. Natural settling can occur. Shake well before use.",,750,ml
Bioitalia Apple & Blackcurrant (120g),49000,VND,"A smoothie natually rich in C vitamin, which has a powerful anti-oxidant effect and stimulates the immune system. Ideal for a snack and good both for  children and adults.","Apple* (70%), black currant* (30%)
. (*from organic farming)","Bioitalia Organic Apple and Blackcurrant Smoothie (120g)
You look for a vitamin rich fruit smoothie with 100% Organic ingredients.
Bioitalia Organic Apple and Blackcurrant Smoothie (120g) with absolutely no preservatives, no added sugar or artificial flavors imported from Italy is absolutely a great choice for your family.
In addition, this is a very good product to supplement nutrition, especially fiber for young children. With eye-catching packaging, the product is loved by many children.
Certified organic products are imported directly from Italy.","In a dry, cool place, avoid direct contact sunlight. Refrigerate after opening and use within 2 days.",,120,g
"Bioitalia Apple, Banana & Strawberry (120g)",49000,VND,Begin your day with the right charge and full of energy. Ideal also for those who practice sport. Only fruit with neither conservation agents nor additives or added sugars.,"Apple* (70%), banana* (10%), strawberry* (20%).
(* from organic farming)","Bioitalia Organic Apple, Banana and Strawberry Fruit Smoothie (120g).
Certified organic products are imported directly from Italy.
You look for a vitamin rich fruit smoothie with 100% Organic ingredients.
Bioitalia Organic Apple, Banana and Strawberry Fruit Smoothie (120g) with absolutely no preservatives, no added sugar or artificial flavors imported from Italy is absolutely a great choice for your family.
In addition, this is a very good product to supplement nutrition, especially fiber for young children. With eye-catching packaging, the product is loved by many children.","In a dry, cool place, avoid direct contact sunlight. Refrigerate after opening and use within 2 days.",,120,g
Bioitalia Apple (120g),49000,VND,"A complete fruit in which coexist, in a perfect balance, water, fibers, minerals and vitamins. In the context of a balanced diet, the apple can facilitate the digestion, it is useful to purify the organism and regulate the abosorption of sugar in the bloodstream . A smoothie that fosters asense of satiety: it can be consumed both as a snack and after a meal.",100% organic apples,"Products are certified organic, imported directly from Italy.
You look for a vitamin rich fruit smoothie with 100% Organic ingredients. Organic Apple Smoothie (120g) BioItalia has absolutely no preservatives, no added sugar or artificial flavorings imported from Italy, absolutely a great choice for your family. In addition, this is a very good product to supplement nutrition, especially fiber for young children. With eye-catching packaging, the product is loved by many children","In a dry, cool place, avoid direct contact sunlight. Refrigerate after opening and use within 2 days.",,120,g
"Bioitalia Apricot, Carrot & Pumpkin (120g)",49000,VND,"An energetic mix, rich in Vitamin  A and beta carotene, fundamental substances for the well being of our organism, useful for our sight and skin. A smoothies that boasts of anti-oxidant properties, that help protect us against the free radicals, ideal for an energetic break.","Carrot* (60%), apricot* (25%), pumpkin* (15%).
 (* from organic farming)","The product is certified organic in Europe.
Imported directly from Italy.
Safe to use for adults and children over 1 year old.
The leading brand in organic certified pure fruit smoothies on the market.
BioItalia Organic Apricot, Carrot and Pumpkin Smoothie (120g) is a Vitamin rich fruit smoothie with 100% Organic ingredients.
BioItalia fruit smoothies with absolutely no preservatives, no added sugar or artificial flavors imported from Italy are absolutely a great choice for your family.
In addition, this is a very good product to supplement nutrition, especially fiber for young children. With eye-catching packaging, the product is loved by many children.
Certified organic products are imported directly from Italy.","In a dry, cool place, avoid direct contact sunlight. Refrigerate after opening and use within 2 days.",,120,g
Bioitalia Plums (120g),49000,VND,"Plum are rich in beneficial properties: antioxidant, detoxing and purifying. Drinking this smoothie in the morning may favor your bowel habits, but it can be drunk at every moment of the day.",100% organic plums,"Bioitalia Organic Plum Smoothie (120g) Are you looking for a Vitamin rich fruit smoothie with 100% Organic ingredients.
Bioitalia Organic Plum Smoothie (120g) with absolutely no preservatives, no added sugar or artificial flavors imported from Italy is absolutely a great choice for your family. In addition, this is a very good product to supplement nutrition, especially fiber for young children. With eye-catching packaging, the product is loved by many children. Certified organic products are imported directly from Italy.","In a dry, cool place, avoid direct contact sunlight. Refrigerate after opening and use within 2 days.",,120,g
Le Fruit Guava/Dragon Fruit/Beetroot Nectar (250ml),37000,VND,"In the centre of Mekong Delta, we select the most delicious and freshest fruits from local family-owned farms. Guava Dragon Fruit Beetroot Nectar was a best-seller product of Le Fruit last year. Most of consumers prefer this product because of the special taste.","• The percentages of ingredients including Pink Guava (25%), Dragon Fruit (5.4%), Cane Sugar, Beetroot (4%), Lime (2.5%), Acerola Cherry (2%) and water.
• No added preservatives. Additive free and GMO free.","Shake well, serve chilled",Keep in a cool & dry place. Refrigerate once opened & consume within 5 days,Centre,250,ml
Le Fruit Guava/Dragon Fruit/Beetroot Nectar (1L),64000,VND,"In the centre of Mekong Delta, we select the most delicious and freshest fruits from local family-owned farms. Guava Dragon Fruit Beetroot Nectar was a best-seller product of Le Fruit last year. Most of consumers prefer this product because of the special taste.","• The percentages of ingredients including Pink Guava (25%), Dragon Fruit (5.4%), Cane Sugar, Beetroot (4%), Lime (2.5%), Acerola Cherry (2%) and water.
• No added preservatives. Additive free and GMO free.","Shake well, serve chilled",Keep in a cool & dry place. Refrigerate once opened & consume within 5 days,Centre,1,L
"Bioitalia Apple, Kiwi & Spinach (120g)",49000,VND,"The ideal mix of fruit and vegetable to purify and protect the organism, thanks to the presence of C Vitamin. An excellent smoothie  to be used as a snack both for children and adults.","Apple* (70%), kiwi* (20%), spinach* (10%).
 (* from organic farming)","Bioitalia Organic Apple, Kiwi and Spinach Smoothie (120g)
You look for a vitamin rich fruit smoothie with 100% Organic ingredients.
Bioitalia organic apple, kiwi and spinach blend (120g) with absolutely no preservatives, no added sugar or artificial flavors imported from Italy is absolutely a great choice for your family.
In addition, this is a very good product to supplement nutrition, especially fiber for young children. With eye-catching packaging, the product is loved by many children.
Certified organic products are imported directly from Italy.","In a dry, cool place, avoid direct contact sunlight. Refrigerate after opening and use within 2 days.",,120,g
"7Up Free, Lemon, Lime & Bubbles (330ml)",39000,VND,"Tasty Twist of Lemon and Lime Flavour, no sugar, low calorie carbonated soft drink.7UP Free is a crisp, clean & refreshing taste of sparkling lemon & lime.Enjoy great 7UP taste, free of sugar with only 7 calories per can. Ideal to enjoy alongside your favourite meal.Take a moment to refresh and feel good to be free; perfect for when you're on the go, in good company, or to sit back and relax after a long day.","Carbonated Water,Citric Acid,Natural Lemon And Lime Flavouring,Malic Acid,Acidity Regulator (Sodium Citrate),Sweeteners (Aspartame, Acesulfame K),Potassium Chloride,Pectin,Contains A Source Of Phenylalanine",Use directly,"Store in a cool, dry place.",,330,ml
Bottlegreen Elderflower Cordial (500ml),238000,VND,"The light, delicate taste of hand-picked elderflowers perfectly captures the essence of warm summer days and relaxing evenings. Simply dilute to taste with still or sparkling water.","Sugar, Cotswold Spring Water, Glucose Syrup, Elderflowers, Fructose, Citric Acid, Natural Flavourings",Best Serve chilled.,"Store in a cool, dry place.",Sugar,500,ml
Bottlegreen Ginger/Lemongrass Btl  (500ml),238000,VND,"Our aromatic Ginger & Lemongrass Cordial contains a blend of carefully selected, high quality ingredients, Free from artificial flavours, colours and preservatives, Non-alcoholic, Suitable for vegetarians.An enticing far-eastern blend of fragrant lemongrass and piquant ginger. Perfect when diluted to taste with still or sparkling water or with hot water on a cold winter's night. It also adds a wonderful extra bite and depth to stir fries or salad dressings.","Sugar, Cotswold Spring Water, Glucose Syrup, Citric Acid, Natural Flavourings (Including Natural Ginger And Lemongrass Extracts), Honey",Use directly,"Store in a cool, dry place.",Eastern,500,ml
Appletiser Sparkling Apple Juice (750ml),286000,VND,"Appletiser is made with gently sparkling 100% apple juice. 150ml officially counts as one of your 5-a-day, Appletiser makes any meal more Appletising.",Carbonated Apple Juice From Concentrate (100%),Best Serve chilled.,"Store in a cool, dry place.",,750,ml
Ben Shaws Bitter Shandy Classic Can (330ml),0,VND,Ben Shaws Bitter Shandy is a classic beverage made from real beer and lemonade. Perfect for youngsters who want to feel like grownups – and for grownups who want to reminisce on being youngsters!,"Carbonated Water, Beer (Barley) (12%), Sugar, Acid (Citric Acid), Colour (Ammonia Caramel), Flavourings, Preservative (Sodium Benzoate), Sweetener (Sodium Saccharin), Stabiliser (Quillaia Extract).",Best Serve chilled.,"Store in a cool, dry place.",Sugar,330,ml
Appletiser Sparkling Apple Juice (250ml),0,VND,"Appletiser is made with gently sparkling 100% apple juice. 150ml officially counts as one of your 5-a-day, Appletiser makes any meal more Appletising.",Carbonated Apple Juice From Concentrate (100%),Best Serve chilled.,"Store in a cool, dry place.",,250,ml
Le Fruit Sugar cane &Calamansi Juice (250ml),37000,VND,"In the centre of Mekong Delta, we select the most delicious and freshest fruits from local family-owned farms. Sugarcane & calamansi juice has the featured sweetness from sugarcane, in addition to a bit of gentle calamansi. You will experience a sense of pure sweetness in Vietnamese way.

• 100% freshly crushed fruit including Sugarcane juice (97,5%), Calamansi (2,5%).
• No added preservatives and no added sugar. Additive free and GMO free.","• 100% freshly crushed fruit including Sugarcane juice (97,5%), Calamansi (2,5%).
• No added preservatives and no added sugar. Additive free and GMO free.","Shake well, serve chilled",Keep in a cool & dry place. Refrigerate once opened & consume within 5 days,Centre,250,ml
Ligo Apple Juice (1L),0,VND,"Ligo is a famous juice brand, 100% natural fruit juice - nutritious, with no added sugar, coloring or preservatives - the goodness of nature.",Apple juice 100%,"Use directly , shake well before use","Store in a dry and cool place, refrigerate after opening",,1,L
Ligo Guava Juice (1L),0,VND,"Ligo is a famous juice brand, 100% natural fruit juice - nutritious, with no added sugar, coloring or preservatives - the goodness of nature.",Guava juice 100%,"Use directly , shake well before use","Store in a dry and cool place, refrigerate after opening",,1,L
Ligo Pineapple Juice (1L),74000,VND,"Ligo is a famous juice brand, 100% natural fruit juice - nutritious, with no added sugar, coloring or preservatives - the goodness of nature.",Pineapple juice 100%,"Use directly , shake well before use","Store in a dry and cool place, refrigerate after opening",,1,L
Monster Energy Punch (500ml),102000,VND,"Punch Monster is a new take on a classic. It’s sweet like the punch you mixed yourself as a kid, but with a little carbonation for a smooth finish. Baller’s Blend is high performance fuel that’s optimized for the true baller. Packed with a full load of our Monster energy blend, Baller’s Blend will keep you going strong through the last round.","Carbonated Water, Sucrose, Glucose, Apple Juice Concentrate, Taurine, Citric Acid, Panax Ginseng Root Extract, Sodium Citrate, Pectin, Caffeine, Potassium Sorbate, Maltodextrin, Sodium Benzoate, Natural Flavors, Mango Puree, Cranberry Puree, Cherry Juice Concentrate, Banana Puree, Niacinamide, Sucralose, L-Carnitine L-Tartrate, Fd&C Red #40, Gum Arabic, Sodium Chloride, Inositol, D-Glucuronolactone, Pyridoxine Hydrochloride, Ester Gum, Riboflavin, Guarana Seed Extract, Fd&C Blue #1, Cyanocobalamin.",Open the can by using the ringpull.,"Store in a cool, dry place.",Monster,500,ml
Ligo Mix Fruit Juice (1L),74000,VND,"Ligo is a famous juice brand, 100% natural fruit juice - nutritious, with no added sugar, coloring or preservatives - the goodness of nature.","Apple 50%, orange juice 30%, mango puree 20%","Use directly , shake well before use","Store in a dry and cool place, refrigerate after opening",,1,L
Monster Pipeline Energy Punch (500ml),0,VND,"Banzai Pipeline, the world's most famous wave, on Oahu's fabled North Shore comes alive for just a few brief months every winter. In honour of this epic force of nature, we created Juice Monster Pipeline Punch.The perfect blend of the best flavours Hawaii has to offer passion fruit, orange & guava then “Monsterised” with a full load of our famous energy blend.","Carbonated Water, Fruit Juices From Concentrate (6%) (Orange, Apple, Guava, Pineapple, Passion Fruit), Sucrose, Glucose Syrup, Taurine (0.4%), Acid (Citric Acid), Maltodextrin, Flavourings, Acidity Regulator (Sodium Citrates), Preservatives (Potassium Sorbate, Sodium Benzoate), Caffeine (0.03%), Vegetable Oils (Coconut, Rapeseed), Sweetener (Sucralose), Modified Starch, Vitamins (B3, B6, B2, B12), L-Carnitine L-Tartrate (0.004%), Sodium Chloride, Inositol (0.002%), Colour (E129)",Open the can by using the ringpull.,"Store in a cool, dry place.",Hawaii,500,ml
Monster Energy Ultra Zero Sugar (500ml),102000,VND,"This new Monster drink is a little less sweet, lighter-tasting, has zero calories, but with a full load of our Monster energy blend.Sure, white is the new black. Monster Energy Ultra: Unleash the Ultra Beast!","Carbonated Water, Acid (Citric Acid), Taurine (0.4%), Acidity Regulator (Sodium Citrate), Flavourings, Panax Ginseng Root Extract (0.08%), Sweeteners (Sucralose, Acesulfame K), Caffeine (0.03%), Preservatives (Sorbic Acid, Benzoic Acid), L-Carnitine L-Tartrate (0.015%), Vitamins (B3, B5, B6, B12), Sodium Chloride, D-Glucronolactone, Guarana Seed Extract (0.002%), Inositol",Open the can by using the ringpull.,"Store in a cool, dry place.",Monster,500,ml
Emerge Energy Original 250ml,39000,VND,"Emerge is a great tasting energy drink specifically developed to energise your body when you need it most. Niacin, Pantothenic Acid, Vitamin B6 and Vitamin B12 contribute to the reduction of tiredness and fatigue. Each can contains at least 25% of these B vitamin DRI's*.","Carbonated Water, Sugar, Acid (Citric Acid), Taurine (0.3%), Acidity Regulator (Sodium Citrate), Flavourings, Caffeine (0.03%), Colours (Ammonia Caramel, Riboflavins), Preservative (Sodium Benzoate), Sweeteners (Sucralose, Acesulfame K), Vitamins (Niacin, Pantothenic Acid, Vitamin B6, Vitamin B12), Inositol",Serve Cool,"Store in a cool, dry place.",Taurine,250,ml
Volvic Touch Of Fruit Summer Fruits (1.5L),96000,VND,"Volvic Touch of Fruit Summer Fruits water is a refreshing blend of Volvic Natural Mineral Water with a touch of natural Summer Fruits flavour. Each bottle of Volvic flavoured water, refreshes like water & tastes like a touch of fruit.","Volvic Natural Mineral Water (97.5%), Sugar (2.3%), Acid (Citric Acid), Natural Summer Fruit (Raspberry, Strawberry, Blackcurrant) Flavouring With Other Natural Flavourings, Natural Strawberry Flavouring With Other Natural Flavourings, Sweetener (Steviol Glycosides From A Natural Source (Stevia Extract)), Preservative (Potassium Benzoate), Sweetened With An Extract From Stevia Leaf",Best Served Chilled.,Store away from direct light in a cool & dry place,Sugar,1.5,L
Volvic Touch Of Fruit Strawberry (1.5L),96000,VND,"Volvic Touch of Fruit Strawberry water is a refreshing blend of Volvic Natural Mineral Water with a touch of natural Strawberry flavour. Each bottle of Volvic flavoured water, refreshes like water & tastes like a touch of fruit.","Volvic Natural Mineral Water (97.5%), Sugar (2.3%), Acid (Citric Acid), Natural Strawberry Flavouring With Other Natural Flavourings, Sweetener (Steviol Glycosides From A Natural Source (Stevia Extract)), Preservative (Potassium Benzoate), Sweetened With An Extract From Stevia Leaf",Best Served Chilled.,Store away from direct light in a cool & dry place,Sugar,1.5,L
Volvic Touch Of Fruit Lemon & Lime (1.5L),96000,VND,"Volvic Touch of Fruit Lemon & Lime water is a refreshing blend of Volvic Natural Mineral Water with a touch of natural Lemon & Lime flavour. Each bottle of Volvic flavoured water, refreshes like water & tastes like a touch of fruit.","Volvic Natural Mineral Water (97.4%), Sugar (2.3%), Acid (Citric Acid), Natural Lemon Lime Flavouring With Other Natural Flavourings, Sweetener (Steviol Glycosides From A Natural Source (Stevia Extract)), Preservative (Potassium Benzoate), Sweetened With An Extract From Stevia Leaf",Best Served Chilled.,Store away from direct light in a cool & dry place,Sugar,1.5,L
Orangina Orange Juice Can (330ml),0,VND,"Sparkling Orange Juice Drink with Citrus Pulp, Sugar and Sweeteners. Orangina has a unique fresh orange taste, zesty aroma and soft sparkle that’s unlocked with a good shake. We use real orange pulp together with the ingredients of citrus juices and an orange zest blend to create a refreshingly special drinking experience. This multipack contains 6 x 330ml cans, so you can enjoy delicious individual cans of Orangina with friends and family!","carbonated water , orange juice from concentrate , sugar ,lemon juice from concentrate , orange pulp ,mandarin pulp , mandarin juice from concentrate , grapefruit juice from concentrate , orange peel extract , natural orange flavors.",Shake it well. Best served chilled,Store in the shade away from heat.,Sweeteners,330,ml
Lipton Iced Tea Peach Can (330ml),0,VND,"Lipton Ice Tea Peach is a delicious refreshing carbonated soft drink with peach flavor, suitable for any time of the day. Lipton Ice Tea Peach is made from tea. The combination of tea and peach gives this drink a fresh and mild taste","Water, high fructose corn syrup, citric acid, black tea, sodium hexametaphosphate (to protect flavour), natural flavour, phosphoric acid, potassium sorbate (preserves freshness), potassium benzoate (preserves freshness), acesulfame potassium, calcium disodium EDTA (to protect flavour), sucralose","Serve with ice and slices of lemon,Perfect for non-alcoholic cocktails.Refrigerate after opening.Consume within 3 days of opening","Store in a cool and dry place, avoid direct exposure to sunlight",,330,ml
AG Orange Juice (1L),0,VND,"Fruit juice products from Annam Gourmet brand are made from fresh and natural ingredients with a sweet, aromatic taste from fresh fruits, the product contains many nutrients, antioxidants, high vitamin C content. good for health",Orange Juice,Use directly,"Should be stored in the refrigerator
Avoid being bumped or crushed by force",,1,L
AG Mixed Juice 500ml,65000,VND,"Fruit juice products from Annam Gourmet brand are made from fresh and natural ingredients with a sweet, aromatic taste from fresh fruits, the product contains many nutrients, antioxidants, high vitamin C content. good for health",Mixed Juice,Use directly,"Should be stored in the refrigerator
Avoid being bumped or crushed by force",,500,ml
AG Mixed Juice 1L,0,VND,"Fruit juice products from Annam Gourmet brand are made from fresh and natural ingredients with a sweet, aromatic taste from fresh fruits, the product contains many nutrients, antioxidants, high vitamin C content. good for health",Mixed Juice,Use directly,"Should be stored in the refrigerator
Avoid being bumped or crushed by force",,1,L
DydoBlend Demitasse 34% Sugar Café Can 150g,0,VND,"This is newly released ""Demitas sweetness refrained sugar"". According to the image of ""Bitter rich Koku"", it is a design of candy color. Compared to ""Demitasse Coffee"" and ""Demitas Fine Sugar"", the sweetness is moderate, and the bitter and deep taste of coffee is more clearly felt.",Coffee,perfectly and will give you a nice caffeine kick. Enjoy Chilled.,"Keep in a cool and dry place, away from direct sunlight. Once open, keep refrigerated in an airtight container and consume as fast as possible.",,150,g
AG Orange Juice (500ml),40000,VND,"Fruit juice products from Annam Gourmet brand are made from fresh and natural ingredients with a sweet, aromatic taste from fresh fruits, the product contains many nutrients, antioxidants, high vitamin C content. good for health",Orange Juice,Use directly,"Should be stored in the refrigerator
Avoid being bumped or crushed by force",,500,ml
Dydo Blend Milk Coffee PET Bottle (430ml),0,VND,Dydo Blend Rich Milk Coffee is a fine sugar coffee that uses 3 types of milk,"Milk, Sugar, Coffee, Skimmed Milk Powder, Whole Milk Powder, Cream, Food Such As Milk As The Main Ingredients, Dextrin, Salt, Emulsifier, Cellulose, Sweetener (Acesulfame K), Casein Na","Please drink immediately after opening. If the cap is closed and left open after opening, there is a risk of cap flying and container damage.",Avoid direct sunlight and hot and humid places and save.,Dextrin,430,ml
Monster Mango Loco Can (500ml),102000,VND,"Mango Loco is a heavenly blend of exotic juices certain to attract even the most stubborn spirit. Crazy good taste with just enough of that Monster magic to keep the party going for days… Unleash the Beast! Juiced Monster Mango Loco Energy + Juice Carbonated fruit energy drink with taurine, caffeine, L-carnitine and B vitamins, with sugars and sweetener.","Carbonated Water,Fruit Juice From Concentrates (9%) (White Grape Mango, Guava, Apple, Pineapple, Passion Fruit, Apricot, Peach, Orange, Lemon),Sucrose,Glucose Syrup,Acids (Citric Acid, Malic Acid),Taurine (0.4%),Flavourings,Acidity Regulators (Potassium Citrates, Sodium Citrates),Preservatives (Potassium Sorbate, Sodium Benzoate),Caffeine (0.03%),Colour (Carotenes),Sweetener (Sucralose),Vitamins (B3, B6, B2, B12),Stabilisers (Xanthan Gum, Sodium Alginate, Gum Arabic),L-Carnitine L-Tartrate (0.004%),Inositol (0.002%),Fruit And Vegetable Concentrates (Grape, Carrot And Sweet Potato)",Serve cold for maximum refreshment.,"Store in a cool, dry place.",Monster,500,ml
Nok Cha Won Citron Ade Ice Tea Bag (170ml),24000,VND,"Natural sweet and sour taste from Citron to support skin beauty & stimulate digestion
Product in the form of bag  with straw is very convinient to carry out or travel",5% Concentrated Citron juice,"Instant drink, better drink when cold",Store at room temperature or refrigerate,Citron,170,ml
Yummy Panda Jelly Juice Mango Flavor 150g,18000,VND,"Contains 15% fruit juice, offers a fresh taste of mixing jelly and juice. Designed for easy opening and closing, convenient for storage. 4 flavor options with both fresh taste and rich nutrition. More tasty when it’s cool.","Water, Mango Juice 13%, Apple Juice 2%, Fructose Syrup, Sugar, Carrageenan, Tripotassium Citrate [INS332(ii)], Citric Acid (INS330), Malic Acid (DL-) (INS296), Flavoring (Mango), Potassium Sorbate (INS202)",Drink directly. More tasty when it’s cool.,"Keep in cool dry place, avoid direct sunlight.",Mango,150,g
TH True Water (500ml),6000,VND,"From an old volcano in the midland and mountainous region of Nghe An, formed 2.6 million years ago with the name of Nui Tien, fresh clouds bring tropical rain to cool the pristine vegetation, penetrating deep into the mountains. Layers of olivine basalt volcanic rock, filter out dirt and impurities, forming a cool, natural source of groundwater. Over thousands of years, the groundwater is surrounded by basalt layers, isolated from the outside environment, so it is very clean, pure and sweet, can be drunk directly.",Natural grou ndwater,Can be used instantly.,"Store at a dry, cool place and avoid the sunlight, strong odors and chemicals",Nghe An,500,ml
Yummy Panda Jelly Juice Lychee Flavor 150g,18000,VND,"Contains 15% fruit juice, offers a fresh taste of mixing jelly and juice. Designed for easy opening and closing, convenient for storage. 4 flavor options with both fresh taste and rich nutrition. More tasty when it’s cool.","Water, Apple Juice 15%, Fructose Syrup, Sugar, Carrageenan, Tripotassium Citrate [INS332(ii)], Citric Acid (INS330), Malic Acid (DL-) (INS296), Flavoring (Lychee), Potassium Sorbate (INS202)",Drink directly. More tasty when it’s cool.,"Keep in cool dry place, avoid direct sunlight.",Sugar,150,g
Yummy Panda Jelly Juice Lime Flavor 150g,18000,VND,"Contains 15% fruit juice, offers a fresh taste of mixing jelly and juice. Designed for easy opening and closing, convenient for storage. 4 flavor options with both fresh taste and rich nutrition. More tasty when it’s cool.","Water, Apple Juice 15%, Fructose Syrup, Sugar, Carrageenan, Tripotassium Citrate [INS332(ii)], 
Citric Acid (INS330), Malic Acid (DL-) (INS296), Flavoring (Lemon), Potassium Sorbate (INS202)",Drink directly. More tasty when it’s cool.,"Keep in cool dry place, avoid direct sunlight.",Sugar,150,g
Yummy Panda Jelly Juice Passionfruit Flavor 150g,18000,VND,"Contains 15% fruit juice, offers a fresh taste of mixing jelly and juice. Designed for easy opening and closing, convenient for storage. 4 flavor options with both fresh taste and rich nutrition. More tasty when it’s cool.","Water, Apple Juice 15%, Fructose Syrup, Sugar, Carrageenan, Tripotassium Citrate [INS332(ii)], 
Citric Acid (INS330), Malic Acid (DL-) (INS296), Flavoring (Passion Fruit), Potassium Sorbate (INS202)",Drink directly. More tasty when it’s cool.,"Keep in cool dry place, avoid direct sunlight.",Sugar,150,g
Alba Mineral Water PET (500ml),7000,VND,"Alba's unique product portfolio includes natural non-carbonated and carbonated mineral water known for its health and beauty benefits. Thanks to the balanced and stable mineral content, Alba natural mineral water is bottled at source, not only safe for health but also has a fresh mineral taste.","Mineral contents : Na+, K+, Ca 2+, Mg, Fe 3+, Fe2+, I-,F-,No-3 ,SO2-4, HCO-3, H2SiO3, TDS
PH: 6.5-7.5
Contains Fluoride","Use direct, do not boil","Keep in cool places, avoid direct sunlight",Alba,500,ml
Alba Mineral Water PET(350ml),5000,VND,"Alba's unique product portfolio includes natural non-carbonated and carbonated mineral water known for its health and beauty benefits. Thanks to the balanced and stable mineral content, Alba natural mineral water is bottled at source, not only safe for health but also has a fresh mineral taste.","Mineral contents : Na+, K+, Ca 2+, Mg, Fe 3+, Fe2+, I-,F-,No-3 ,SO2-4, HCO-3, H2SiO3, TDS
PH: 6.5-7.5
Contains Fluoride","Use direct, do not boil","Keep in cool places, avoid direct sunlight",Alba,350,ml
Alba Sparkling Mineral Water PET(350ml),6000,VND,"Alba's unique product portfolio includes natural non-carbonated and carbonated mineral water known for its health and beauty benefits. Thanks to the balanced and stable mineral content, Alba natural mineral water is bottled at source, not only safe for health but also has a fresh mineral taste.","Mineral contents : Na+, K+, Ca 2+, Mg, Fe 3+, Fe2+, I-,F-,No-3 ,SO2-4, HCO-3, H2SiO3, TDS
PH: 6.5-7.5
Contains Fluoride","Use direct, do not boil","Keep in cool places, avoid direct sunlight",Alba,350,ml
TH True Water (350ml),5000,VND,"From an old volcano in the midland and mountainous region of Nghe An, formed 2.6 million years ago with the name of Nui Tien, fresh clouds bring tropical rain to cool the pristine vegetation, penetrating deep into the mountains. Layers of olivine basalt volcanic rock, filter out dirt and impurities, forming a cool, natural source of groundwater. Over thousands of years, the groundwater is surrounded by basalt layers, isolated from the outside environment, so it is very clean, pure and sweet, can be drunk directly.",Natural grou ndwater,Can be used instantly.,"Store at a dry, cool place and avoid the sunlight, strong odors and chemicals",Nghe An,350,ml
Alba Sparkling Mineral Water PET (500ml),8000,VND,"Alba's unique product portfolio includes natural non-carbonated and carbonated mineral water known for its health and beauty benefits. Thanks to the balanced and stable mineral content, Alba natural mineral water is bottled at source, not only safe for health but also has a fresh mineral taste.","Mineral contents : Na+, K+, Ca 2+, Mg, Fe 3+, Fe2+, I-,F-,No-3 ,SO2-4, HCO-3, H2SiO3, TDS
PH: 6.5-7.5
Contains Fluoride","Use direct, do not boil","Keep in cool places, avoid direct sunlight",Alba,500,ml
Alba Mineral Water PET (1.5L),16000,VND,"Alba's unique product portfolio includes natural non-carbonated and carbonated mineral water known for its health and beauty benefits. Thanks to the balanced and stable mineral content, Alba natural mineral water is bottled at source, not only safe for health but also has a fresh mineral taste.","Mineral contents : Na+, K+, Ca 2+, Mg, Fe 3+, Fe2+, I-,F-,No-3 ,SO2-4, HCO-3, H2SiO3, TDS
PH: 6.5-7.5
Contains Fluoride","Use direct, do not boil","Keep in cool places, avoid direct sunlight",Alba,1.5,L
San Pellgrino Pomegranate&Orange Can (330ml),38000,VND,"The citrus fruits grow in the vast groves of southern Italy, in fertile soil enriched by Mt. Etna, enjoying the sunshine and gentle sea beeze.
They thrive on the beauty of this land and reflect all the goodness of nature enhanced by the typical Italian way of living, which is distinguished by authenticity, style, oy of life and conviviality.","Water, orange juice from concentrate (11%), sugar, pomegranate juice from concentrate (5%), carbon dioxide, orange extract (0.1%), colour (anthocyanin), flavours, food acid (citric).",Can be used instantly.,"Store at room temperature, in a cool, dry place.",Italy,330,ml
Lipton Ice Tea Peach (1.5L),0,VND,"Get ready for a delicious peach flavour hit with Lipton Peach Ice Tea, a Lipton Ice Tea favourite! Lipton Peach Tea is made with quality black Lipton Tea for a taste that will delight your taste buds and leave you feeling cool and refreshed.","Water, sugar, fructose, acidifiers (citric acid, malic acid), black tea extract * (1.2g / l), peach juice from concentrate (0.1%), acidity regulator ( trisodium citrate), flavors, antioxidant (ascorbic acid), sweetener (steviol glycosides). * verified Rainforest Alliance",Serve with ice and slices of peach,"Store in a cool, dry, dark place.",,1.5,L
Ligo Orange juice 100% (1L),0,VND,"Ligo is a famous juice brand, 100% natural fruit juice - nutritious, with no added sugar, coloring or preservatives - the goodness of nature.",Orange juice 100%,"Use directly , shake well before use","Store in a dry and cool place, refrigerate after opening",,1,L
Bowmore 18 years Islay Single Malt Scotch Whisky 43% (700ml),3800000,VND,"A Masterful Combination – Cosseted away in the finest, hand-selected oak casks and allowed to mature at its own sedate pace, this is one of the most remarkable, perfectly balanced malts of its kind.

*Colour: Mellow mahogany
*Aroma: Classic Bowmore smokiness, perfectly tempered with creamy caramel, chocolate and ripe fruit aromas.
*Palate: Beautiful soft fruit and chocolate balanced with a light smokiness - incredibly complex.
*Finish: Long and wonderfully balanced finish.

The International Wines and Spirit Competition 2017: Gold Medal
International Spirits Challenge 2017 : Silver Medal",Distilled from water and wheat malt,Drink directly,"Store in a cool dry place, protect from the light",,700,ml
Bowmore 12 years Islay Single Malt Scotch Whisky 43% (700ml),1470000,VND,"The Bowmore Balance – Complex yet perfectly balanced, this 12 Years Old reflects the raw essence of Bowmore - thrashing waves, windswept landscapes and generations of tradition. Bowmore 12 Years Old has received much critical acclaim; the late, great whisky writer Michael Jackson proclaimed it “remarkably long and complex”.

*Colour : Warm amber.
*Aroma : Subtle lemon and honey, balanced beautifully by Bowmore’s trademark peaty smokiness.
*Palate :  Sweet and delicious heather honey and gentle peat smoke.
*Finish : Long, mellow finish.

GOLD - 2013 San Francisco World Spirits Competition
The International Wines and Spirit Competition 2013: Gold Medal
The International Wines and Spirit Competition 2014, 2017: Silver Medal
Outstanding International Spirits Challenge 2017 : Gold Medal",Distilled from water and wheat malt,Drink directly,"Store in a cool dry place, protect from the light",,700,ml
Le fruit Tropical Juice 1L,67000,VND,"In the centre of Mekong Delta, we select the most delicious and freshest fruits from local family-owned farms. Tropical juice is the combination of three kinds of fruit: mango, pineapple and passion fruit. You will experience a sense of balance in a very different way.
• Tropical juice is rich in potassium and Vitamin C.","• 100% freshly crushed fruit including Victoria Pineapple (65%), Mango (25%), Acerola cherry (7%), Passion fruit (3%).
• Tropical juice is rich in potassium and Vitamin C. 
• No added preservatives and no added sugar.","Shake well, serve chilled",Keep in a cool & dry place. Refrigerate once opened & consume within 5 days,Victoria,1,L
"Glen Grant Single Malt Scotch Whisky 12 years, 700ml",2425000,VND,"Glen Grant 12 Year Old is an outstanding single malt. With a bright yellow color and pleasant aromas of orchard fruit, almonds and citrus.",malted barley,Drink directly or after chilling,"Store at room temperature, in a cool, dry place.",,700,ml
Le Fruit Tropical Juice (260ml),37000,VND,"In the centre of Mekong Delta, we select the most delicious and freshest fruits from local family-owned farms. Tropical juice is the combination of three kinds of fruit: mango, pineapple and passion fruit. You will experience a sense of balance in a very different way.","• 100% freshly crushed fruit including Victoria Pineapple (65%), Mango (25%), Acerola cherry (7%), Passion fruit (3%).
• Tropical juice is rich in potassium and Vitamin C. 
• No added preservatives and no added sugar.","Shake well, serve chilled",Keep in a cool & dry place. Refrigerate once opened & consume within 5 days,Victoria,260,ml
Preshafruit Fruit Juice Pink Lady Apple (350 ml),0,VND,"Break the seal and smell the aroma.It’s light, it’s fragrant, it’s Pink Ladies.The taste is pure. Serve from a chilled bottle or over ice.","Contains Australian Apple Juice (90%), Water (10%).",Serve from a chilled bottle or over ice.,Chill temperature: < 5degrees,,350,ml
Preshafruit Fruit Juice Pink Lady (1L),0,VND,"Break the seal and smell the aroma.It’s light, it’s fragrant, it’s Pink Ladies.The taste is pure. Serve from a chilled bottle or over ice.","Contains Australian Apple Juice (90%), Water (10%).",A revitalizing start to your morning. Serve Chilled.,Chill temperature: < 5degrees,,1,L
Preshafruit Fruit Juice Apple Raspberry (350ml),0,VND,"When it's pure & simple then taste & goodness is amplified. Preshafruit is proud to be free from heat treatment, preservatives, added sugar, concentrates, sweeteners, added colours/flavours & BPA.","Contains Fruit Juice (90%), (Apple, Raspberry), Water (10%)",Serve from a chilled bottle or over ice.,Chill temperature: < 5degrees,,350,ml
Chateau La Gurgue Margaux (750ml),0,VND,"TASTING NOTES
View: 2011 Château La Gurgue shows a lovely violet
Nose: acidulated with aromas of red fruits, blackcurrant and cherry
Mouth: these aromas reappear on the palate, the wine is structured with fine tannins.

DESCRIPTION
WINEMAKING: Vintage is manual. Primary sort on the stump and finishing at the selection table
Traditional cement vats and stainless steel
whose volumes are proportional to the plot
WINERY: Château La Gurgue

INFORMATION DETAILS
Grape Varieties: 50% cabernet sauvignon, 45% merlot et 5% petit verdot
ABV: 13%",fermented grape juice,"Drink directly, not for pregnant women and children","Wine should be stored away from sunlight and fluorescent lights. The capscrew bottles can be placed vertically, while the cork bottles should be placed horizontally. Ideal storage temperature from 14-16 degrees, avoid storing wine in hot places above 24 degrees and avoid vibrations.",,750,ml
Marques de Ceceres Gran Reserva Rioja (750ml),0,VND,"TASTING NOTES
Intense colour with ruby-red on the edge turning slightly brick-red. The bouquet combines stewed fruit, purple plums, balsamic notes and refined oak with a depth of clove. Nice body in the mouth where mature tannins delight with fresh, lively notes to give a silky fullness. Long-lasting flavours and superb potential for ageing.

DESCRIPTION
Harvest: 100% manual, parcel by parcel.
Malolactic fermentation in new oak barrels or in stainless-steel tanks, depending on the batches. Once this process has finalised, the wines are put into barrels for ageing with racking every 6 months.

INFORMATION DETAILS
ABV: 14%
Grape: 85% Tempranillo, 8% Garnacha tinta, 7% Graciano
Vintage: 2010",fermented grape juice,"Drink directly, not for pregnant women and children","Wine should be stored away from sunlight and fluorescent lights. The capscrew bottles can be placed vertically, while the cork bottles should be placed horizontally. Ideal storage temperature from 14-16 degrees, avoid storing wine in hot places above 24 degrees and avoid vibrations.",,750,ml
Prunotto Barolo,0,VND,"TASTING NOTES
Prunotto’s Barolo  is garnet red in color. The nose is complex and generous with pleasing aromas of rose petals, red fruit and spicy notes.  The palate is full, well-balanced with velvety tannins

DESCRIPTION
Although Prunotto was founded as a co-operative in Piedmont in 1904, it was not until the Marchesi Antinori began to help with exporting Prunotto Barolo and Barbaresco in the 1990s, and later, becane involved in production that their wines took off. The winery has stayed true to its original values using their own vineyards to ensure quality control.

INFORMATION DETAILS
ABV: 13.5%
Grape: Nebbiolo",fermented grape juice,"Drink directly, not for pregnant women and children","Wine should be stored away from sunlight and fluorescent lights. The capscrew bottles can be placed vertically, while the cork bottles should be placed horizontally. Ideal storage temperature from 14-16 degrees, avoid storing wine in hot places above 24 degrees and avoid vibrations.",Piedmont,,
Allan Scott Pinot Noir (750ml),849000,VND,"This astonishing Pinot Noir is another example of Allan Scott knowledge and expertise in working with Marlborough soils, climate in order to create a stylish, consistent from vintage to vintage and yet special as a result wine.",fermented grape juice,"Drink directly, not for pregnant women and children","Wine should be stored away from sunlight and fluorescent lights. The capscrew bottles can be placed vertically, while the cork bottles should be placed horizontally. Ideal storage temperature from 14-16 degrees, avoid storing wine in hot places above 24 degrees and avoid vibrations.",Marlborough,750,ml
Alta Vista Premium Cabernet Sauvignon (750ml),809000,VND,"TASTING NOTES
Red color with violet and ruby hues. It is complex and intense in the nose, with hints of herbs -characteristic of this variety- and reminiscent of green bell pepper. In mouth, it has structure and the typical tannin concentration of Cabernet grapes coexisting in perfect harmony with the tannins of the oak.
To be served cold, between 15oC and 16oC.
Cellar time: 7 years”.

DESCRIPTION
AGING
50% of the wine is aged in lightly/medium toasted French oak for 12 months. It is aged in bottle for 6 months to get round tannins.
INFORMATION DETAILS
Grape varieties: 100% Cabernet Sauvignon
Alcohol 13.6 % 
Sugar 2.34 g/l
PH 3.61
Acidity 6.56 g/l",fermented grape juice,"Drink directly, not for pregnant women and children","Wine should be stored away from sunlight and fluorescent lights. The capscrew bottles can be placed vertically, while the cork bottles should be placed horizontally. Ideal storage temperature from 14-16 degrees, avoid storing wine in hot places above 24 degrees and avoid vibrations.",,750,ml
Alta Vista Premium Malbec (750ml),809000,VND,"TASTING NOTES
“Deep red color with ruby hues. Intense in nose, with ripe red fruit aroma, such as plum, and spices. It is round, silky and has great concentration in mouth. To be served cold, between 15oC and 16oC. Cellar time: 7 years”.

DESCRIPTION
AGING: 50% of the wine is aged in lightly toasted French oak for 12 months. Then, aged in bottle for 4 months to get an harmonious wine.

INFORMATION DETAILS
Composition 100% Malbec 
Origin Luján de Cuyo, Mendoza. Valle de Uco, Mendoza.
Alcohol : 13.6 % 
Sugar : 2.24 g/l 
PH : 3.70 
Acidity : 6.38 g/l",fermented grape juice,"Drink directly, not for pregnant women and children","Wine should be stored away from sunlight and fluorescent lights. The capscrew bottles can be placed vertically, while the cork bottles should be placed horizontally. Ideal storage temperature from 14-16 degrees, avoid storing wine in hot places above 24 degrees and avoid vibrations.",Mendoza,750,ml
Arzuaga Pago Florentino (750ml),910000,VND,"TASTING NOTE
Clean and bright wine with a close color with purplish rims and nuances. 
Nose: Many different nuances, intertwining Ripe red fruit with aromas of roasted coffee, black fruit and roasted coffee.
Palate: Silky and friendly on the palate, with great intensity and long lasting in time, in the aftertaste it reminds us again of the black fruit and roasted notes perceived on the nose.
DESCRIPTION
Aging for 12 months. 
Grapes: 100% Cencibel (aka. Tempranillo)
Food pairings and serving temperature
White rice or cames, as well as to accompany strong appetizers with grilled or baked red meats without many spices. An ideal wine to enjoy in chocolate desserts. Recommended serving temperature 17 ° C.",fermented grape juice,"Drink directly, not for pregnant women and children","Wine should be stored away from sunlight and fluorescent lights. The capscrew bottles can be placed vertically, while the cork bottles should be placed horizontally. Ideal storage temperature from 14-16 degrees, avoid storing wine in hot places above 24 degrees and avoid vibrations.",,750,ml
Bellingham Pinotage (750ml),788000,VND,"TASTING NOTES
An intense dark red middle with a ruby red rim plotting sweet spices, plums and mulberries with hints of vanilla on the nose. Hints of ripe and juicy raspberry, strawberry and black cherry flavours are supported by well-integrated oak spice on the palate with an exciting tannin structure.

INFORMATION DETAILS
ABV: 14%
Grape: 100% Pinotage",fermented grape juice,"Drink directly, not for pregnant women and children","Wine should be stored away from sunlight and fluorescent lights. The capscrew bottles can be placed vertically, while the cork bottles should be placed horizontally. Ideal storage temperature from 14-16 degrees, avoid storing wine in hot places above 24 degrees and avoid vibrations.",,750,ml
BPR Bordeaux White (750ml),0,VND,"In addition to the Sémillon grapes, which give the wine harmony and strength, Sauvignon Blanc is used at 26% and Muscadet at 8%. The Sauvignon grape brings a fresh, fruity character and light floral notes to the wine. The Muscadet grape variety supports these rich aromas in a harmonious way. 


The Baron Philippe de Rothschild Bordeaux Blanc impresses in the glass with its bright yellow glossy color. Initial aromas of light fruits such as peach and mirabelle plums as well as white flowers reminiscent of jasmine convince in the bouquet, which is rounded off by a hint of citrus notes. The aromas of yellow fruits are reflected on the palate and are accompanied by fresh grapefruit nuances. The finale is just as fresh as its bouquet. 


The Baron Philippe de Rothschild Bordeaux Blanc goes well with light dishes such as salmon tartare and dishes with mussels or other seafood.",fermented grape juice,"Drink directly, not for pregnant women and children","Wine should be stored away from sunlight and fluorescent lights. The capscrew bottles can be placed vertically, while the cork bottles should be placed horizontally. Ideal storage temperature from 14-16 degrees, avoid storing wine in hot places above 24 degrees and avoid vibrations.",Sauvignon,750,ml
Arzuaga La Planta Ribera Del Duero (750ml),725000,VND,"This grand wine is made with Tinto Fino grapes from more than 20 year old vines, which grow on the winery’s estate that gives the wine its name. The chalky clay soils of the vineyards with unfragmented bedrock less than a metre below the surface and its altitude at around 900 metres (nearly 3,000 feet) define the wine special and unique characteristics. The harvest takes place during the coolest hours of the day, and is followed by a cold pre-fermentation maceration for two days in stainless steel tanks before carrying out the alcoholic fermentation for another 7 days at 22oC. Once the fermentations are finished, the wine is aged for six months in French and American oak barrels.",fermented grape juice,"Drink directly, not for pregnant women and children","Wine should be stored away from sunlight and fluorescent lights. The capscrew bottles can be placed vertically, while the cork bottles should be placed horizontally. Ideal storage temperature from 14-16 degrees, avoid storing wine in hot places above 24 degrees and avoid vibrations.",,750,ml
Mouton Cadet Reserve Sauternes (375ml),0,VND,"TASTING NOTE
Aspect: A resplendent golden yellow.
Nose: The nose opens on yellow stonefruit aromas, such as peach and apricot, and a refreshing hint of verbena, joined with airing by a touch of toast.
Palate: The attack is smooth and harmonious, with marvellously defined fruit (stewed peach and apricot), leading into a full mid-palate and a fresh, mineral finish.
GRAPE VARIETIES
Semillon: 86%
Sauvignon Blanc: 12% 
Muscadelle: 2%",fermented grape juice,"Drink directly, not for pregnant women and children","Wine should be stored away from sunlight and fluorescent lights. The capscrew bottles can be placed vertically, while the cork bottles should be placed horizontally. Ideal storage temperature from 14-16 degrees, avoid storing wine in hot places above 24 degrees and avoid vibrations.",,375,ml
Charles de Fere Blanc de Blancs Brut (750ml),0,VND,"This wonderful sparkling was made with the traditional or champenois method, which pressuposes the secondary fermentation in the bottle, after which it is aged for a minimum of 12 months in bottles, and in order “to enhance its personality”. The dosage of the sparkling is 12 g/l. (BRUT)",fermented grape juice,"Drink directly, not for pregnant women and children","Wine should be stored away from sunlight and fluorescent lights. The capscrew bottles can be placed vertically, while the cork bottles should be placed horizontally. Ideal storage temperature from 14-16 degrees, avoid storing wine in hot places above 24 degrees and avoid vibrations.",,750,ml
Mouton Cadet Reserve Sauternes (750ml),0,VND,"TASTING NOTE
Aspect: A resplendent golden yellow.
Nose: The nose opens on yellow stonefruit aromas, such as peach and apricot, and a refreshing hint of verbena, joined with airing by a touch of toast.
Palate: The attack is smooth and harmonious, with marvellously defined fruit (stewed peach and apricot), leading into a full mid-palate and a fresh, mineral finish.
GRAPE VARIETIES
Semillon: 86%
Sauvignon Blanc: 12% 
Muscadelle: 2%",fermented grape juice,"Drink directly, not for pregnant women and children","Wine should be stored away from sunlight and fluorescent lights. The capscrew bottles can be placed vertically, while the cork bottles should be placed horizontally. Ideal storage temperature from 14-16 degrees, avoid storing wine in hot places above 24 degrees and avoid vibrations.",,750,ml
Chateau Haut Serre (750ml),0,VND,"TASTING NOTES
Very dark color with carmine highlights and a wonderfully complex and powerful bouquet of morello cherry, blackcurrant, and spices. The freshness and fruitiness on the nose carry over beautifully to the palate, which has a long, silky aftertaste

DESCRIPTION
It is aged for 10-12 months in oak barrels (1/3 news, 1/3 one year old, 1/3 two years old).

INFORMATION DETAILS
Alcohol: 13.5%
Grape varieties: Malbec (90%), Merlot (7%), Tannat (3%)",fermented grape juice,"Drink directly, not for pregnant women and children","Wine should be stored away from sunlight and fluorescent lights. The capscrew bottles can be placed vertically, while the cork bottles should be placed horizontally. Ideal storage temperature from 14-16 degrees, avoid storing wine in hot places above 24 degrees and avoid vibrations.",,750,ml
Chateau Haut Saint Brice (750ml),1199000,VND,"The vineyards of the Chateau are being under the care of specialists from other estates - Chateau Pas de l'Ane, through which most of the local wine is classified as Grand Cru. The fertile soils in the region are particularly favorable for the cultivation of varieties of Merlot and Cabernet Franc, which are the basis for wine Chateau Haut Saint Brice.",fermented grape juice,"Drink directly, not for pregnant women and children","Wine should be stored away from sunlight and fluorescent lights. The capscrew bottles can be placed vertically, while the cork bottles should be placed horizontally. Ideal storage temperature from 14-16 degrees, avoid storing wine in hot places above 24 degrees and avoid vibrations.",,750,ml
Chateau Cap de Fer (750ml),0,VND,"TASTING NOTES
Colour: Vibrant gamet-red hue.
Nose: highly expressive nose of ultra ripe fruits with a hint of tobacco.
Taste: good full attack flowing into spicy flavours. Powerful and harmonious.

DESCRIPTION
Traditional with a submerged pomace cap in temperature-controlled stainless steel tanks. Extended maceration and at least 12 months’ ageing

INFORMATION DETAILS
Grape varieties:
20% Cabernet Sauvignon,
70% Merlot,
10% Cabernet Franc",fermented grape juice,"Drink directly, not for pregnant women and children","Wine should be stored away from sunlight and fluorescent lights. The capscrew bottles can be placed vertically, while the cork bottles should be placed horizontally. Ideal storage temperature from 14-16 degrees, avoid storing wine in hot places above 24 degrees and avoid vibrations.",,750,ml
Chateau Los Boldos Cabernet Sauvignon (750ml),0,VND,This amazing wine has been numerously awarded by world recognised journalists and establishments. For example Wine Spectator has recently awarded it with 90 points!,fermented grape juice,"Drink directly, not for pregnant women and children","Wine should be stored away from sunlight and fluorescent lights. The capscrew bottles can be placed vertically, while the cork bottles should be placed horizontally. Ideal storage temperature from 14-16 degrees, avoid storing wine in hot places above 24 degrees and avoid vibrations.",750ml,750,ml
Chateau Los Boldos Chardonnay (750ml),0,VND,"Chateau Los Boldos is considered as one of the premium estates in Chile. Ever since it was created in 1991, it is responsible for high quality and great value wines, and their Chardonnay is completely not an exception! Enhancing the old French winemaking techniques and combining them with Chile’s terroir potential, the grapes are first collected at the property in Cachapoal Andes region, 100 km south of Santiago. In 2008 Chateau Los Boldos became part of Sogrape Family, who care dearly about sustainability and perfection, which has a direct impact on their wines style.",fermented grape juice,"Drink directly, not for pregnant women and children","Wine should be stored away from sunlight and fluorescent lights. The capscrew bottles can be placed vertically, while the cork bottles should be placed horizontally. Ideal storage temperature from 14-16 degrees, avoid storing wine in hot places above 24 degrees and avoid vibrations.",Chile,750,ml
Chateau Los Boldos Merlot (750ml),0,VND,"Chateau Los Boldos is undoubtedly acknowledged as one of the premium estates in Chile. Ever since it was created in 1991, it is responsible for high quality and great value wines, that is why the Cabernet Sauvignon takes the best of the both world: the old French traditions of working with this grape variety mixed with the rich and fertile Chilean soils, under professional guidance of the estate specialists..",fermented grape juice,"Drink directly, not for pregnant women and children","Wine should be stored away from sunlight and fluorescent lights. The capscrew bottles can be placed vertically, while the cork bottles should be placed horizontally. Ideal storage temperature from 14-16 degrees, avoid storing wine in hot places above 24 degrees and avoid vibrations.",Chile,750,ml
Chateau Los Boldos Sauvignon Blanc (750ml),504000,VND,"The maceration is carried out in stainless steel tanks, and after the fermentation is complete the wine is also aged for three months in stainless steel tanks.",fermented grape juice,"Drink directly, not for pregnant women and children","Wine should be stored away from sunlight and fluorescent lights. The capscrew bottles can be placed vertically, while the cork bottles should be placed horizontally. Ideal storage temperature from 14-16 degrees, avoid storing wine in hot places above 24 degrees and avoid vibrations.",,750,ml
Chateau Pas De L'Ane (750ml),0,VND,"TASTING NOTES
Full and rich fruits, aromas of Cassis and black fruits. Tannic body with jammy pomegranate, blackberry and rose, tea. 
Pair with roast lamb and meat dishes. 

DESCRIPTION 
Full and rich fruits, aromas of Cassis and black fruits. Tannic body with jammy pomegranate, blackberry and rose, tea.",fermented grape juice,"Drink directly, not for pregnant women and children","Wine should be stored away from sunlight and fluorescent lights. The capscrew bottles can be placed vertically, while the cork bottles should be placed horizontally. Ideal storage temperature from 14-16 degrees, avoid storing wine in hot places above 24 degrees and avoid vibrations.",,750,ml
Culemborg Chenin Blanc (750ml),293000,VND,"This wine was named after Jan van Riebeck, who was born in the Dutch city of Culemborg and in June 1651 was appointed the first governor of the Cape, where he established a station on the southern tip of Africa, providing passing ships with fresh food and water, and became the first to plant vines in South Africa in 1655. Under strict supervision of the estate winemakers, this Chenin Blanc is processed and vinified in the premises or the estate, guarantiing a perfect quality and value match and enhancing the French traditions of working with this grape together with South African expertise.",fermented grape juice,"Drink directly, not for pregnant women and children","Wine should be stored away from sunlight and fluorescent lights. The capscrew bottles can be placed vertically, while the cork bottles should be placed horizontally. Ideal storage temperature from 14-16 degrees, avoid storing wine in hot places above 24 degrees and avoid vibrations.",South Africa,750,ml
Jean-Louis Cuvee Brut (750ml),0,VND,The wine goes through temperature-controlled natural fermentation in vats and then is kept for 3 months’ ageing on lees with daily stirring. The doseage of this sparkling is 8 g/L (BRUT),fermented grape juice,"Drink directly, not for pregnant women and children","Wine should be stored away from sunlight and fluorescent lights. The capscrew bottles can be placed vertically, while the cork bottles should be placed horizontally. Ideal storage temperature from 14-16 degrees, avoid storing wine in hot places above 24 degrees and avoid vibrations.",,750,ml
Deakin Cabernet Sauvignon (750ml),385000,VND,"TASTING NOTES 
Blackcurrant, plum, ripe berries, hints of chocolate, vanilla and spice. 

DESCRIPTION
Malolactic fermentation and maturation on premium oak to add complexity and structure before final blending. 

INFORMATION DETAILS
Varietal: Cabernet Sauvignon 
Region: Murray Darling, Victoria 
Wine Specifications: Alc/Vol: 13.8% pH: 3.50 Acidity: 5.71g/l RS: 2.5g/L 
Cellaring Potential: Enjoy now but will cellar up to five years. 
Style: Smooth, rich, powerful 
Drink With: Chargrilled steak, roast lamb, cheese platter. 
Winemaker: Frank Newman",fermented grape juice,"Drink directly, not for pregnant women and children","Wine should be stored away from sunlight and fluorescent lights. The capscrew bottles can be placed vertically, while the cork bottles should be placed horizontally. Ideal storage temperature from 14-16 degrees, avoid storing wine in hot places above 24 degrees and avoid vibrations.",Victoria,750,ml
Deakin Chardonnay (750ml),385000,VND,"TASTING NOTES 
Style: Fresh, balanced, elegant 
Taste: White peach, pear, hints of citrus

DESCRIPTION 
Several different yeast strains were used to ferment different parcels of fruit which contributed to a variety of fruit and savoury nuances. One parcel was fermented with wild yeast and underwent malolactic fermentation, contributing to some subtle nutty flavours in the final blend. INFORMATION DETAILS
Varietal: 100% Chardonnay 
Region: Murray Darling, Victoria 
Wine Specifications: Alc/Vol: 13.5% pH: 3.47 Acidity: 6.5g/l RS:<2.0g/L 
Cellaring Potential: Enjoy now but will develop some complexities from short term cellaring. Serve chilled. 
Drink With: Roast chicken, salmon, creamy pasta sauces WINEMAKER: Frank Newman",fermented grape juice,"Drink directly, not for pregnant women and children","Wine should be stored away from sunlight and fluorescent lights. The capscrew bottles can be placed vertically, while the cork bottles should be placed horizontally. Ideal storage temperature from 14-16 degrees, avoid storing wine in hot places above 24 degrees and avoid vibrations.",Victoria,750,ml
Deakin Merlot 13.5% (750ml),0,VND,"TASTING NOTES 
Ripe cherry, blueberry, plum, hints of fruit cake and chocolate. 
Style: Smooth, soft, juicy. 

DESCRIPTION 
Malolactic fermentation were followed by slow maturation to add oak complexities before final blending. 

INFORMATION DETAILS
Varietal: Merlot 
Region: Murray Darling, Victoria 
Wine Specifications: Alc/Vol: 13.9% pH: 3.46 Acidity: 5.9g/l RS: 2.5g/L 
Cellaring Potential: Enjoy now but will cellar up to five years 
Drink With: Slow cooked lamb, beef pie and pasta.
Winemaker: Frank Newman",fermented grape juice,"Drink directly, not for pregnant women and children","Wine should be stored away from sunlight and fluorescent lights. The capscrew bottles can be placed vertically, while the cork bottles should be placed horizontally. Ideal storage temperature from 14-16 degrees, avoid storing wine in hot places above 24 degrees and avoid vibrations.",Victoria,750,ml
Deakin Sauvignon Blanc (750ml),0,VND,"TASTING NOTES 
Style: Vibrant, refreshing, crisp.  
Taste: Lively tropical fruit, gooseberry, hints of lime.

DESCRIPTION 
Cool processing and fermentation preserved the delicate aromas in the juice, and aromatic yeasts were used to bring out the best in the variety while adding a little complexity

INFORMATION DETAILS
Varietal: Sauvignon Blanc 
Region: Murray Darling, Victoria 
Harvest Date: late February – mid March 2017 
Wine Specifications: Alc/Vol: 12.6% pH: 3.30 Acidity: 5.1g/l RS: 2.0g/L 
Cellaring Potential: Best enjoyed young. Serve chilled.  
Drink With: Seafood, sushi summer salads. 
Winemaker: Frank Newman",fermented grape juice,"Drink directly, not for pregnant women and children","Wine should be stored away from sunlight and fluorescent lights. The capscrew bottles can be placed vertically, while the cork bottles should be placed horizontally. Ideal storage temperature from 14-16 degrees, avoid storing wine in hot places above 24 degrees and avoid vibrations.",Victoria,750,ml
Deakin Shiraz (750ml),385000,VND,"TASTING NOTES 
Deakin Estate Shiraz has a fruity taste with notes of jam, a hint of pepper that goes well with the interwoven wood in the taste. Ripe red berries, plum, hints of vanilla and spice. 

DESCRIPTION 
Malolactic fermentation were followed by clarification and maturation on small amounts of premium oak. 

INFORMATION DETAILS 
varietaL: Shiraz 
region: Murray Darling, Victoria 
wine specifications: Alc/Vol: 13.9% pH: 3.52 Acidity: 5.82g/l RS: 3.8g/L 
cellaring potential: Enjoy now but will cellar up to four years. 
style: Rich, smooth, juicy 
drink with: Barbecued meats, pasta, beef stir fry. 
winemaker: Frank Newman",fermented grape juice,"Drink directly, not for pregnant women and children","Wine should be stored away from sunlight and fluorescent lights. The capscrew bottles can be placed vertically, while the cork bottles should be placed horizontally. Ideal storage temperature from 14-16 degrees, avoid storing wine in hot places above 24 degrees and avoid vibrations.",Victoria,750,ml
Georges Duboeuf Beaujolais Villages (750ml),0,VND,"This special red wine that is made by George Duboeuf who is world-known as “The Pope of Beaujolais” or “The King of Beaujolais” perfectly well expresses how and why he gained his title and how the hands of professional with the extra addition of love, care and passion for their matter can create a wonderful, complete and highly enjoyable wine.",fermented grape juice,"Drink directly, not for pregnant women and children","Wine should be stored away from sunlight and fluorescent lights. The capscrew bottles can be placed vertically, while the cork bottles should be placed horizontally. Ideal storage temperature from 14-16 degrees, avoid storing wine in hot places above 24 degrees and avoid vibrations.",,750,ml
Prunotto Fiulot Barbera D'Asti (750ml),0,VND,"TASTING NOTES
Smells: Wild raspberry, fresh cherry and dried thyme
Tastes: Sweetly red fruited with notes of raspberry, crunchy cherry and red licorice.

DESCRIPTION
Your classic easy-drinking wine, Barbera d'Asti literally means Barbera grown in Asti, the vineyard soils being clay rich with calcareous marl. Don't worry about the oak, because there isn't any - and not much tannin either, instead it's all about serious bright, juicy fruit with intense cherry and almond flavours. A charming wine to wash down your pizza, it's best in its youth between now and 2022.

INFORMATION DETAILS
ABV: 14%
Grape: Barbera",fermented grape juice,"Drink directly, not for pregnant women and children","Wine should be stored away from sunlight and fluorescent lights. The capscrew bottles can be placed vertically, while the cork bottles should be placed horizontally. Ideal storage temperature from 14-16 degrees, avoid storing wine in hot places above 24 degrees and avoid vibrations.",Asti,750,ml
Georges Duboeuf Chardonnay (750ml),450000,VND,"This Chardonnay is the result of centuries old Burgundy expertise in working with this grape variety, combined with George Duboeuf’s team passion and care for what they are doing and what they are masterly creating in their cellar.",fermented grape juice,"Drink directly, not for pregnant women and children","Wine should be stored away from sunlight and fluorescent lights. The capscrew bottles can be placed vertically, while the cork bottles should be placed horizontally. Ideal storage temperature from 14-16 degrees, avoid storing wine in hot places above 24 degrees and avoid vibrations.",,750,ml
Georges Duboeuf Cuvee Rose (750ml),0,VND,"This aromatic and stylish rose is perfect for any occasion and does not require a special festive mood in order to be enjoyed, even though can be still a perfect opportunity to gather with family or friends.",fermented grape juice,"Drink directly, not for pregnant women and children","Wine should be stored away from sunlight and fluorescent lights. The capscrew bottles can be placed vertically, while the cork bottles should be placed horizontally. Ideal storage temperature from 14-16 degrees, avoid storing wine in hot places above 24 degrees and avoid vibrations.",,750,ml
Georges Duboeuf Macon Villages (750ml),842000,VND,This classic wine from the “King of Beaujolais” is perfectly well representing the French soils and the professionalist of George Duboeuf oenological team that developed special and so recognisable style of this famous Burgundy region.,fermented grape juice,"Drink directly, not for pregnant women and children","Wine should be stored away from sunlight and fluorescent lights. The capscrew bottles can be placed vertically, while the cork bottles should be placed horizontally. Ideal storage temperature from 14-16 degrees, avoid storing wine in hot places above 24 degrees and avoid vibrations.",,750,ml
Georges Duboeuf Cuvee White (750ml),0,VND,"This wonderful, refreshing light white wine is a result of hard labor, strong passion and magic of the French terroirs that allowed the team of George Duboeuf to apply their knowledge, expertise and love for what they are doing in order to create this simple yet highly enjoyable product.",fermented grape juice,"Drink directly, not for pregnant women and children","Wine should be stored away from sunlight and fluorescent lights. The capscrew bottles can be placed vertically, while the cork bottles should be placed horizontally. Ideal storage temperature from 14-16 degrees, avoid storing wine in hot places above 24 degrees and avoid vibrations.",,750,ml
Georges Duboeuf Pinot Noir (750ml),450000,VND,"TASTING NOTES
The Pinot Noir has a deep ruby colour. Full-bodied and hearty, it reveals fresh fruit aromas, such as Morello cherries. Its silky tannins and length make it a very well-balanced wine. We recommend tasting this wine at 13-14 °C.

DESCRIPTION
The vineyards are situated in the Upper Aude Valley towards the Pyrenean foothills. Because of the elevation, the climate is cooler and the grapes ripen later.
It is a favourite “terroir” for grape varieties used to make wines for laying down, and particularly Pinot Noir, which was one of the main varieties planted in the province in the 15th Century, according to the contemporary historian Emmanuel LEROY-LADURIE.

INFORMATION DETAILS
100% Pinot Noir",fermented grape juice,"Drink directly, not for pregnant women and children","Wine should be stored away from sunlight and fluorescent lights. The capscrew bottles can be placed vertically, while the cork bottles should be placed horizontally. Ideal storage temperature from 14-16 degrees, avoid storing wine in hot places above 24 degrees and avoid vibrations.",Aude,750,ml
Georges Duboeuf Merlot (750ml),0,VND,This spicy and bodied merlot is perfectly well representing the French soils and the professionalist of George Duboeuf oenological team.,fermented grape juice,"Drink directly, not for pregnant women and children","Wine should be stored away from sunlight and fluorescent lights. The capscrew bottles can be placed vertically, while the cork bottles should be placed horizontally. Ideal storage temperature from 14-16 degrees, avoid storing wine in hot places above 24 degrees and avoid vibrations.",,750,ml
Georges Duboeuf Syrah (750ml),0,VND,This syrah is perfectly well representing the French soils and the professionalist of George Duboeuf oenological team that allows people all over the world to enjoy this full-bodied aromatic and slightly spicy wine.,fermented grape juice,"Drink directly, not for pregnant women and children","Wine should be stored away from sunlight and fluorescent lights. The capscrew bottles can be placed vertically, while the cork bottles should be placed horizontally. Ideal storage temperature from 14-16 degrees, avoid storing wine in hot places above 24 degrees and avoid vibrations.",,750,ml
Henschke Keyneton Estate Euphonium 14% (750ml),0,VND,"TASTING NOTES
Deep crimson with bright crimson hues. Intense aromas of ripe, spicy red currant, Satsuma plum, rhubarb, boysenberry and blackberry with lifted hints of cassis, violets, sage, bay leaf, black pepper, baking spices and cedar. The palate has excellent depth and structure with plush, ripe dark fruits and a balanced acid line driving the mid-palate long and finishing with savoury spice and dried herbs in unison with the elegant, fine-grained tannins.

DESCRIPTION 
Matured in 13% new and 87% seasoned French (71%) and American (29%) oak hogsheads for 18 months prior to blending and bottling. 
Serving Temperature: 17°C
Cellaring potential: Exceptional Vintage, 25+ years (from vintage).
Recommended food pairing: roasted cowra lamb rack, eggplant, olives and preserved lemon

INFORMATION DETAILS
Variety: Shiraz - Cabernet sauvignon - Merlot and Cabernet Franc grown in the Barossa (Eden Valley and Barossa Valley). 
Harvest Date: 2 March-20 April 
Alcohol: 14% 
pH: 3.5
Acidity: 6.69g/L",fermented grape juice,"Drink directly, not for pregnant women and children","Wine should be stored away from sunlight and fluorescent lights. The capscrew bottles can be placed vertically, while the cork bottles should be placed horizontally. Ideal storage temperature from 14-16 degrees, avoid storing wine in hot places above 24 degrees and avoid vibrations.",Bay,750,ml
Jacques Picard Champagne (750ml),0,VND,"At the end of the 1950s, Roger Picard, being a mayor of Berru city in Champagne planted vines on parcels of land that had just been granted the Champagne appellation label. At the beginning of the 1960s, Jacques Picard, the father of the current winemakers created his own business and produced the very first bottles of champagne under his name. Champagne Jacques Picard was born. This champagne maison are both owners and winegrowers, which means that the whole production process takes place on their land, with their own grapes, which is not as common practice in champagne region, as it may seem.",fermented grape juice,"Drink directly, not for pregnant women and children","Wine should be stored away from sunlight and fluorescent lights. The capscrew bottles can be placed vertically, while the cork bottles should be placed horizontally. Ideal storage temperature from 14-16 degrees, avoid storing wine in hot places above 24 degrees and avoid vibrations.",Berru city,750,ml
Jim Barry Cover Drive Cabernet Sauvignon 14% (750ml),846000,VND,"TASTING NOTES
Deep ruby red with a crimson hue. Classic Cabernet notes of berry compote and dark cherry combine with nuances of olive leaf and lifted red florals. The palate is lively with bright red berries and dark cherry fruit. The wine has an even pull through the palate with fine tannins and a moreish finish.

INFORMATION DETAILS 
Variety: 100% Cabernet Sauvignon 
Region: Coonawarra - Clare Valley
Analysis: Alc/vol 14.0%; Total Acid 5.9g/L; pH 3.5 
Ideal serving temperature: 16-18˚C",fermented grape juice,"Drink directly, not for pregnant women and children","Wine should be stored away from sunlight and fluorescent lights. The capscrew bottles can be placed vertically, while the cork bottles should be placed horizontally. Ideal storage temperature from 14-16 degrees, avoid storing wine in hot places above 24 degrees and avoid vibrations.",Clare,750,ml
Joseph Drouhin Cote de Nuits-Villages (750ml),0,VND,"TASTING NOTES
A delicious red Burgundy, with harmonious flavours. Bright ruby colour. On the nose, intense aromas of wild cherry, liquorice and mild spices, evolving towards notes of undergrowth and mushroom. On the palate, excellent balance between tannin, acidity and gras (velvety texture). The aftertaste is reminiscent of little red berries
The wines display bright red shades with a nice evolution over a delicate tannic structure. They are elegant without too much strength.

DESCRIPTION
Ageing - Type: in barrels (10% in new oak). 
Length: 12 to 15 months. 
Origin of the wood: French oak forests. 

INFORMATION DETAILS
Temperature: 18°C (63-64°F). 
Cellaring: 3 to 12 years
Vintage: 2013
ABV: 13%",fermented grape juice,"Drink directly, not for pregnant women and children","Wine should be stored away from sunlight and fluorescent lights. The capscrew bottles can be placed vertically, while the cork bottles should be placed horizontally. Ideal storage temperature from 14-16 degrees, avoid storing wine in hot places above 24 degrees and avoid vibrations.",gras,750,ml
Joseph Drouhin Laforet Chardonnay (750ml),1289000,VND,"TASTING NOTES
It is a very homogeneous vintage. It is ripe and its aromatic structure is supported by its acidity balance. From charming to more intense, deep and complex.

DESCRIPTION
Ageing - Stainless-steel vats (7 to 8 months). One to two year old barrels for the wines of higher provenance. Part of the wine is aged in oak barrels, and that changes a lot. Why? Because the marriage with oxygen happens more gently (as said by Véronique Drouhin!). Result: the wine is not overly woody but is rich in aromas. 

INFORMATION DETAILS
Temperature: 12/13°C (53-55°F). 
Cellaring: 1 to 3 years.
ABV: 13%",fermented grape juice,"Drink directly, not for pregnant women and children","Wine should be stored away from sunlight and fluorescent lights. The capscrew bottles can be placed vertically, while the cork bottles should be placed horizontally. Ideal storage temperature from 14-16 degrees, avoid storing wine in hot places above 24 degrees and avoid vibrations.",Lot,750,ml
Joseph Drouhin Pouilly-Fuisse,2529000,VND,"TASTING NOTES
It is a very homogeneous vintage. It is ripe and its aromatic structure is supported by its acidity balance. From charming to more intense, deep and complex.

DESCRIPTION
Vinification Pressing: very slow so as to respect the fruit. Juices from the last pressings are not retained. No artificial yeasts or enzymes are used. 
Ageing Type: partly in stainless steel vats and partly in oak barrels (0% new oak). Length: 6 to 8 months

INFORMATION DETAILS
Temperature: 12/13°C (53-54°F). 
Cellaring: 2 to 5 years. 
ABV: 13%
Grape: 100% Chardonnay",fermented grape juice,"Drink directly, not for pregnant women and children","Wine should be stored away from sunlight and fluorescent lights. The capscrew bottles can be placed vertically, while the cork bottles should be placed horizontally. Ideal storage temperature from 14-16 degrees, avoid storing wine in hot places above 24 degrees and avoid vibrations.",,,
Joseph Drouhin Rully White 13% 750ml,0,VND,"TASTING NOTES
The colour is a beautiful white gold, with a ravishing purity and brilliance. The aromas are fresh and fruity, with nuances of broom shrub (genêt), almond and delicious preserved citrus notes. On the palate, it is fresh and elegant. A long and delicious aftertaste makes for a lasting impression

DESCRIPTION 
Harvesting: by hand, in small open crates in order to preserve the integrity of the fruit. 
Ageing - Type: in barrels (20% in new oak). 
Length: 6 to 8 months. 
Origin of the wood: French oak forests. 

INFORMATION DETAILS
Temperature: 13°C (55°F). 
Cellaring: 2 to 5 years.
ABV: 13%
Grape: 100% Chardonnay",fermented grape juice,"Drink directly, not for pregnant women and children","Wine should be stored away from sunlight and fluorescent lights. The capscrew bottles can be placed vertically, while the cork bottles should be placed horizontally. Ideal storage temperature from 14-16 degrees, avoid storing wine in hot places above 24 degrees and avoid vibrations.",,750,ml
M.Chapoutier Chateauneuf de Pape La Bernardine (750ml),2429000,VND,"TASTING NOTES
Appearance: intense crimson-red.
Nose: complex and subtle, blackcurrant and plum followed by roasted coffee and cinnamon, cherry, morello cherry.
Palate: opening into spicy (liquorice) and fruity aromas.

DESCRIPTION
The grapes are carefully selected during the harvesting. Compulsory to obtain the Appellation, this sorting allows to have the best bunches of grapes.
The Châteauneuf-du-Pape appellation produces wines that are blends of different grape varieties, therefore, vinification depends on the component grapes and their varietals. Traditional vinification is carried out in closed concrete tanks. The vatting period usually lasts for around 3 weeks, at high temperature to ensure the maximum extraction of colour and tannins.
Ageing takes place in concrete tanks for 15 months to ensure good oxygenation of the wine, which preserves its freshness and aromas.

INFORMATION DETAILS
ABV: 14.5%
Grape: Syrah, Grenache",fermented grape juice,"Drink directly, not for pregnant women and children","Wine should be stored away from sunlight and fluorescent lights. The capscrew bottles can be placed vertically, while the cork bottles should be placed horizontally. Ideal storage temperature from 14-16 degrees, avoid storing wine in hot places above 24 degrees and avoid vibrations.",,750,ml
Louis Roederer Brut Premier (750ml),0,VND,"TASTING NOTES 
From the outset, Brut Premier affirms its personality and seduction: the texture is full and generous and, in a fairly unexpected way, integrates characteristics of maturity associated with fruitier and more refreshing notes. The wine has a fresh festive finesse… 
In the mouth, the wine has structure, richness and length. It is a full, complex wine that is both modern and powerful, whilst remaining a great classic 

DESCRIPTION 
The upheavals of the start of the twentieth century - in particular the First World War that destroyed more than half of the Louis Roederer estate - led Leon Olry Roederer to reconstruct his vineyard. He decided to buy in grapes to ensure continuity during the period of crisis. In doing so, he created a wine of several vintages with a constant taste whatever the year of harvesting. Today this wine is Brut Premier. 

INFORMATION DETAILS 
ABV: 12% 
Grape: 40% Pinot noir - 40% Chardonnay - 20% Pinot Meunier",fermented grape juice,"Drink directly, not for pregnant women and children","Wine should be stored away from sunlight and fluorescent lights. The capscrew bottles can be placed vertically, while the cork bottles should be placed horizontally. Ideal storage temperature from 14-16 degrees, avoid storing wine in hot places above 24 degrees and avoid vibrations.",Leon,750,ml
M.Chapoutier Belleruche Cote du Rhone Red (750ml),615000,VND,"The grapes for this wine are accurately picked at their phenolic maturity and then destemmed, before being vinified in concrete and stainless steel tanks for 3 to 4 weeks. Pumping is carried out each day to gently extract the aromatic components, anthocyanins and tannins. The fermentation temperature is taking place at 28°C. The maturation still takes place in stainless steel and concrete vats for another 6 months.",fermented grape juice,"Drink directly, not for pregnant women and children","Wine should be stored away from sunlight and fluorescent lights. The capscrew bottles can be placed vertically, while the cork bottles should be placed horizontally. Ideal storage temperature from 14-16 degrees, avoid storing wine in hot places above 24 degrees and avoid vibrations.",Rhone,750,ml
M.Chapoutier Cote Rotie Les Becasses (750ml),0,VND,"TASTING NOTES
Appearance: deep purplish red.
Nose: raspberry, hint of violet, predominant of spices, a touch of black olive and “tapenade”, rose winemary.
Palate: ample and deep, woody, spicy and vanilla final.

DESCRIPTION
The grapes are entirely hand-harvested at maturity.
After destemming, the grapes go into concrete tanks. Daily punching (pigeage) ensures a good extraction of colour and tannins. The temperature does not exceed 33°C. Fermentation lasts between 3 and 4 weeks depending on the vintage. For fermentation, we decided to use indigenous yeasts to allow our terroirs to begin expressing themselves from this key stage in the winemaking process.
Ageing lasts 14-16 months. 80% of the wine is aged in oak barrels with a majority of new wood. The remaining 20% are aged in stainless steel vats which allows us to preserve the purity of the fruit and the floral notes, which are a distinctive feature of great Côte-Rôtie wines.

INFORMATION DETAILS
ABV: 12.5%
Grape: Syrah",fermented grape juice,"Drink directly, not for pregnant women and children","Wine should be stored away from sunlight and fluorescent lights. The capscrew bottles can be placed vertically, while the cork bottles should be placed horizontally. Ideal storage temperature from 14-16 degrees, avoid storing wine in hot places above 24 degrees and avoid vibrations.",,750,ml
M.Chapoutier Crozes Hermitage Les Meysonniers Org 13% (750ml),1081000,VND,"TASTING NOTES
Appearance: very intense purplish red.
Nose: red fruits, blackcurrant and raspberry, followed by violet aromas.
Palate: ample and round, final of stewed fruits and vanilla.

DESCRIPTION
The grapes are entirely hand-harvested at maturity.
Our Crozes-Hermitage is vinified traditionally with punching down and pumping over taking place in concrete tanks. This wine is made from organically grown grapes. The exclusion of all chemical products (in particular herbicides), and the ploughing of the vineyards, enables the vine to plunge its root system deep down into the heart of the soil. Deeper root systems make the vine’s physiological behavior more even, and provide better resistance to sudden and variable weather conditions. As to the wines, a more subtle balance and a pronounced minerality set this wine apart from other Crozes-Hermitage wines produced from this sedimentary soil. Vinification and ageing in concrete tanks enhances the subtlety of the balance.

INFORMATION DETAILS
ABV: 13%
Grape: Syrah",fermented grape juice,"Drink directly, not for pregnant women and children","Wine should be stored away from sunlight and fluorescent lights. The capscrew bottles can be placed vertically, while the cork bottles should be placed horizontally. Ideal storage temperature from 14-16 degrees, avoid storing wine in hot places above 24 degrees and avoid vibrations.",Plunge,750,ml
M.Chapoutier Chante-Alouette Hermitage Blanc Org 13.5% (750ml),0,VND,"TASTING NOTES
Appearance: brilliant and green gold.
Nose: complex and subtle, aromas of quince, walnut, honey, ginger, acacia with a hint of linden-tree.
Palate: frank attack, without aggressiveness, final of almond, very elegant and good length.

DESCRIPTION
The grapes are entirely hand-harvested at maturity.
The musts are obtained after a long pressing and are lightly settled before fermentation. Part of the fermentation is carried out in stainless steel tanks and part in demi-muids. The lees are stirred up (bâtonnage) for the first 2-3 months adding texture to the wine.
40-30% takes place in stainless steel vats. The remaining 60-70% is aged in demimuids (600 litres) barrels, 10% of which are made of new wood and 90% of wood previously used for one to three wines.

INFORMATION DETAILS
ABV: 14%
Grape: Marsanne",fermented grape juice,"Drink directly, not for pregnant women and children","Wine should be stored away from sunlight and fluorescent lights. The capscrew bottles can be placed vertically, while the cork bottles should be placed horizontally. Ideal storage temperature from 14-16 degrees, avoid storing wine in hot places above 24 degrees and avoid vibrations.",quince,750,ml
M.Chapoutier Hermitage Monier de La Sizeranne 13.5% (750ml),0,VND,"TASTING NOTES
Appearance: deep garnet red, with purplish lights.
Nose: red fruit (rapberry, blackcurrant), with a hint of liquorice.
Palate: good attack, round and elegant wine with concentrated and gentle tannins. The final is on blackcurrant, raspberry and spicy (pepper) aromas when it is young.

DESCRIPTION
Hand harvesting at optimal maturity.
Entirely destemmed, the grapes ferment in concrete tanks. From one to two daily treadings ensure a good extraction. Temperature varies between 30 and 33°C.
18 months ageing, 85% of which takes place in oak barrels, giving the wine its notes of oak. The remaining 15% is aged in concrete tanks to preserve minerality and freshness.

INFORMATION DETAILS
ABV: 14%
Grape: Syrah",fermented grape juice,"Drink directly, not for pregnant women and children","Wine should be stored away from sunlight and fluorescent lights. The capscrew bottles can be placed vertically, while the cork bottles should be placed horizontally. Ideal storage temperature from 14-16 degrees, avoid storing wine in hot places above 24 degrees and avoid vibrations.",,750,ml
M.Chapoutier Gigondas Red (750ml),0,VND,"TASTING NOTES
Appearance: very intense, beautiful ruby red hue.
Nose: the nose is powerful and shows great finesse. The alternation of strawberry jam aromas and spicy/peppery notes creates a very pleasant bouquet.
Palate: floral then spicy (pepper) notes on entry. The wine displays a superb tannic structure and lovely long-lingering flavours.

DESCRIPTION
The grapes are destemmed and vinified in concrete tanks. Daily pumping over is carried out during the alcoholic fermentation.
Maturing takes place in concrete tank over 8 months.

INFORMATION DETAILS
ABV: 14.5%
Grape: Mainly Grenache, then Syrah and Mourvèdre.",fermented grape juice,"Drink directly, not for pregnant women and children","Wine should be stored away from sunlight and fluorescent lights. The capscrew bottles can be placed vertically, while the cork bottles should be placed horizontally. Ideal storage temperature from 14-16 degrees, avoid storing wine in hot places above 24 degrees and avoid vibrations.",,750,ml
Antinori Marchese Chianti Classico Riserva (750ml),0,VND,"TASTING NOTES
An intense ruby red in color, the wine offers a fruity and floral nose with additional notes of spices and toasted oak. The palate is supple and balanced and the toasty and fruity sensations linger on a fragrant and persistent finish.

DESCRIPTION
Aged in French and Hungarian oak barrels for approximately a year. It was then bottled and given an additional twelve months of bottle aging prior to release.

INFORMATION DETAILS
ABV: 13.5%
Grape: Sangiovese
Vintage: 2014",fermented grape juice,"Drink directly, not for pregnant women and children","Wine should be stored away from sunlight and fluorescent lights. The capscrew bottles can be placed vertically, while the cork bottles should be placed horizontally. Ideal storage temperature from 14-16 degrees, avoid storing wine in hot places above 24 degrees and avoid vibrations.",,750,ml
Nautilus Sauvignon Blanc (750ml),925000,VND,"TASTING NOTES
Nautilus Sauvignon Blanc displays intense aromas of ripe passionfruit, elderflower, limes and fresh herbs. The palate introduces a delightful lime/citrus based mouth-watering intensity and finishes with a strong textural component.

DESCRIPTION
The fruit was machine harvested at night or in the cool of the morning, gently crushed and pressed then fermented with a variety of aromatic yeast strains in stainless steel tanks - the sole aim being to reflect and preserve the flavours and aromas grown in the vineyard. 7% of the juice fermentations were started with a non-saccharomyces yeast and 2% of the blend was barrel fermented. After fermentation, the wine was kept in contact with the lees for five months. This classic technique enhances creaminess and integrates flavours. 
Cellaring: Delicious upon release, this wine will improve for 3-5 years post vintage.
Ideal food matching: Crunchy Fish Tacos with zesty yoghurt, lime & chive sauce.

INFORMATION DETAILS
ABV: 13%
Grape: 100% Sauvignon Blanc",fermented grape juice,"Drink directly, not for pregnant women and children","Wine should be stored away from sunlight and fluorescent lights. The capscrew bottles can be placed vertically, while the cork bottles should be placed horizontally. Ideal storage temperature from 14-16 degrees, avoid storing wine in hot places above 24 degrees and avoid vibrations.",,750,ml
Nicolas Feuillatte Brut Reserve Particuliere 12.5% (750ml),0,VND,"This iconic champagne is a perfectly balanced blend of 20% chardonnay that brings elegance and finesse to the wine, 40% pinot noir present for roundness and structure and 40% meunier for soft and supple character. This wine is aged for 3 to 4 years in the cellar with the dosage level properly adapted for each champagne as well as the explicitly calculated choice of the reserve wine used for the blend in order to guarantee the “intrinsic style of each Champagne”. The maison might be the youngest of all the major Champagne houses, but at the same time also the largest growing' Champagne brand, which makes its style refined and modern.",fermented grape juice,"Drink directly, not for pregnant women and children","Wine should be stored away from sunlight and fluorescent lights. The capscrew bottles can be placed vertically, while the cork bottles should be placed horizontally. Ideal storage temperature from 14-16 degrees, avoid storing wine in hot places above 24 degrees and avoid vibrations.",,750,ml
Marques de Caceres Crianza Red (750ml),0,VND,"This classic Spanish wine uses carefully manually selected clusters that are then properly destemmed before going through the alcoholic fermentation in stainless steel tanks at the controlled temperature. A prolonged maceration with the skin lasts for up to 20 days and is followed by the Malolactic fermentation that is carried out in the new barrels and stainless steel tanks, depending on the plots and their origin. Once the process has been concluded, the wines are rested in barrels that are racked every 6 months for 12 months in French (60%) and American (40%) oak barrels. 25% of the barrels are new oak, another 25% have been used for two wines when the other 50% have been used to rest a maximum of three to four wines. After completing all of these steps the wine is aged in a bottle for at least 1 year.",fermented grape juice,"Drink directly, not for pregnant women and children","Wine should be stored away from sunlight and fluorescent lights. The capscrew bottles can be placed vertically, while the cork bottles should be placed horizontally. Ideal storage temperature from 14-16 degrees, avoid storing wine in hot places above 24 degrees and avoid vibrations.",Caceres,750,ml
Oxford Landing Cabernet Shiraz (750ml),0,VND,"This vivid and powerful shiraz goes through fermentation process that was carried out using static and rotary fermenters under warm temperature conditions for 6 days, in order to create a balance between extracting the appropriate tannin for wine structure and retaining fruit drive and aromatics.",fermented grape juice,"Drink directly, not for pregnant women and children","Wine should be stored away from sunlight and fluorescent lights. The capscrew bottles can be placed vertically, while the cork bottles should be placed horizontally. Ideal storage temperature from 14-16 degrees, avoid storing wine in hot places above 24 degrees and avoid vibrations.",,750,ml
Pascal Jolivet Attitude Pinot Noir 13% (750ml),990000,VND,"The wine develops such a unique and noble characteristics due to its Clay and limestone terroir which is responsible for the fruity presence and a hint of spice in the aromas. Being 100% Pinot Noir, the wine is the result of rigorous sorting and selection of the berries before a cold pre-fermentation maceration taking place for around 20 days that is followed by the fermentation in thermo-regulated tanks",fermented grape juice,"Drink directly, not for pregnant women and children","Wine should be stored away from sunlight and fluorescent lights. The capscrew bottles can be placed vertically, while the cork bottles should be placed horizontally. Ideal storage temperature from 14-16 degrees, avoid storing wine in hot places above 24 degrees and avoid vibrations.",,750,ml
Oxford Landing Chardonnay (750ml),0,VND,"This Chardonnay was made of the grapes collected from vineyards in South Australia, where the producer’s selection of the latest clonal and rootstock combinations led to outstanding quality of the fruits. Oxford Landing winemaking techniques isare focused on “minimal intervention with the use of wild yeasts, malolactic fermentation, lees contact and subtle oak to give our Chardonnay depth, complexity and personality”",fermented grape juice,"Drink directly, not for pregnant women and children","Wine should be stored away from sunlight and fluorescent lights. The capscrew bottles can be placed vertically, while the cork bottles should be placed horizontally. Ideal storage temperature from 14-16 degrees, avoid storing wine in hot places above 24 degrees and avoid vibrations.",Australia,750,ml
Pascal Jolivet Sancerre White 12.5% (750ml),0,VND,"TASTING NOTES
Pale and vibrant in color. The Pascal Jolivet Sancerre is fresh, clean and screaming with racy acidity. On the palate it is fresh and tightly wound; acidity is tempered by very subtle residual sugar; very clean; alive, racy, youthful. Overall, a dry and elegant wine.

INFORMATION DETAILS
ABV: 13%
Grape varieties: Sauvignon Blanc",fermented grape juice,"Drink directly, not for pregnant women and children","Wine should be stored away from sunlight and fluorescent lights. The capscrew bottles can be placed vertically, while the cork bottles should be placed horizontally. Ideal storage temperature from 14-16 degrees, avoid storing wine in hot places above 24 degrees and avoid vibrations.",,750,ml
Pascal Jolivet Attitude Sauvignon Blanc 12.5% (750ml),0,VND,"TASTING NOTES
“Attitude” has a beautiful freshness in mouth, a frank attack, delicate green and lemon flavours, citrus fruits, green apple and kiwi aromas. The minerality gives a long finish to the wine, a smoothness and elegance – characteristics of all of Pascal Jolivet’s wines.
Very pleasant with or without food, in particular with seafood, asparagus, roasted fish and goat’s milk cheese. “Attitude” is the epitome of Pascal Jolivet’s style of wines. It has international appeal and characterises the evolution of a new generation of Sauvignon Blanc consumers.

INFORMATION DETAILS
ABV: 12.5%
Grape varieties: Sauvignon Blanc",fermented grape juice,"Drink directly, not for pregnant women and children","Wine should be stored away from sunlight and fluorescent lights. The capscrew bottles can be placed vertically, while the cork bottles should be placed horizontally. Ideal storage temperature from 14-16 degrees, avoid storing wine in hot places above 24 degrees and avoid vibrations.",,750,ml
Antinori Peppoli Estate Chianti Classico (750ml),1060000,VND,"TASTING NOTES
A ruby red colour, Pèppoli imparts hints of cherries well blended with touches of chocolate and vanilla, which come from the wood it aged in. Once in the mouth, the wine imparts all the characteristics of Sangiovese. The tannins are soft and silky, the finish round and persistent. We recommend serving it at a temperature of 14-18 °C.

DESCRIPTION
The grapes for this wine made by Antinori Family grow in the vineyards of the Pèppoli estate. The wine is a classic Chianti made with Sangiovese grapes to which a small amount of Merlot and Syrah is added, and produced to be the ideal expression of the fruit. It is first put in 55 hectolitre barrels of Slovenian wood and 10% in American oak barriques where it rests for not more than 9 months, and then further aged in the bottle.

INFORMATION DETAILS
ABV: 13.5%
Vintage: 2017",fermented grape juice,"Drink directly, not for pregnant women and children","Wine should be stored away from sunlight and fluorescent lights. The capscrew bottles can be placed vertically, while the cork bottles should be placed horizontally. Ideal storage temperature from 14-16 degrees, avoid storing wine in hot places above 24 degrees and avoid vibrations.",,750,ml
Pascal Jolivet Pouilly Fume (750ml),1766000,VND,"TASTING NOTES
The 2017 Pascal Jolivet Pouilly Fumé is a vibrant yellow color with a dry focused nose of citrus and mineral. On the palate the wine is medium in body, incredibly precise and layered with clean, driving acidity.

DESCRIPTION
Under the name “Blanc-Fumé”, the wine is produced 100% from Pascal’s own vineyards, under the supervi¬sion and expertise of his vineyard management team using organic fanning methods. The wine is vinified by his talented winemaker Valentina Buoso in the “Pascal Jolivet” natural way: wild yeast, temperature-control¬led vinification, ageing on lees, cold settling (no enzyme), and low sulfites.

INFORMATION DETAILS
ABV: 12.5%
Grape varieties: Sauvignon Blanc",fermented grape juice,"Drink directly, not for pregnant women and children","Wine should be stored away from sunlight and fluorescent lights. The capscrew bottles can be placed vertically, while the cork bottles should be placed horizontally. Ideal storage temperature from 14-16 degrees, avoid storing wine in hot places above 24 degrees and avoid vibrations.",,750,ml
Plaimont Colombelle White (750ml),0,VND,The Gascogne region being majorly known for the Armagnac production still expresses amazing temper and develops its own soul in the Plaimont co-op hands. The rediscovered by André Dubosc a Gers grape variety also called “French Colombard” was destined to shine in a Côtes de Gascogne signature wine!,fermented grape juice,"Drink directly, not for pregnant women and children","Wine should be stored away from sunlight and fluorescent lights. The capscrew bottles can be placed vertically, while the cork bottles should be placed horizontally. Ideal storage temperature from 14-16 degrees, avoid storing wine in hot places above 24 degrees and avoid vibrations.",Gers,750,ml
Pol Roger Brut Reserve (750ml),0,VND,"Clear, elegant and open, mingling notes of dried fruits, woody scents and a slight vegetal hint. 
The attack is ample, powerful and complex as well as for its power, suppleness and balance.


Clear, elegant and open, mingling notes of dried fruits, woody scents and a slight vegetal hint.",fermented grape juice,"Drink directly, not for pregnant women and children","Wine should be stored away from sunlight and fluorescent lights. The capscrew bottles can be placed vertically, while the cork bottles should be placed horizontally. Ideal storage temperature from 14-16 degrees, avoid storing wine in hot places above 24 degrees and avoid vibrations.",,750,ml
Pigmentum Malbec (750ml),487000,VND,"TASTING NOTES
A wine that is sure to provide pleasure, it has a beautiful red color with a bouquet of summer flowers as well as powerful red and black fruit aromas: raspberry, blackcurrant, and blackberry. The wine is very fruity with rich, buttery tannin on the palate. Round, attractive and inviting, it makes a fine aperitif!

DESCRIPTION
Pigmentum Malbec is the perfect wine to accompany everyday’s meals as well as more elaborate dishes such as roast pork, leg of lamb, duck, beef tajine, cannelloni, chicken currry, and vol au vent.

INFORMATION DETAILS
ABV: 13.5%
Grape: 100% Malbec
Serving temperature: 16-17°C / 61-62,5°F",fermented grape juice,"Drink directly, not for pregnant women and children","Wine should be stored away from sunlight and fluorescent lights. The capscrew bottles can be placed vertically, while the cork bottles should be placed horizontally. Ideal storage temperature from 14-16 degrees, avoid storing wine in hot places above 24 degrees and avoid vibrations.",,750,ml
Ringbolt Cabernet Sauvignon (750ml),1028000,VND,"TASTING NOTES
Deep with a bold crimson red colour and purple tints. The nose has rich aromas of black cherries and cassis, with forest floor characters to finish. The wine opens with a lively and intense blackberry compote, progressing to rich dark chocolate characters and finishing with succulent tannins that continue the experience long after the wine has left your mouth.

DESCRIPTION
Oak Treatement: Matured for 11 months in new American oak barriques (8%), balance in one year and older American and French oak barriques and hogsheads. 
Enjoy now or cellar for eight to ten years.

INFORMATION DETAILS
Variety: Cabernet Sauvignon  
Region: Margaret River 
Alc/Vol: 14.5%",fermented grape juice,"Drink directly, not for pregnant women and children","Wine should be stored away from sunlight and fluorescent lights. The capscrew bottles can be placed vertically, while the cork bottles should be placed horizontally. Ideal storage temperature from 14-16 degrees, avoid storing wine in hot places above 24 degrees and avoid vibrations.",,750,ml
Ronco Sicilia BIBS Red (3L),789000,VND,"This simple but mature Sicilian wines enhances the best features of the rich and fertile Sicilian soil, due to the hot and humid climate and wonderful aeration of the vineyards, that creates a special and recogniseable style of the wine.",fermented grape juice,"Drink directly, not for pregnant women and children","Wine should be stored away from sunlight and fluorescent lights. The capscrew bottles can be placed vertically, while the cork bottles should be placed horizontally. Ideal storage temperature from 14-16 degrees, avoid storing wine in hot places above 24 degrees and avoid vibrations.",Sicilia,3,L
Ronco Sicilia BIBS White (3L),789000,VND,"This simple but mature Sicilian wines enhances the best features of the rich and fertile Sicilian soil, due to the hot and humid climate and wonderful aeration of the vineyards, that creates a special and recogniseable style of the wine.",fermented grape juice,"Drink directly, not for pregnant women and children","Wine should be stored away from sunlight and fluorescent lights. The capscrew bottles can be placed vertically, while the cork bottles should be placed horizontally. Ideal storage temperature from 14-16 degrees, avoid storing wine in hot places above 24 degrees and avoid vibrations.",Sicilia,3,L
Antinori Santa Cristina (750ml),583000,VND,"A delightful and expressive Tuscan wine, consistent and elegant in style. It is owned by Marchesi Antinori, one of Italy's most renowned and historic wine companies, which allows the wine to translate their centuries-long passion for winemaking and care for the specialty and high standards of their product.",fermented grape juice,"Drink directly, not for pregnant women and children","Wine should be stored away from sunlight and fluorescent lights. The capscrew bottles can be placed vertically, while the cork bottles should be placed horizontally. Ideal storage temperature from 14-16 degrees, avoid storing wine in hot places above 24 degrees and avoid vibrations.",Italy,750,ml
Ramos Pintos Duas Quintas Red (750ml),0,VND,"TASTING NOTES
Dark garnet in colour, with cherry reflections, clean and bright. An intense and mature bouquet with floral aromas of plum and black cherry. At the end the aroma becomes more complex with notes of spices and woods. In the mouth, the wine is soft and smooth with aromas of ripe fruit. Flavourful and elegant.

INFORMATION DETAILS
Alcohol 14%vol 
Total acidity 5,0g/l 
pH 3,77",fermented grape juice,"Drink directly, not for pregnant women and children","Wine should be stored away from sunlight and fluorescent lights. The capscrew bottles can be placed vertically, while the cork bottles should be placed horizontally. Ideal storage temperature from 14-16 degrees, avoid storing wine in hot places above 24 degrees and avoid vibrations.",,750,ml
The Winery of Good Hope Chenin Blanc (750ml),494000,VND,"TASTING NOTES
Chenin is versatile grape, which can make excellent wines. This is a complex, unoaked wine with intense, fruity flavours and is wellbalanced and rounded. A depth of fruit is what sets this wine apart. There are refreshing flavours of green apples, white peaches and an elegant minerality.

DESCRIPTION
The grapes were picked at different levels of ripeness, to build good acidity, fruit and depth. Cool fermentation took place in stainless steel tanks with natural yeasts. The wine was kept the lees for 9 months, with occasional battonnage. This stirring of the lees was done to enhance palate weight and texture of the wine.

INFORMATION DETAILS
ABV: 12%
Grape: 100% Chenin Blanc",fermented grape juice,"Drink directly, not for pregnant women and children","Wine should be stored away from sunlight and fluorescent lights. The capscrew bottles can be placed vertically, while the cork bottles should be placed horizontally. Ideal storage temperature from 14-16 degrees, avoid storing wine in hot places above 24 degrees and avoid vibrations.",,750,ml
Twin Islands Sauvignon Blanc(750ml),599000,VND,"This easily recogniseable Marlborough wine is the product of one of the best facilities in New Zealand. Twin Islands being part of the good quality stable wines produced by the Nautilus Estate uses grapes predominantly from the valley floor,trying to be non-interventional, allowing the grapes’ true characters to shine through.",fermented grape juice,"Drink directly, not for pregnant women and children","Wine should be stored away from sunlight and fluorescent lights. The capscrew bottles can be placed vertically, while the cork bottles should be placed horizontally. Ideal storage temperature from 14-16 degrees, avoid storing wine in hot places above 24 degrees and avoid vibrations.",New Zealand,750,ml
The Winery of Good Hope Pinotage (750ml),0,VND,"TASTING NOTES
This wine displays a refreshing yet juicy palate with black berries, plums, wild black fruits and a wonderful, natural sucrosité . It has a lithe texture with integrated, supple tannins and some attractive spice on the finish. Incredibly moreish!

INFORMATION DETAILS
ABV: 12.18%
Grape: 100% Pinotage",fermented grape juice,"Drink directly, not for pregnant women and children","Wine should be stored away from sunlight and fluorescent lights. The capscrew bottles can be placed vertically, while the cork bottles should be placed horizontally. Ideal storage temperature from 14-16 degrees, avoid storing wine in hot places above 24 degrees and avoid vibrations.",,750,ml
Vignerons de St. Tropez Cotes de Provence Rose (750ml),698000,VND,"The elegant wine represents the glamourous style of Provence and its special art-nouveau flair, that still lives through time. The amphora shaped bottle became a recogniseable feature for all high-quality rose wines from the region.",fermented grape juice,"Drink directly, not for pregnant women and children","Wine should be stored away from sunlight and fluorescent lights. The capscrew bottles can be placed vertically, while the cork bottles should be placed horizontally. Ideal storage temperature from 14-16 degrees, avoid storing wine in hot places above 24 degrees and avoid vibrations.",,750,ml
Antinori Villa Toscana Red (750ml),1048000,VND,"TASTING NOTES
The wine is ruby red in colour with intense aromas of cherries, mint and especially chocolate. On the palate the wine is ample in body, supple and with velvety and soft tannins, long and savoury. 
Ingredients: Sangiovese, Cabernet Sauvignon, Merlot, Syrah. 
Serving suggestion: with rabbit and pasta dishes",fermented grape juice,"Drink directly, not for pregnant women and children","Wine should be stored away from sunlight and fluorescent lights. The capscrew bottles can be placed vertically, while the cork bottles should be placed horizontally. Ideal storage temperature from 14-16 degrees, avoid storing wine in hot places above 24 degrees and avoid vibrations.",Toscana,750,ml
The Winery of Good Hope Cabernet Sauvignon Merlot (750ml),0,VND,"TASTING NOTES
This harmoniously characterful blend of classic varieties aims to reflect the individuality of the sites in which it is grown through its fresh and fragrant aromas of red fruit as well as shrubby fynbos notes. On the palate the wine expresses the vintage through a supple and finely hewn texture as well as beautiful fruit concentration before a long, vinously savoury finish.

DESCRIPTION
Aging: 40% of the wine was matured in French oak barrels for a period of 10 months before blending and bottling
Appellation: Coastal, South Africa
Vineyards: in Paarl and Wellington
INFORMATION DETAILS
ABV: 14%
Grape: 100% Cabernet Sauvignon - Merlot",fermented grape juice,"Drink directly, not for pregnant women and children","Wine should be stored away from sunlight and fluorescent lights. The capscrew bottles can be placed vertically, while the cork bottles should be placed horizontally. Ideal storage temperature from 14-16 degrees, avoid storing wine in hot places above 24 degrees and avoid vibrations.",South Africa,750,ml
Yalumba Y Series Pinot Grigio 13% (750ml),487000,VND,"The recognizeable style of Y series under the supervision of one of the most brilliant and oldest families in the country transfers the freshness, wonderful aromas and genuinly ideal experience. The vine and tendrils on the label of the bottle “represent the vineyard practices, as a well spread, airy canopy produces healthy, flavoursome grapes”",fermented grape juice,"Drink directly, not for pregnant women and children","Wine should be stored away from sunlight and fluorescent lights. The capscrew bottles can be placed vertically, while the cork bottles should be placed horizontally. Ideal storage temperature from 14-16 degrees, avoid storing wine in hot places above 24 degrees and avoid vibrations.",,750,ml
Woodstock Cabernet Sauvignon 14% (750ml),899000,VND,"One of the most recognizeable examples of Australian Cabernet Sauvignon, Woodstock has been shaping the style of this grape variety since 1982, due to its perfect location in higher and cooler end of McLaren Vale, strong reputation and long history of winemaking, which dates back to 1973 when Doug Collett A.M., the founder, felt in love with the vineyards and wines while serving as a fighter pilot in the Royal Australian Air Force during World War 2.",fermented grape juice,"Drink directly, not for pregnant women and children","Wine should be stored away from sunlight and fluorescent lights. The capscrew bottles can be placed vertically, while the cork bottles should be placed horizontally. Ideal storage temperature from 14-16 degrees, avoid storing wine in hot places above 24 degrees and avoid vibrations.",750ml,750,ml
Yalumba Y Series Riesling (750ml),0,VND,"TASTING NOTES
The Y Series Riesling is green straw in colour with opening aromas of orange blossom and rose wine petals, followed by hints of lime zest and pear flesh. The palate is moreish with flavours of pithy grapefruit, early season pineapple and granny smith apples. The finish on the wine is fleshy and zesty with a mouth-watering chalkiness.
Enjoy with chicken dumplings or spicy guacamole and corn chips.

DESCRIPTION 
The grapes were harvested in the cool of the night to help retain the lovely aromatics that Riesling is famous for. They were then crushed to a skin contact vessel for 45 minutes to increase flavour. The free run juice is then drained from the skins, with some light pressings to a tank for wild fermentation. After minimal winemaking intervention, the wine is stabilized and filtered, ready for bottling.

INFORMATION DETAILS 
Harvest Date(S): March & April 2017
Region: Barossa
Total Acidity: 6.2 (G/L)
Label Alcohol: 12.0
PH (UNITS) : 3.14
Residual Sugar: 1.0 (G/L)",fermented grape juice,"Drink directly, not for pregnant women and children","Wine should be stored away from sunlight and fluorescent lights. The capscrew bottles can be placed vertically, while the cork bottles should be placed horizontally. Ideal storage temperature from 14-16 degrees, avoid storing wine in hot places above 24 degrees and avoid vibrations.",Riesling,750,ml
Yalumba Y Series Shiraz Viognier 14.5% (750ml),466000,VND,"An amazing blend of the famous grape varieties leads a marvelous aromatic wine, expressive and emporing, truthfully representing the rich australian soils and Hill-Smith family traditions and experience in winemaking. The horse depicted on the label stands for “tradition, when they transport and tractor of Yalumba”.",fermented grape juice,"Drink directly, not for pregnant women and children","Wine should be stored away from sunlight and fluorescent lights. The capscrew bottles can be placed vertically, while the cork bottles should be placed horizontally. Ideal storage temperature from 14-16 degrees, avoid storing wine in hot places above 24 degrees and avoid vibrations.",,750,ml
Yalumba Y Series Sangiovese Rose (750ml),487000,VND,"TASTING NOTES 
A highly aromatic wine showing notes of strawberries and cream, lavender and pomegranate. The palate is vibrant and refreshing with layers of rhubarb, blood orange and cranberry. Sophisticated with a dry finish of zesty acidity. 

DESCRIPTION
Food pairing: Enjoy with rockmelon wrapped in prosciutto; Thai-style sweet corn fritters or strawberry gazpacho.
INFORMATION DETAILS
Region: South Australia 
Alcohol : 12.0% 
Total Acidity: 5.5 (G/L) 
pH (Units) : 3.19 
Residual Sugar: 2.0 (G/L) 
Total So2 : 63 (MG/L) 
Winemaker: Sam Wigan",fermented grape juice,"Drink directly, not for pregnant women and children","Wine should be stored away from sunlight and fluorescent lights. The capscrew bottles can be placed vertically, while the cork bottles should be placed horizontally. Ideal storage temperature from 14-16 degrees, avoid storing wine in hot places above 24 degrees and avoid vibrations.",Australia,750,ml
Yalumba Y Series Viognier (750ml),0,VND,"TASTING NOTES 
Bright straw in colour with green hues, the Y Series Viognier has aromas of orange blossom and fresh ginger, with hints of honeysuckle and white flowers. Fresh pineapple, white tea and dried figs lead into a creamy mid palate with a silky textural finish. 
Drinks perfectly with harissa chicken or crispy rice pancakes with potato and chickpeas.

DESCRIPTION
After harvest the Viognier grapes were gently pressed and the juices handled with controlled oxidation. Fermentation took place in stainless steel tanks utilising the naturally occurring indigenous vineyard yeasts. The indigenous yeasts create layers of flavour, complexity and richness. After fermentation the wine remained on yeast lees for about three months, increasing the complexity by adding creaminess and palate richness.

INFORMATION DETAILS
Region : South Australia 
Total Acidity : 5.7 (G/L) 
Label Alcohol : 13.5% 
pH (UNITS) : 3.37 
Residual Sugar : 2.1g/l 
Winemaker : Heather Fraser",fermented grape juice,"Drink directly, not for pregnant women and children","Wine should be stored away from sunlight and fluorescent lights. The capscrew bottles can be placed vertically, while the cork bottles should be placed horizontally. Ideal storage temperature from 14-16 degrees, avoid storing wine in hot places above 24 degrees and avoid vibrations.",Australia,750,ml
Johnnie Walker Whisky Blue Label 40% (750ml),5742000,VND,"JOHNNIE WALKER® BLUE LABEL ™ is a masterpiece of matchless quality. The wine is made from rare whiskeys of outstanding quality. Only 1 out of 10,000 oak casks is qualified to create the quintessential flavor of JOHNNIE WALKER® BLUE LABEL ™ - A rare masterpiece for classy night parties. JOHNNIE WALKER® BLUE LABELTM is a stylish smoke flavor with a wave of strong flavors that will shatter into long-lasting lingering repercussions and smash old rules of enjoying art whiskey. Crafted from fine, rare whiskeys, JOHNNIE WALKER® BLUE LABEL ™ gives people a different taste experience. It starts with hazelnut, honey, and spreading orange, followed by a complex complex of notes with a hint of ginger, switches, sandalwood and dark chocolate. The distinctly sweet honey aroma is intertwined with the smell of pepper and dried fruit before making way for the long-lasting charm of the perfectly balanced smooth smoky aroma.",Whiskey,Drink directly or after chilling,"Store at room temperature, in a cool, dry place.",,750,ml
Moet Chandon Champagne Rose (750ml),2620000,VND,"Elegant and refined French Champagne with red berry aromas, floral nuances, and a delicate mousse. Abv: 12%",fermented grape juice,"Drink directly, not for pregnant women and children","Wine should be stored away from sunlight and fluorescent lights. The capscrew bottles can be placed vertically, while the cork bottles should be placed horizontally. Ideal storage temperature from 14-16 degrees, avoid storing wine in hot places above 24 degrees and avoid vibrations.",,750,ml
Veuve Clicquot Champagne Brut 75cl,2550000,VND,"Yellow Label is the signature of Veuve Clicquot’s quality and style, recreated every year thanks to our priceless collection of reserve wines. Its brilliant yellow label reflects the champagne’s bright personality and impeccable winemaking credentials.
Veuve Clicquot Yellow Label manages to reconcile two opposing factors - strength and silkiness - and to hold them in perfect balance with aromatic intensity and a lot of freshness. This consistent power to please makes it ideal as an aperitif, and perfect as the Champagne to enjoy with a meal.

ABV: 12%",Made from fermented grapes.,Serve chilled (8°C - 10°C).,"Store in a cool, dry place, avoid direct sunlight and sudden temperature change.",Lot,,
Mouton Cadet Magnum (1.5L),0,VND,"TASTING NOTES 
Nose: The subtle nose opens on ripe red fruit aromas, especially cherry and wild strawberry while black fruit notes such as blackberry and bilberry emerge with airing.
Palate: The fresh, chiselled attack reveals a mix of well-defined red and black fruit flavours, leading into a fullbodied, fruit-forward mid-palate complemented by a fresh and refined finish.
DESCRIPTION 
Merlot : 88% 
Cabernet Sauvignon : 8%
Cabernet Franc : 4% 
 
INFORMATION DETAILS 
Alcohol%: 13.5%",fermented grape juice,"Drink directly, not for pregnant women and children","Wine should be stored away from sunlight and fluorescent lights. The capscrew bottles can be placed vertically, while the cork bottles should be placed horizontally. Ideal storage temperature from 14-16 degrees, avoid storing wine in hot places above 24 degrees and avoid vibrations.",,1.5,L
Moët & Chandon Champagne Brut 75cl,2070000,VND,"Harmonious assemblage of Pinot noir, Meunier and Chardonnay, Moët Imperial is vibrant, generous and alluring. This wine embodies the Moët & Chandon style remarkable for its bright fruitiness, seductive palate and elegant maturity. 

ABV: 12.5%",Made from fermented grapes.,Serve chilled (8°C - 10°C).,"Store in a cool, dry place, avoid direct sunlight and sudden temperature change.",,,
Tommasi Prosecco Filodora (750ml),0,VND,"The wine is made of grapes collected from the hillside vineyards of the Filodora estate in the famous area of Valdobbiadene, so recognizeable for the best prosseco production and rich on soils of morainic origin with the rocks loam laying deep down and defining the classic style of the Italian sparkling",fermented grape juice,"Drink directly, not for pregnant women and children","Wine should be stored away from sunlight and fluorescent lights. The capscrew bottles can be placed vertically, while the cork bottles should be placed horizontally. Ideal storage temperature from 14-16 degrees, avoid storing wine in hot places above 24 degrees and avoid vibrations.",Tommasi,750,ml
Gustave Lorentz Pinot Gris Reserve,851000,VND,"TASTING NOTES
The Pinot Gris Reserve is gold-yellow in color, with a charming and complex nose of dried white fruits and nuts, as well as a smokiness that is haunting. The same expressive characteristics are found in the nose, which is generous and full-bodied. The mouth-filling texture is very pleasant and fruit-forward, with an enjoyable finish, thanks to the wine’s balanced acidity.

DESCRIPTION
The grapes come from various hillside vineyards around the village of Bergheim, with a predominance of heavy clay/limestone soil. They are hand-picked, usually around the beginning of October, with the whole grapes pressed. The pressed juice is separated from the free run juice and undergoes 12 to 24 hours of “debourbage” or settling, to eliminate impurities, which are then filtered out. Fermentation takes place, using a combination of natural and selected yeasts, in stainless steel vats. The wine goes through two rackings, the first to separate the lees from the wine and the second to clarify the wine. It sits in tanks for five months, and has the potential to age for an additional five years.

INFORMATION DETAILS
Grape Variety: 100% Pinot Gris
Residual Sugar: 8.81 g/l
Alcohol: 13.35%",fermented grape juice,"Drink directly, not for pregnant women and children","Wine should be stored away from sunlight and fluorescent lights. The capscrew bottles can be placed vertically, while the cork bottles should be placed horizontally. Ideal storage temperature from 14-16 degrees, avoid storing wine in hot places above 24 degrees and avoid vibrations.",Bergheim,,
Earth Works Shiraz (750ml),664000,VND,"TASTING NOTES
This wine’s bracing, soil-inflected tannins meet sweet black-cherry-liqueur flavors and fresher notes of blueberries
Vibrant ruby red with crimson hues. A compote of dark berry and satsuma plum aromas supported with mocha, vanilla, and black pepper accents, along with hints of boysenberry and strawberry, all converge to allow your senses to take you on a journey. A voluptuous palate with a flourish of fresh fruit. The aromas are mirrored on the palate that also has dark chocolate undertones and silky tannins in the background. 

DESCRIPTION
Family owned and operated, earthworks crafts its wines from grapes grown by trusted family owned vineyards.
earthworks draws on more than 170 years of local wine knowledge, traditional winemaking methods and minimal intervention to preserve wine quality and integrity. 

INFORMATION DETAILS
Region: Barossa 
Winemaker: Marc van Halderen 
Total Acid: 5.9 g/L
pH: 3.68 
Suitable for vegans and vegetarians. 
Enjoy with sticky BBQ beef ribs or a spicy cinnamon and rhubarb bake.",fermented grape juice,"Drink directly, not for pregnant women and children","Wine should be stored away from sunlight and fluorescent lights. The capscrew bottles can be placed vertically, while the cork bottles should be placed horizontally. Ideal storage temperature from 14-16 degrees, avoid storing wine in hot places above 24 degrees and avoid vibrations.",Van,750,ml
Oxford Landing Sauvignon Blanc (187ml),0,VND,"TASTING NOTES 
Pale straw in colour with a tinge of green. Fresh and zesty aromas of guava, passion fruit pith, lemon grass and freshly mown lucerne hay. Light-bodied showing layers of fresh lemongrass and papaya flavours. Fine, crunchy acidity helps to focus the taste buds on the finish, which is persistent, clean and utterly delicious when paired with Asian shredded chicken salad.
DESCRIPTION
Recommended food pairing: Asian shredded chicken salad.

INFORMATION DETAILS
Region: South Australia 
Alcohol/Volume 13.0% 
Total acid 5.7 g/L 
pH 3.45",fermented grape juice,"Drink directly, not for pregnant women and children","Wine should be stored away from sunlight and fluorescent lights. The capscrew bottles can be placed vertically, while the cork bottles should be placed horizontally. Ideal storage temperature from 14-16 degrees, avoid storing wine in hot places above 24 degrees and avoid vibrations.",Australia,187,ml
Moet Chandon Champagne Brut (375ml),1290000,VND,"A half-bottle of iconic Brut Champagne with flavors of apple, pear, brioche, and fine bubbles. Abv: 12%",fermented grape juice,"Drink directly, not for pregnant women and children","Wine should be stored away from sunlight and fluorescent lights. The capscrew bottles can be placed vertically, while the cork bottles should be placed horizontally. Ideal storage temperature from 14-16 degrees, avoid storing wine in hot places above 24 degrees and avoid vibrations.",,375,ml
Dom Perignon Blanc 12.5% (750ml),11150000,VND,"Dom Pérignon is vintage champagne only.
Each vintage is a creation, singular and unique, that expresses both the character of the year, and the character of Dom Pérignon.
After at least eight years of elaboration in the cellars, the wine embodies the perfect balance of Dom Pérignon, the Plénitude of harmony",Made from fermented grapes.,Serve chilled (8°C - 10°C).,"Store in a cool, dry place, avoid direct sunlight and sudden temperature change.",,750,ml
BIB Cinsault Cabernet (3L),0,VND,"TASTING NOTES
A wonderful explosion of maraschino cherries in both nose and palate and really smooth. 

DESCRIPTION
A wonderful explosion of maraschino cherries in both nose and palate and really smooth.",fermented grape juice,"Drink directly, not for pregnant women and children","Wine should be stored away from sunlight and fluorescent lights. The capscrew bottles can be placed vertically, while the cork bottles should be placed horizontally. Ideal storage temperature from 14-16 degrees, avoid storing wine in hot places above 24 degrees and avoid vibrations.",,3,L
Chateau La Gamaye (750ml),0,VND,"TASTING NOTES
1/ Appearance : Ruby with an intense color 
2/ Bouquet : This wine offers aromas of mature fruits and vanilla. 
3/ Palate : Silky and fine tannins very balanced.

DESCRIPTION
Maturing : 10 months in stainless steel 10 months in oak barrels

INFORMATION DETAILS
Grape Varieties : - Merlot 90 % -  10% Malbec",fermented grape juice,"Drink directly, not for pregnant women and children","Wine should be stored away from sunlight and fluorescent lights. The capscrew bottles can be placed vertically, while the cork bottles should be placed horizontally. Ideal storage temperature from 14-16 degrees, avoid storing wine in hot places above 24 degrees and avoid vibrations.",,750,ml
Cotes De Gascogne Red Colombelle Stelvin (750ml),385000,VND,"The expressive soils of Gascogne develop their own character in this wine, showing the predominantly warm and dry climate that refines the wine perfectly in the professional hands of Plaimont co-op that work on those vineyards for more than 50 years. This dark, garnet-coloured blend of Tannat, Merlot and Cabernet Sauvignon create its own independent, recogniseable and delightful character of this wine.",fermented grape juice,"Drink directly, not for pregnant women and children","Wine should be stored away from sunlight and fluorescent lights. The capscrew bottles can be placed vertically, while the cork bottles should be placed horizontally. Ideal storage temperature from 14-16 degrees, avoid storing wine in hot places above 24 degrees and avoid vibrations.",Plaimont,750,ml
Pascal Jolivet Attitude Rose 12% (750ml),835000,VND,"TASTING NOTES
The 2017 Rosé shows a brilliant, pure pink in color. The three varietal blend comes together to form a wine of medium body, fleshy fruit, herbs and plum.

INFORMATION DETAILS
ABV: 12.5%
Grape varieties: 34% Pinot Noir, 33% Cabernet Franc, 33% Gamay",fermented grape juice,"Drink directly, not for pregnant women and children","Wine should be stored away from sunlight and fluorescent lights. The capscrew bottles can be placed vertically, while the cork bottles should be placed horizontally. Ideal storage temperature from 14-16 degrees, avoid storing wine in hot places above 24 degrees and avoid vibrations.",,750,ml
Sanama Sauvignon Blanc (750ml),289000,VND,"The maceration takes place in Stainless steel tanks, when fermentation takes two to three weeks, with no malolactic fermentation. The wine is aged for two months in stainless steel tanks.",fermented grape juice,"Drink directly, not for pregnant women and children","Wine should be stored away from sunlight and fluorescent lights. The capscrew bottles can be placed vertically, while the cork bottles should be placed horizontally. Ideal storage temperature from 14-16 degrees, avoid storing wine in hot places above 24 degrees and avoid vibrations.",,750,ml
Sanama Merlot (750ml),289000,VND,Maceration happens in Stainless steel tanks and is followed by fermentation process for 8 days with the malolactic fermentation. The wine is aged in French and American oak barrels for four months,fermented grape juice,"Drink directly, not for pregnant women and children","Wine should be stored away from sunlight and fluorescent lights. The capscrew bottles can be placed vertically, while the cork bottles should be placed horizontally. Ideal storage temperature from 14-16 degrees, avoid storing wine in hot places above 24 degrees and avoid vibrations.",,750,ml
Chateau Des Capitans Julienas,0,VND,"TASTING NOTES
This wine displays a shimmering garnet color. Its nose is redolent in aromas of cherry, stone and black fruits, predominantly blueberry, with hints of kirsch and peppery notes, all of which carry through to the taste. Full-bodied, rich and heady, the wine has a solid tannic backbone signifying good aging potential.

DESCRIPTION
Southeast hillside exposure to the sun allows the grapes to attain perfect ripening before they are harvested. Harvesting of this wine is done manually, in whole bunches and the grapes are de-stemmed. Maceration lasts between 10 to 12 days and fermentation is conducted at temperatures around 86° Fahrenheit. A small portion of the wine is aged for 8 months in new French oak, with the rest in stainless steel. Château des Capitans is owned by the Duboeuf family.

INFORMATION DETAILS
GRAPE VARIETY: 100% Gamay
RESIDUAL SUGAR: 2.4 g/l
pH: 3.40
ACIDITY: 6.10 g/l
ALCOHOL: 14%",fermented grape juice,"Drink directly, not for pregnant women and children","Wine should be stored away from sunlight and fluorescent lights. The capscrew bottles can be placed vertically, while the cork bottles should be placed horizontally. Ideal storage temperature from 14-16 degrees, avoid storing wine in hot places above 24 degrees and avoid vibrations.",,,
Sauvion Vouvray Chenin Blanc (750ml),637000,VND,"TASTING NOTES
Colour : Golden color, deep, with silver hints 
Nose : Floral, ripe fruit, lemon, grape fruit 
Palate : Fresh and clean, the mid palate is round and soft, with a citrucy finish. Very nice length

DESCRIPTION
Origin : Val de Loire, Vouvray 
Vinification : Direct pressing, fermentation at low temperature, fermentation is halted when the balance of alcohol degree + sugar = 11.5 + 24,7 
Soil : Clay-and-limestone and clay-and-silica.

INFORMATION DETAILS
Grape: 100% Chenin.
ABV: 11.5%",fermented grape juice,"Drink directly, not for pregnant women and children","Wine should be stored away from sunlight and fluorescent lights. The capscrew bottles can be placed vertically, while the cork bottles should be placed horizontally. Ideal storage temperature from 14-16 degrees, avoid storing wine in hot places above 24 degrees and avoid vibrations.",Loire,750,ml
Chateau Los Boldos Grand Reserve Cabernet Sauvignon (750ml),767000,VND,"Chateau Los Boldos is undoubtedly acknowledged as one of the premium estates in Chile. Ever since it was created in 1991, it is responsible for high quality and great value wines, that is why the Cabernet Sauvignon takes the best of the both world: the old French traditions of working with this grape variety mixed with the rich and fertile Chilean soils, under professional guidance of the estate specialists..",fermented grape juice,"Drink directly, not for pregnant women and children","Wine should be stored away from sunlight and fluorescent lights. The capscrew bottles can be placed vertically, while the cork bottles should be placed horizontally. Ideal storage temperature from 14-16 degrees, avoid storing wine in hot places above 24 degrees and avoid vibrations.",Chile,750,ml
Marius Red (750ml),399000,VND,"Each of the grape varieties ion the blend are harvested only when they reach full ripeness, starting with the grenache and concluding with the syrah. The specialists frequently visit the vineyards so as to monitor these maturities. Then the grapes are macerated for 10 days at a controlled and fresh temperature in order to preserve proper and stable structure of the wine.. The pumping of the wine from the vat over, after which the wine is left to mature without any sulphur on fine lees.",fermented grape juice,"Drink directly, not for pregnant women and children","Wine should be stored away from sunlight and fluorescent lights. The capscrew bottles can be placed vertically, while the cork bottles should be placed horizontally. Ideal storage temperature from 14-16 degrees, avoid storing wine in hot places above 24 degrees and avoid vibrations.",,750,ml
Chateau Los Boldos Grand Reserve Carmenere (750ml),767000,VND,"TASTING NOTES 
Color: Deep red with violet hues. 
Nose: Intense blackberries, ripe plums, black chocolate and spicy notes.
Palate: Great volume and structure, with round tannins, good acidity and a long and persistent ending.

DESCRIPTION
Vintage: Manual
Prefermentative maceration: Five days in stainless steel tanks at low temperatures
Total fermentation time: 25 days
Fermentation temperature: 25-28 ºC I 77-82 ºF
Ageing Process: Stored in French oak barrels for ten months
Yield: 7 Ton/há

INFORMATION DETAILS
Grape Composition: 100% Carménère 
Appelation: Cachapoal Andes
Alcohol: 14 % vol
Total Acidity: 3,31 g/L(H2SO4)
Residual Sugar: 2,44 g/L
Ph: 3,59",fermented grape juice,"Drink directly, not for pregnant women and children","Wine should be stored away from sunlight and fluorescent lights. The capscrew bottles can be placed vertically, while the cork bottles should be placed horizontally. Ideal storage temperature from 14-16 degrees, avoid storing wine in hot places above 24 degrees and avoid vibrations.",,750,ml
Domaine d'Ardonneau Cab. Sauvignon/Merlot Cotes de Blaye (75,0,VND,"TASTING NOTES 
All about the making of our wines ! Appellations, grape varieties, winemaking, growing … and also concrete ways to drink it with the right dish !

DESCRIPTION:
Growing: 18 months in new oak barrels for the 30 % of the volume, and 70 % in oak barrels of 1 and 2 wines. 
Bordeaux’s ideal climate added to 18 months oak ageing gives a full-bodied, round and lightly fruity wine with a few spicy notes. The light choco-coffee taste brings complexity to this Cuvée Prestige 2016 and the little red fruits taste makes it really tasty. 
We recommend pairing this wine with strongly flavoured cuisine, red meat dishes, game meat dishes or the cheese courses. You can drink it on chocolate cakes and red fruit desserts as well for a complete experience !

INFORMATION DETAILS
- Appellation : Blaye-Côtes de Bordeaux 
- Wine grapes : merlot 75 % cabernet sauvignon 25 % 
- Winemaking : traditional, in stainless steel vats",fermented grape juice,"Drink directly, not for pregnant women and children","Wine should be stored away from sunlight and fluorescent lights. The capscrew bottles can be placed vertically, while the cork bottles should be placed horizontally. Ideal storage temperature from 14-16 degrees, avoid storing wine in hot places above 24 degrees and avoid vibrations.",Choco,,
Santa Cristina Pinot Grigio (750ml),615000,VND,"TASTING NOTES
The wine, straw yellow in color, shows delicate and fruity aromas which recall, in particular, yellow apples and citrus peels. It is a balanced wine character by its softness and ease of drinking

DESCRIPTION
The wine was conserved in stainless steel tanks, filtered, and then bottled.

INFORMATION DETAILS
Grape: Pinot Grigio",fermented grape juice,"Drink directly, not for pregnant women and children","Wine should be stored away from sunlight and fluorescent lights. The capscrew bottles can be placed vertically, while the cork bottles should be placed horizontally. Ideal storage temperature from 14-16 degrees, avoid storing wine in hot places above 24 degrees and avoid vibrations.",,750,ml
Beachhouse Red (750ml),0,VND,"This medium bodied and summer style wine is an inspirational product, made of representative and expressive South African vineyards, that secure the good quality and excellent value of the wine.",fermented grape juice,"Drink directly, not for pregnant women and children","Wine should be stored away from sunlight and fluorescent lights. The capscrew bottles can be placed vertically, while the cork bottles should be placed horizontally. Ideal storage temperature from 14-16 degrees, avoid storing wine in hot places above 24 degrees and avoid vibrations.",South,750,ml
Tommasi Arelo Rosso,931000,VND,"TASTING NOTES
The color is intense, deep ruby red. Flavours of crushed black raspberry, black cherry, plum compote, dried herbs and mulling spice. The taste is full body , juicy, spicy red with a riding creamy palate and a long, refined finish.

DESCRIPTION
Origin: Tommasi hillside vineyards in the Valpolicella Classico area. 
Vinification: The wine is aged for 12 months in Slavonian oak casks.
Serving Suggestions: A versatile wine that can be drunk throughout a meal. It goes well with dishes that are not too elaborate and is ideal with both white and red meats or moderately aged cheeses.
Serving Temp.: 16-18°C

INFORMATION DETAILS
Alcohol: 13%
Grape: Corvina, Rondinella, Oseleta, Merlot.",fermented grape juice,"Drink directly, not for pregnant women and children","Wine should be stored away from sunlight and fluorescent lights. The capscrew bottles can be placed vertically, while the cork bottles should be placed horizontally. Ideal storage temperature from 14-16 degrees, avoid storing wine in hot places above 24 degrees and avoid vibrations.",Tommasi,,
Beachhouse White (750ml),433000,VND,"This light and refreshing white wine is an inspirational product, made of representative and expressive South African vineyards, that secure the good quality and excellent value of the wine.",fermented grape juice,"Drink directly, not for pregnant women and children","Wine should be stored away from sunlight and fluorescent lights. The capscrew bottles can be placed vertically, while the cork bottles should be placed horizontally. Ideal storage temperature from 14-16 degrees, avoid storing wine in hot places above 24 degrees and avoid vibrations.",South,750,ml
Beachhouse Rose (750ml),433000,VND,"This aromatic and refreshing rose is an expressive and bright wine, made of representative and classic South African vineyards, that secure the good quality and excellent value of the wine.",fermented grape juice,"Drink directly, not for pregnant women and children","Wine should be stored away from sunlight and fluorescent lights. The capscrew bottles can be placed vertically, while the cork bottles should be placed horizontally. Ideal storage temperature from 14-16 degrees, avoid storing wine in hot places above 24 degrees and avoid vibrations.",South,750,ml
Prunotto Moscato (750ml),0,VND,"TASTING NOTES
Intense straw yellow in color. The wine shows a musky nose with additional notes of hawthorn and acacia honey. On the palate it is full, dense, vigorous, and elegant with a fresh, balanced, and pleasurable finish.

DESCRIPTION
Grape Varieties: 100% Moscato bianco di Canelli

INFORMATION DETAILS
ABV: 5%",fermented grape juice,"Drink directly, not for pregnant women and children","Wine should be stored away from sunlight and fluorescent lights. The capscrew bottles can be placed vertically, while the cork bottles should be placed horizontally. Ideal storage temperature from 14-16 degrees, avoid storing wine in hot places above 24 degrees and avoid vibrations.",,750,ml
Mateus Rose (750ml),394000,VND,"This brand appeared in early 1945, and was specifically designed to appeal to the rapidly developing North American and northern European markets. According to some sources
it is a preferred wine of Queen Elizabeth II (as of 1999) and has been mentioned in many songs and media sources: for example in Elton John song “Social Disease”. The Sogrape family owns the Mateus estate and brings the best of their expertise to this wine.",fermented grape juice,"Drink directly, not for pregnant women and children","Wine should be stored away from sunlight and fluorescent lights. The capscrew bottles can be placed vertically, while the cork bottles should be placed horizontally. Ideal storage temperature from 14-16 degrees, avoid storing wine in hot places above 24 degrees and avoid vibrations.",Northern,750,ml
Gerard Bertrand Heritage Minervois (750ml),669000,VND,"TASTING NOTES

The complex aromas of black fruit (black olives and blackberry) stem from the carefully controlled extraction process during vinification. Its full, fat body on the palate gives it a remarkable elegance. The rich, fleshy bouquet of aromas lingers on to reveal touches of roasted coffee, blackcurrant and prunes.

DESCRIPTION

All the grapes are hand-picked. After total destemming, the two varieties are vinified separately so as to express the full potential of each one. After the malolactic fermentation in the vats, the two varieties are blended and part of the wine is left to age in 225-litre Bordeaux barrels for roughly 8 months. After light fining and bottling, the wine is kept for several months before marketing.

INFORMATION DETAILS

Grape Variety: Minervois – Syrah - Carignan",fermented grape juice,"Drink directly, not for pregnant women and children","Wine should be stored away from sunlight and fluorescent lights. The capscrew bottles can be placed vertically, while the cork bottles should be placed horizontally. Ideal storage temperature from 14-16 degrees, avoid storing wine in hot places above 24 degrees and avoid vibrations.",,750,ml
Gerard Bertrand Cigalus White 14.5% (750ml),0,VND,"TASTING NOTES

Robe: A brilliant, clear golden yellow colour.
Nose: Intense, complex bouquet of ripe citrus fruit (grapefruit), peach, honey and dried fruit, along with a toasted note.
Taste: Full and silky on the palate, mature and ample with notes of vanilla, toast, butter and tropical fruit. Great length

DESCRIPTION

The vineyard is managed according to the biodynamic system where the energy of the soil lies at the heart of the process. All the work in the vineyard – ploughing and pruning – and in the cellars is driven by a calendar based on two celestial objects: the moon and the sun. The vines are thus in equilibrium with the soil and are therefore able to give full expression of our terroir in the resultant wines. Great care and attention are lavished on the vineyard in order to achieve a healthy harvest with moderate yields (25 hl/ha) and hence get the very best out of the grapes. The harvesting date is triggered grape variety by grape variety, and only when the grapes have reached optimum ripeness and after they have been rigorously tasted. The hand-picked grapes are pneumatically pressed as soon as they get to the winery. After light static settling, some of the juice undergoes alcoholic fermentation in new barrels (70%), while the rest is vinified in stainless steel vats (30%). Malolactic fermentation is then performed. Temperature control is used to conserve all the freshness and integrity of the aromas. Maturing in barrels lasts 7 to 8 months – until the spring equinox – with regular stirring. After a light fining operation the wine is bottled.

INFORMATION DETAILS

Grape Variety: Chardonnay 70%, Viognier 20%, Sauvignon Blanc 10%
ABV: 14.5%",fermented grape juice,"Drink directly, not for pregnant women and children","Wine should be stored away from sunlight and fluorescent lights. The capscrew bottles can be placed vertically, while the cork bottles should be placed horizontally. Ideal storage temperature from 14-16 degrees, avoid storing wine in hot places above 24 degrees and avoid vibrations.",,750,ml
Gerard Bertrand Reserve Speciale Chardonnay (750ml),0,VND,"TASTING NOTES

This grape variety stands out by its noble aromas and the delicate wines it produces. Fresh and flavoursome, this 100% Chardonnay comes from coastal vineyards and offers fresh notes of citrus, ripe apple and white flowers.

DESCRIPTION

The grapes are harvested at night-time in order to preserve all their freshness. As soon as they reach the winery they are delicately crushed in a pneumatic press. After a static settling operation, low-temperature alcoholic fermentation begins in stainless steel vats. Part of the must is transferred to barrels to finish the fermentation. In order to conserve the wine’s lively character, malolactic fermentation is not performed. After a light fining operation the wine is bottled.

INFORMATION DETAILS

Grape Variety: 100% Chardonnay",fermented grape juice,"Drink directly, not for pregnant women and children","Wine should be stored away from sunlight and fluorescent lights. The capscrew bottles can be placed vertically, while the cork bottles should be placed horizontally. Ideal storage temperature from 14-16 degrees, avoid storing wine in hot places above 24 degrees and avoid vibrations.",,750,ml
The Winery of Good Hope Unoaked Chardonnay (750ml),0,VND,"TASTING NOTES
This unoaked Chardonnay is an easy-drinking, yet classy wine with lovely freshness, citrus flavours and elegance. The depth of flavour and texture come from these increasingly ageing vines in the Stellenbosch and Robertson areas.

DESCRIPTION
Grapes were picked individually at varying degrees of ripeness to build good acidity, fruit, depth and minerality. Cool fermentation took place in stainless steel tanks with a combination of natural yeasts. The juice was kept on the lees for 6 months to add depth and complexity before final blending.

INFORMATION DETAILS
ABV: 13%
Grape: 100% Chardonnay",fermented grape juice,"Drink directly, not for pregnant women and children","Wine should be stored away from sunlight and fluorescent lights. The capscrew bottles can be placed vertically, while the cork bottles should be placed horizontally. Ideal storage temperature from 14-16 degrees, avoid storing wine in hot places above 24 degrees and avoid vibrations.",,750,ml
Rib Shack Red Douglas Green (750ml),515000,VND,"This full-bodied wine indicates amazing sumptuous oak spice notes that take place due to wood maturation. It is an excellent match for a BBQ or red meat, pork and ribs.",fermented grape juice,"Drink directly, not for pregnant women and children","Wine should be stored away from sunlight and fluorescent lights. The capscrew bottles can be placed vertically, while the cork bottles should be placed horizontally. Ideal storage temperature from 14-16 degrees, avoid storing wine in hot places above 24 degrees and avoid vibrations.",,750,ml
Le Fait Cotes de Saint Mont Red (750ml),0,VND,"TASTING NOTES
The panel chose a red Saint Mont with a nose of ripe black fruits and blackcurrant flowing into liquorice and spice notes. Wonderful attack with freshness and power intimating at substantial ageing capacity.

DESCRIPTION
For more than 30 years, driven by their passion and faith, our winegrowers have replanted our ancestral grape varieties. Along with the climate and terroir of Saint-Mont, this confers a great authenticity to our wines. Tannat, Pinenc, Arrufiac and Petit Courbu will speak to you with the accent and style of our winegrowers. Traditionally, long ageing red wines were passed on the future generations. In order to avoid temperature variations, seniors used to bury bottles in soil. These powerful and structuRED WINEs were identified with a wooden or zinc label. Thus, the “Plaimont Producteurs” have chosen to renew this tradition with “Le Faîte de Saint-Mont”.

INFORMATION DETAILS
75% Tannat for aromatic power and good ageing potential 
15% Pinenc for finesse, elegance and an exceptional aromatic freshness 
10% Cabernet Sauvignon for raciness and freshness 
ABV: 13.5%",fermented grape juice,"Drink directly, not for pregnant women and children","Wine should be stored away from sunlight and fluorescent lights. The capscrew bottles can be placed vertically, while the cork bottles should be placed horizontally. Ideal storage temperature from 14-16 degrees, avoid storing wine in hot places above 24 degrees and avoid vibrations.",Bury,750,ml
Gustave Lorentz Pinot Noir Reserve (750ml),0,VND,"TASTING NOTES
The Pinot Noir Reserve has a light red color, with a nose of lingering red fruit aromas (cherry, blackcurrant, red currant, etc.). The fruit carries through to the palate, making this wine a very approachable un-oaked, fresh Pinot Noir that is refined, enjoyable and extremely food-friendly.

DESCRIPTION
The grapes come from various hillside vineyards around the village of Bergheim, with a predominance of heavy clay/limestone soil. They are hand-picked, usually around mid- October, with the whole grapes pressed. After 10 days of maceration to extract the color from the skin, the juice finishes fermentation in a tank without skin contact. Malolactic fermentation follows.

INFORMATION DETAILS
Grape Variety: 100% Pinot Noir
Sugar: 5 g/l
Alcohol: 12.6%",fermented grape juice,"Drink directly, not for pregnant women and children","Wine should be stored away from sunlight and fluorescent lights. The capscrew bottles can be placed vertically, while the cork bottles should be placed horizontally. Ideal storage temperature from 14-16 degrees, avoid storing wine in hot places above 24 degrees and avoid vibrations.",Bergheim,750,ml
Joseph Drouhin Chassagne Montrachet Morgeot Premier Cru (750,0,VND,"TASTING NOTES 
This is a wonderful occasion to savour a great wine.Admirable light golden colour. Intense and elegant aromas come to the fore : hawthorn, apricot notes, evolving towards hints of blond tobacco. As the wine ages, there are nuances of dried fruit and rare spices. A silky texture and a subtle touch of tannin give a true personality to the wine. Remarkable aftertaste. A great white Burgundy! 
AGEING
Type: in barrels (20% in new oak).
Length: 12 months.
Origin of the wood: French oak forests.
DESCRIPTION 
Intense and elegant aromas come to the fore : hawthorn, apricot notes, evolving towards hints of blond tobacco.",fermented grape juice,"Drink directly, not for pregnant women and children","Wine should be stored away from sunlight and fluorescent lights. The capscrew bottles can be placed vertically, while the cork bottles should be placed horizontally. Ideal storage temperature from 14-16 degrees, avoid storing wine in hot places above 24 degrees and avoid vibrations.",,,
Woolshed Cabernet Sauvignon (750ml),315000,VND,"The Cabernet Sauvignon grapes were collected at the estate vineyards, where they were constantly controlled in order to follow the high standards of the winemakers so the wine will be delivered at the right condition and high quality.",fermented grape juice,"Drink directly, not for pregnant women and children","Wine should be stored away from sunlight and fluorescent lights. The capscrew bottles can be placed vertically, while the cork bottles should be placed horizontally. Ideal storage temperature from 14-16 degrees, avoid storing wine in hot places above 24 degrees and avoid vibrations.",,750,ml
Woolshed Merlot (750ml),0,VND,"The Merlot grapes are coming from the Woolshed estate vineyards, where they are properly controlled throughout the year in vegetative cicle and taken care of in order to guarantee the correct environment for a good quality wine production.",fermented grape juice,"Drink directly, not for pregnant women and children","Wine should be stored away from sunlight and fluorescent lights. The capscrew bottles can be placed vertically, while the cork bottles should be placed horizontally. Ideal storage temperature from 14-16 degrees, avoid storing wine in hot places above 24 degrees and avoid vibrations.",,750,ml
Gerard Bertrand Gris Blanc (750ml),569000,VND,"The wine expresses the soil and the climate features so special for this part of the Mediterranean: the vineyards are mainly located in the Tautavel region, in the heart of the South of France, ideally situated in Roussillon between the Pyrenees and the Mediterranean sea. The harvest is carried out by hand and then grapes are pressed directly. All of the wine-making processes are performed under carbon dioxide protection in order to keep the delicate and subtle aromas, with the fermentation staged at low temperature (15 to 18°C). The wine is aged on its fine lees for several weeks before being bottled.",fermented grape juice,"Drink directly, not for pregnant women and children","Wine should be stored away from sunlight and fluorescent lights. The capscrew bottles can be placed vertically, while the cork bottles should be placed horizontally. Ideal storage temperature from 14-16 degrees, avoid storing wine in hot places above 24 degrees and avoid vibrations.",France,750,ml
Kendall Jackson Vintner's Reserve Sauvignon Blanc (750ml),0,VND,"TASTING NOTES
Luscious honeysuckle, ripe pear and fresh lemongrass intertwine in this medium-bodied Sauvignon Blanc. Hints of fresh tropical grapefruit complement the subtle mineral quality while added layers of fig and honeysuckle round out this crisp, aromatic wine.

DESCRIPTION
For over three decades, Kendall-Jackson has remained relentlessly committed to producing only the finest quality wines from grapes grown in California’s cool, coastal vineyards. We carefully match climates and soil types for each grape varietal, and then guide each vineyard lot throughout the entire winemaking process. Our proprietary approach to winemaking has earned us our world-renowned reputation for red wines that consistently exhibit intense layers of flavor with complexity and balance.
Aging: 18% barrel fermented in mostly American oak
Growing Regions: 94% Lake County, 4% Mendocino County, 2% Sonoma County
INFORMATION DETAILS
T.A.: 0.68g/100mL 
pH: 3.18 ALCOHOL: 13.5%
Grape: : Sauvignon Blanc is the dominant in the blend, small portion of Sémillon",fermented grape juice,"Drink directly, not for pregnant women and children","Wine should be stored away from sunlight and fluorescent lights. The capscrew bottles can be placed vertically, while the cork bottles should be placed horizontally. Ideal storage temperature from 14-16 degrees, avoid storing wine in hot places above 24 degrees and avoid vibrations.",California,750,ml
Kendal Jackson Vintners Chardonnay (750ml),0,VND,"TASTING NOTES
Beautifully integrated tropical flavors such as pineapple, mango and papaya, with citrus notes that explode in your mouth. These flavors delicately intertwine with aromas of vanilla and honey to create depth and balance throughout. A hint of toasted oak and butter rounds out the long, lingering finish

DESCRIPTION
For over three decades, Kendall-Jackson has remained relentlessly committed to producing only the finest quality wines from grapes grown in California’s cool, coastal vineyards. We carefully match climates and soil types for each grape varietal, and then guide each vineyard lot throughout the entire winemaking process. Our proprietary approach to winemaking has earned us our world-renowned reputation for wines that consistently exhibit our signature rich layers of flavor, combined with delicate balance. 
Aging: Aged 7 months in French (4% new) and American oak (6% new) Barrel fermented and sur lie: 93%

INFORMATION DETAILS
T.A: 0.68g/100ml
PH: 3.42
ALC %: 13.5%
Grape: 100% Chardonnay",fermented grape juice,"Drink directly, not for pregnant women and children","Wine should be stored away from sunlight and fluorescent lights. The capscrew bottles can be placed vertically, while the cork bottles should be placed horizontally. Ideal storage temperature from 14-16 degrees, avoid storing wine in hot places above 24 degrees and avoid vibrations.",California,750,ml
Kendall Jackson Vintners Merlot (750ml),0,VND,"TASTING NOTES
Intricate layers of black cherry, plum, currant, and wild berry mingle with a hint of spice. The soft, delicate, elegant tannins of this Bordeaux varietal carry these aromas and flavors to a long, silky and lingering finish

DESCRIPTION
For over three decades, Kendall-Jackson has remained relentlessly committed to producing only the finest quality wines from grapes grown in California’s cool, coastal vineyards. We carefully match climates and soil types for each grape varietal, and then guide each vineyard lot throughout the entire winemaking process. Our proprietary approach to winemaking has earned us our world-renowned reputation for red wines that consistently exhibit intense layers of flavor with complexity and balance.
Aging: Aged 17 months in 71% French oak (17% new) and 29% American oak (2% new)

INFORMATION DETAILS
ALC %: 14.5%
Grape: 97% Merlot 1% Cabernet Sauvignon 1% Petit Verdot 0.5% Cabernet Franc 0.5% Malbec",fermented grape juice,"Drink directly, not for pregnant women and children","Wine should be stored away from sunlight and fluorescent lights. The capscrew bottles can be placed vertically, while the cork bottles should be placed horizontally. Ideal storage temperature from 14-16 degrees, avoid storing wine in hot places above 24 degrees and avoid vibrations.",California,750,ml
Freemark Abbey Rutherford Merlot,0,VND,"TASTING NOTES
Dark ruby in color, the wine expresses ripe black cherry, dark currant, and blackberry fruit components. With great depth of aroma and flavor, there are nuances of sweet oak spice, arugula, anise seed, sweet vanilla and dark chocolate. The oak spice is very well integrated—not dominant, but it provides a substantial backbone to the complexity of the wine balancing the abundance of fruit depth. The flavor is big, voluptuous, soft and velvety, with rich, great depth of black cherry fruit. The tannins are well-integrated, providing a very long fruitful finish.

DESCRIPTION
Aging: 59 gallon barrel aging for 16 months. 
Barrels: French oak with 32% new oak. 

INFORMATION DETAILS
ABV: 14.6%
pH: 3.5
Grape: 100% Merlot",fermented grape juice,"Drink directly, not for pregnant women and children","Wine should be stored away from sunlight and fluorescent lights. The capscrew bottles can be placed vertically, while the cork bottles should be placed horizontally. Ideal storage temperature from 14-16 degrees, avoid storing wine in hot places above 24 degrees and avoid vibrations.",,,
Freemark Abbey Napa Valley Cabernet Sauvignon,0,VND,"TASTING NOTES
Opaque, dark ruby color introduces this wine that expresses dark fruit aroma and flavors. With spicy sweet oak complexity, the wine exudes dark fruit such as blackberry, black currant, blueberry and dark cherry. There are nuances of dark chocolate, chocolate berry truffle dusted with cocoa powder, cola, aromatic cedar, cinnamon, clove, graham crackers and a hint of tobacco. The body is very full with a soft entry, coupled with dark cherry/berry flavors that develop from start to finish. With great texture and mouth feel, this Cabernet is full-bodied, rich and opulent.

DESCRIPTION
Barrels: 26.8 months in 60-gallon oak barrels, approximately 35% new French oak
Primary varietal: Cabernet Sauvignon. Other: Merlot, Malbec, Petit Verdot, Cabernet Franc

INFORMATION DETAILS
ABV: 14.2%
pH: 3.62",fermented grape juice,"Drink directly, not for pregnant women and children","Wine should be stored away from sunlight and fluorescent lights. The capscrew bottles can be placed vertically, while the cork bottles should be placed horizontally. Ideal storage temperature from 14-16 degrees, avoid storing wine in hot places above 24 degrees and avoid vibrations.",,,
Yalumba Christobels Moscato (750ml),0,VND,"TASTING NOTES
The wine is pale gold with green tints, exhibiting fresh and fragrant aromas, perfumed florals of daphne and white rose wines abound with an enticing hint of musk. The palate is delicate and light with flavours of mango sorbet and fresh lychees. The residual fruit sweetness is nicely balanced by fresh citrus acidity and a subtle spritz on the finish.

DESCRIPTION 
The fruit was picked in the coolest part of the evening and the juice handled reductively in order to preserve fruit freshness and aromatics. Cool fermentation with aromatic yeast strains retains the lovely varietal flavours of the Muscat grape. The ferment is stopped early to maintain the perfect balance between natural acid and grape sugar in the final blend.

INFORMATION DETAILS 
Grape Variety: Moscato
Total Acidity : 7.8
Residual Sugar (G/L) : 43
Label Alcohol : 8.5%
pH : 3.06
Food pairing: a platter of fresh seafood, mixed sashimi or chickpea and zucchini kofta with mint and soy yoghurt dip.",fermented grape juice,"Drink directly, not for pregnant women and children","Wine should be stored away from sunlight and fluorescent lights. The capscrew bottles can be placed vertically, while the cork bottles should be placed horizontally. Ideal storage temperature from 14-16 degrees, avoid storing wine in hot places above 24 degrees and avoid vibrations.",Muscat,750,ml
Gerard Bertrand Gris Blanc (1.5L),1164000,VND,"TASTING NOTES
An original rosé with a very pale pink colour plus grey and whitish tints. The bouquet reveals delightful red berry scents. 
A slight sparkle on the palate gives the wine all its freshness and brings out its fruit to the full. 
The elegant finish is pleasantly fresh and mineral. 
Grenache is the king of grape varieties when it comes to making light, racy, fruity rosés in contemporary style. 
Grenache reveals all its suppleness and cherry aromas. Its fig and sometimes cocoa flavours, plus its rounded sensations on the palate, make it one of the great varieties of the South of France.

DESCRIPTION
The grapes are picked by hand and pressed directly. 
All the handling operations are carried out in a carbon dioxide atmosphere to protect the delicate aromas of the Grenache grapes until the start of fermentation which is carried out at low temperatures (from 15 to 18°C). 
The wine is matured on the fine lees for several weeks before bottling.

INFORMATION DETAILS
Grape Variety: Grenache Gris 100%
ABV: 12.5%
Vintage: 2018",fermented grape juice,"Drink directly, not for pregnant women and children","Wine should be stored away from sunlight and fluorescent lights. The capscrew bottles can be placed vertically, while the cork bottles should be placed horizontally. Ideal storage temperature from 14-16 degrees, avoid storing wine in hot places above 24 degrees and avoid vibrations.",France,1.5,L
Chateau Bouteilley Cotes de Bordeaux (750ml),585000,VND,The classic Bordeaux wine technologies and authentic for the region terroir allows this wine to easily develop all the main characteristics so typical for the famous area. Grapes are collected at the premises of the Chateau and processed under the proper supervision of the winemakers in order to carry out stable and constant quality.,fermented grape juice,"Drink directly, not for pregnant women and children","Wine should be stored away from sunlight and fluorescent lights. The capscrew bottles can be placed vertically, while the cork bottles should be placed horizontally. Ideal storage temperature from 14-16 degrees, avoid storing wine in hot places above 24 degrees and avoid vibrations.",,750,ml
Wirra Wirra Catapult Shiraz 14% (750ml),0,VND,"TASTING NOTES
Colour: Youthful, medium-deep ruby with pale edges.
Bouquet: An enticing mix of bright raspberries and blueberries along with darker notes of blackberries, plums and licorice. Scented with violets and cedar.
Palate: Rich with red and dark fruits, the palate is plush with a rich core. This depth of fruit is supported by soft, grainy tannins, sweet oak tones and waves of spice.
DESCRIPTION 
Drink: Enjoy on release or cellar for up to eight years.
Food Match: Lamb & Pistachio Meatballs with Panzanella Salad.
Oak Maturation: Combination of French (70%) and American oak (30%) barriques & hogsheads of which 10% is new oak.

INFORMATION DETAILS 
Region: McLaren Vale 
Grape Variety: Shiraz
Technical Details: pH 3.48 T.A. 6g/L ALC 14.5%",fermented grape juice,"Drink directly, not for pregnant women and children","Wine should be stored away from sunlight and fluorescent lights. The capscrew bottles can be placed vertically, while the cork bottles should be placed horizontally. Ideal storage temperature from 14-16 degrees, avoid storing wine in hot places above 24 degrees and avoid vibrations.",,750,ml
Wirra Wirra Church Block 14.5% (750ml),0,VND,"TASTING NOTES
Colour: A deep and brilliant ruby red.
Bouquet: The nose offers red and black currants, plums, as well as leaf and briary notes. Gentle oak influence includes cedar, toast and cocoa.
Palate: There is a depth of plush fruit richness expressed as cassis, red berries, and plums, balanced by savoury, cedary and dark chocolate characters. Fine tannins provide a framework that brings a fresh, chewy satisfaction. 

DESCRIPTION 
Oak Maturation: Combination of French (70%) and American oak (30%) barriques and hogsheads of which 10% is new.

INFORMATION DETAILS 
Region: McLaren Vale 
Grape Variety: Cabernet Sauvignon - Shiraz - Merlot
Drink: From release and up to 15 years from vintage.
Food Match: Chargrilled wagu beef fillet with beetroot, leek, green beens and kipfler potatoes.
Technical Details: pH 3.55 T.A. 6.3g/L ALC 14.5%",fermented grape juice,"Drink directly, not for pregnant women and children","Wine should be stored away from sunlight and fluorescent lights. The capscrew bottles can be placed vertically, while the cork bottles should be placed horizontally. Ideal storage temperature from 14-16 degrees, avoid storing wine in hot places above 24 degrees and avoid vibrations.",,750,ml
Jim Barry The Barry Bros Shiraz Cabernet Sauvignon 13.9% (750ml),846000,VND,"TASTING NOTES
Decorates the glass with a bright magenta colour. Juicy and vibrant on the nose, this wine displays red and dark fruit flavours – raspberry, blackberry, and cherry, with lifts of violet florals and sweet spice. The palate is lively and bright with a burst of red fruits. A medium bodied composition with soft, fine grained tannins give length and depth, finishing with a touch of spice and savoury oak.


INFORMATION DETAILS
Variety: Shiraz - Cabernet Sauvignon
Region: Clare Valley, South Australia
Estate grown: 100%
Analysis: Alc/vol 14.2%; Total Acid 6.6g/L; pH 3.5
Oak: French & American
Ideal serving temperature: 16-18 ̊C",fermented grape juice,"Drink directly, not for pregnant women and children","Wine should be stored away from sunlight and fluorescent lights. The capscrew bottles can be placed vertically, while the cork bottles should be placed horizontally. Ideal storage temperature from 14-16 degrees, avoid storing wine in hot places above 24 degrees and avoid vibrations.",Australia,750,ml
Wirra Wirra Adelaide Shiraz (750ml),0,VND,"TASTING NOTES
Colour Deep plum with brilliant crimson hue. 
Bouquet Lifted fruits of plum, mulberry, and blackberry. The rich fruits are mixed with fresh oregano herb and violet lift. 
Palate The palate is bright and juicy with plum and red berry fruits. The ripe fruits are balanced by fine silky tannins providing a wine with lovely balance and weight.

DESCRIPTION 
Individual vineyard parcels were carefully selected, crushed and destemmed to red fermenters and pumped over daily dependent upon levels of colour, flavour and tannin extraction. Once the desired levels were achieved the ferment was gently pressed and fermentation finished in tank prior to a maturation period in seasoned French and American oak.

INFORMATION DETAILS 
ABV: 14.5%
Region: Adelaide
Food Match: This shiraz is made with cuisine in mind. Medium to full bodied, this wine will suit an array of dishes from around the globe. From mushroom risotto to marinated Mediterranean style lamb with cous cous.",fermented grape juice,"Drink directly, not for pregnant women and children","Wine should be stored away from sunlight and fluorescent lights. The capscrew bottles can be placed vertically, while the cork bottles should be placed horizontally. Ideal storage temperature from 14-16 degrees, avoid storing wine in hot places above 24 degrees and avoid vibrations.",Mediterranean,750,ml
Wirra Wirra Adelaide Chardonnay 12.5% (750ml),0,VND,"TASTING NOTES
Colour Pale straw with green hues. 
Bouquet Fresh peach, pear and citrus blossom. Youthful and varietal chardonnay. 
Palate Nectarines, white peaches and citrus fruits fill the palate. A creaminess and subtle oak influence adds to mid-palate texture and weight, building to a finish that is fresh, bright and appealing.

DESCRIPTION 
Once optimal ripeness was achieved, fruit was machine picked at night then crushed and destemmed to the air bag press. Pressings were separated from the freerun and all juices cold settled for 4 - 7 days after which the clear juice was racked off settling solids and fermentation initiated. Most of the vinification was completed in stainless steel tank where relatively cold and consistent fermentation took place over 15 days. A small portion was fermented in a mixture of new and seasoned French oak. Once the ferment was completely dry and settled, the wine was blended, stabilised and lightly fined prior to filtration and bottling.

INFORMATION DETAILS 
Vintage 2017 
ABV: 12.5%
Region Adelaide
Food Match This chardonnay is a wine that can be enjoyed with or without the accompaniment of food. We suggest a dish like roast chicken with lemon and pepper, chat potatoes and seasonal vegetables.
Winemaker Paul Smith, Tom Ravech & Kelly Wellington",fermented grape juice,"Drink directly, not for pregnant women and children","Wine should be stored away from sunlight and fluorescent lights. The capscrew bottles can be placed vertically, while the cork bottles should be placed horizontally. Ideal storage temperature from 14-16 degrees, avoid storing wine in hot places above 24 degrees and avoid vibrations.",Paul,750,ml
Bodegas Castano Chardonnay (750ml),349000,VND,"A smooth Spanish Chardonnay with notes of ripe tropical fruits, citrus, and subtle vanilla hints from oak aging. Abv: 13%",fermented grape juice,"Drink directly, not for pregnant women and children","Wine should be stored away from sunlight and fluorescent lights. The capscrew bottles can be placed vertically, while the cork bottles should be placed horizontally. Ideal storage temperature from 14-16 degrees, avoid storing wine in hot places above 24 degrees and avoid vibrations.",,750,ml
Bodegas Castano Monastrell Rose (750ml),0,VND,"The limestone soils have a direct impact on this wine’s style, when 30 year old monastrell vines creates distinctive and clean aromas of raspberry and strawberry predominating in this wine, and making it delightful and elegant for the taste. The grapes go through direct pressing after night harvest, which is performed in order to keep correct temperature control, and only a small percentage is being macerated with skins for 4-5 hours. Fermentation takes place for 13-14 days.",fermented grape juice,"Drink directly, not for pregnant women and children","Wine should be stored away from sunlight and fluorescent lights. The capscrew bottles can be placed vertically, while the cork bottles should be placed horizontally. Ideal storage temperature from 14-16 degrees, avoid storing wine in hot places above 24 degrees and avoid vibrations.",,750,ml
Bodegas Castano Hecula (750ml),0,VND,"TASTING NOTES
Deep shiny cherry-red colour. Elegant ripe red fruit aromas and spiced notes on the nose (black pepper). Its soft elegant notes of oak do not cover the intense ripe red fruit aromatic components. It is well-balanced, silky but structured, with elegant soft tannins and a good acidity. Long aftertaste.

DESCRIPTION
Ageing: 6 months in oak barrels (80% French, 20% American oak / 50% new)
Suitable for vegan: Yes
Serve at 16-17 oC
Pair with lamb, meat stews, grilled meats in general, spiced food (Mexican). Cured cheeses, assorted tapas.

INFORMATION DETAILS
Alcohol Degree: 14% VOL.
Grape: 100% Monastrell
pH: 3.65
Residual Sugar: 3.1gr/l",fermented grape juice,"Drink directly, not for pregnant women and children","Wine should be stored away from sunlight and fluorescent lights. The capscrew bottles can be placed vertically, while the cork bottles should be placed horizontally. Ideal storage temperature from 14-16 degrees, avoid storing wine in hot places above 24 degrees and avoid vibrations.",,750,ml
Domaine du Puy Chinon (750ml),530000,VND,"TASTING NOTES
Colour : Lovely red colour with purplish-blue hints. 
Nose : Expressive nose with red fruit aromas. 
Palate : Round and supple on the palate. 
Recommendations : Will go perfectly well with lamb shanks, veal loin with boletus mushroom or with a goat's cheese.

DESCRIPTION
Origin : On the right bank of the Vienne, upstream part of Chinon.  
Soil : Clay-siliceous terroir.
Serving condition in C° : 16-18°C

INFORMATION DETAILS
Alcohol content : 12.5%
Grenache: 100% Cabernet Franc",fermented grape juice,"Drink directly, not for pregnant women and children","Wine should be stored away from sunlight and fluorescent lights. The capscrew bottles can be placed vertically, while the cork bottles should be placed horizontally. Ideal storage temperature from 14-16 degrees, avoid storing wine in hot places above 24 degrees and avoid vibrations.",Vienne,750,ml
Ain Lorma Vin du Maroc Rose (750ml),348000,VND,"TASTING NOTES
Colour : Salmon pink. Nose : Floral and citrus. Palate : Fresh and balanced

DESCRIPTION
Origin : On the foothills of Atlas near Meknes 
Vinification : Manual harvesting, immediate pressing, controlled fermentation in steel vats 
Soil : Clay-sand

INFORMATION DETAILS
ABV: 12.5%
Vintage: 2017
Grape: Cinsault - Grenache",fermented grape juice,"Drink directly, not for pregnant women and children","Wine should be stored away from sunlight and fluorescent lights. The capscrew bottles can be placed vertically, while the cork bottles should be placed horizontally. Ideal storage temperature from 14-16 degrees, avoid storing wine in hot places above 24 degrees and avoid vibrations.",Meknes,750,ml
Chateau Loumelat Red – NEW (750ml),0,VND,"TASTING NOTES 
Intense aroma of red berries with hints of spices and undergrowth. The palate is soft and well balanced with elegant and rounded tannins, fruity and long lasting. 

DESCRIPTION 
Intense aroma of red berries with hints of spices and undergrowth.",fermented grape juice,"Drink directly, not for pregnant women and children","Wine should be stored away from sunlight and fluorescent lights. The capscrew bottles can be placed vertically, while the cork bottles should be placed horizontally. Ideal storage temperature from 14-16 degrees, avoid storing wine in hot places above 24 degrees and avoid vibrations.",,750,ml
Sanama Carmenere (750ml),289000,VND,"Sanama wines are produced from their grapes, coming from Santa Amalia, which is situated on marvelous alluvial soils, that shape the wine’s style and makes it highly enjoyable and pleasant. The wine is Aged in French and American oak barrels for 4 months.",fermented grape juice,"Drink directly, not for pregnant women and children","Wine should be stored away from sunlight and fluorescent lights. The capscrew bottles can be placed vertically, while the cork bottles should be placed horizontally. Ideal storage temperature from 14-16 degrees, avoid storing wine in hot places above 24 degrees and avoid vibrations.",750ml,750,ml
Ain Lorma Vin du Maroc Red (750ml),348000,VND,"TASTING NOTES
Colour : Ruby red. Nose : Ripe fruit and spices. Palate : Structure and warmth

DESCRIPTION
Origin : On the foothills of Atlas near Meknes 
Vinification : Manual harvesting, traditional maceration, controlled fermentation in steel vats 
Soil : Clay-sand

INFORMATION DETAILS
ABV: 13.5%
Vintage: 2017
Grape: Merlot - Cabernet - Syrah",fermented grape juice,"Drink directly, not for pregnant women and children","Wine should be stored away from sunlight and fluorescent lights. The capscrew bottles can be placed vertically, while the cork bottles should be placed horizontally. Ideal storage temperature from 14-16 degrees, avoid storing wine in hot places above 24 degrees and avoid vibrations.",Meknes,750,ml
Chateau La Faviere (750ml),803000,VND,"TASTING NOTES
To The Eye – Overture A generous and deep-red color. 
On The Nose – Allegro A nose of great precision where elegant ripe berry aromas blend perfectly with the autumnal smell of undergrowth. 
In The Mouth – Largo A delicate harmony in mouth and a pleasant strength coming from the dense and smooth tannins. 
Finish A substantial lasting with endless echos.

DESCRIPTION
The vineyard: Average vine age is 25 years old with some of the oldest at 50 years old
Aging: 6 months in french oak vats.
Recommended food pairing: Traditional hamburgers with their authentic French fries, braised lamb with mushrooms, rib of beef with béarnaise sauce, ceps mushrooms from Bordeaux, stuffed eggplant
Cellaring: Up to 10 years

INFORMATION DETAILS
Blend: Merlot: 60%. Cabernet Franc: 30%. Cabernet Sauvignon: 10%.",fermented grape juice,"Drink directly, not for pregnant women and children","Wine should be stored away from sunlight and fluorescent lights. The capscrew bottles can be placed vertically, while the cork bottles should be placed horizontally. Ideal storage temperature from 14-16 degrees, avoid storing wine in hot places above 24 degrees and avoid vibrations.",,750,ml
Finca la Escondida Malbec (750ml),263000,VND,The simple and outstanding example of Argentinian Malbec is shaped perfectly by the professional hands of the estate’s winemakers.,fermented grape juice,"Drink directly, not for pregnant women and children","Wine should be stored away from sunlight and fluorescent lights. The capscrew bottles can be placed vertically, while the cork bottles should be placed horizontally. Ideal storage temperature from 14-16 degrees, avoid storing wine in hot places above 24 degrees and avoid vibrations.",,750,ml
Finca la Escondida Chardonnay(750ml),0,VND,"TASTING NOTES
A light yellow colored wine with some golden flashes. Fruity on the nose, where tropical fruits like pineapple can be discovered

DESCRIPTION 
Manual harvesting. Destemming. Cold skin maceration at a 10° C during 5 hours. Pneumatic pressing. Cooling of the must at 10° C. Cold clarification of the must during 36 hours. Addition of selected yeasts. Controlled fermentation at 15° C during 21 days. Stabilization. Filtration. Bottling. 

INFORMATION DETAILS
Variety: 100% Chardonnay
ABV: 13.5%
Drinking Temperature: Best served between 10 °C. - 12°C.",fermented grape juice,"Drink directly, not for pregnant women and children","Wine should be stored away from sunlight and fluorescent lights. The capscrew bottles can be placed vertically, while the cork bottles should be placed horizontally. Ideal storage temperature from 14-16 degrees, avoid storing wine in hot places above 24 degrees and avoid vibrations.",,750,ml
Finca la Escondida Reserve Malbec (750ml),410000,VND,"The wine expresses its marvelous taste and aromas due to professional handling and proper vinification methods: it has spent 9 months in the oak barrels for ageing, which allows the vanilla, light leather and ripe fruits to open in the glass.",fermented grape juice,"Drink directly, not for pregnant women and children","Wine should be stored away from sunlight and fluorescent lights. The capscrew bottles can be placed vertically, while the cork bottles should be placed horizontally. Ideal storage temperature from 14-16 degrees, avoid storing wine in hot places above 24 degrees and avoid vibrations.",,750,ml
Finca la Escondida GR Malbec (750ml),499000,VND,"TASTING NOTES
Purple colored wine with a nose that offers up mineral aromas as well as fruity aromas like plums and black cherry notes ,with subtle reminiscence of black pepper. The palate is soft and round, with ripe and saturated berry flavors. With a spicy and full finish, this wine permits appreciating its chewy and ample tannins.

INFORMATION DETAILS
Variety: 100% Malbec
Alc: 14% Alc. / Vol. Sugar: 4.3g/l Total Acidity: 5.6g/l pH: 3.6
Food pairing: Serve with beef broth and ripe cheeses.
Drinking temparature: Best served between 15oC-17°C.",fermented grape juice,"Drink directly, not for pregnant women and children","Wine should be stored away from sunlight and fluorescent lights. The capscrew bottles can be placed vertically, while the cork bottles should be placed horizontally. Ideal storage temperature from 14-16 degrees, avoid storing wine in hot places above 24 degrees and avoid vibrations.",,750,ml
Finca la Escondida GR Cabernet (750ml),499000,VND,"TASTING NOTES
Dark red in color. On the nose, displays fruity aromas of plums, cherries and licorice. The palate is fresh and clean with depth and ripe, slightly oaked flavors of cassis, blackberry and chocolate.

DESCRIPTION
Hand harvesting.
Bunch selection.
Destemming.
Berry selection.
Fermentation and maceration for over 25 days.
Pneumatic pressing.
Natural malolactic fermentation.
Aged for nine months in French and American oak
barrels.
Blending.
Filtering.
Bottling

INFORMATION DETAILS
Variety: 100% Cabernet Sauvignon
Alc: 14% Alc. / Vol. Sugar: 3.96g/l.| Total Acidity: 5,5g/l.| pH: 3.70
Food pairing: Serve with roast beef, spicy roast chicken, duck and cheddar and blue cheeses.
Drinking temperature: Best served between 15oC-17°C.",fermented grape juice,"Drink directly, not for pregnant women and children","Wine should be stored away from sunlight and fluorescent lights. The capscrew bottles can be placed vertically, while the cork bottles should be placed horizontally. Ideal storage temperature from 14-16 degrees, avoid storing wine in hot places above 24 degrees and avoid vibrations.",Filtering,750,ml
M.Chapoutier Barbe Rac Rouge Org 2008 14% (750ml),0,VND,"TASTING NOTES
Appearance: intense garnet.
Nose: herbacy, spices (liquorice), chocolate, fruits (strawberry).
Palate: ample, fleshy, hot and round. Outstanding density with an impressive length. According to the vintage, the wine can be kept from 30 to 60 years, indeed from 50 to 75 years.

DESCRIPTION
The grapes are carefully selected during the harvest. This sorting is compulsory and allows the selection of the best bunches of grapes.
Grenache, being sensitive to oxidation, vinifications are made in concrete tanks. Fermenting lasts about 3 weeks (which allows a polymerization of tannins)with a temperature which varies between 30 and 33°C. Only the free-run wine is used in this single vineyard.
In vats for around 16 months.

INFORMATION DETAILS
ABV: 14%
Grape: Grenache",fermented grape juice,"Drink directly, not for pregnant women and children","Wine should be stored away from sunlight and fluorescent lights. The capscrew bottles can be placed vertically, while the cork bottles should be placed horizontally. Ideal storage temperature from 14-16 degrees, avoid storing wine in hot places above 24 degrees and avoid vibrations.",Rouge,750,ml
Culemborg Merlot (750ml),0,VND,"This wine was named after Jan van Riebeck, who was born in the Dutch city of Culemborg. And in June 1651 was appointed the first governor of the Cape, where he established a station on the southern tip of Africa, providing passing ships with fresh food and water, and became the first to plant vines in South Africa in 1655. Under strict supervision of the estate winemakers, this merlot is processed and vinified in the premises or the estate, guarantiing a perfect quality and value match.",fermented grape juice,"Drink directly, not for pregnant women and children","Wine should be stored away from sunlight and fluorescent lights. The capscrew bottles can be placed vertically, while the cork bottles should be placed horizontally. Ideal storage temperature from 14-16 degrees, avoid storing wine in hot places above 24 degrees and avoid vibrations.",South Africa,750,ml
Yalumba The Y Series Merlot 13.5% (750ml),487000,VND,"TASTING NOTES
The Y Series Merlot is vibrant crimson in colour with a magenta hue. It has aromas of fleshy black fruits; the nose is brooding with hints of briar. There is a strong sense of place with the wine showing aromatics from the cooler Limestone Coast. The palate is generous, round and succulent. The mid-palate shows a lovely synergy between the fruit and tannins with hints of exotic spices and finishes fresh and lively.
Perfect with a traditional Cassoulet; or a Kabuli chickpea, spinach and red onion pasta.

DESCRIPTION 
The wine was fermented in both static and rotary fermenters by wild yeast with cool to warm ferment temperatures, enabling us to maintain the fruit friendly, supple wine that we are seeking.

INFORMATION DETAILS 
Region: South Australia
Total Acidity: 5.9 (G/L)
Label Alcohol : 14.1
PH (UNITS) : 3.54
Winemaker: Natalie Cleghorn",fermented grape juice,"Drink directly, not for pregnant women and children","Wine should be stored away from sunlight and fluorescent lights. The capscrew bottles can be placed vertically, while the cork bottles should be placed horizontally. Ideal storage temperature from 14-16 degrees, avoid storing wine in hot places above 24 degrees and avoid vibrations.",Australia,750,ml
Mouton Cadet Red (750ml),698000,VND,"This delightful Bordeaux blend proves the importance of family traditions and care for the product. Moreover, being an official Cannes festival Supplier for more than 25 years, this wine perfectly well expresses the features so respected by all: the fine Bordeaux soils and high professionalism.",fermented grape juice,"Drink directly, not for pregnant women and children","Wine should be stored away from sunlight and fluorescent lights. The capscrew bottles can be placed vertically, while the cork bottles should be placed horizontally. Ideal storage temperature from 14-16 degrees, avoid storing wine in hot places above 24 degrees and avoid vibrations.",,750,ml
"Mouton cadet red 3.0 37.5cl, 375ml",0,VND,"TASTING NOTES 
Nose: The subtle nose opens on ripe red fruit aromas, especially cherry and wild strawberry while black fruit notes such as blackberry and bilberry emerge with airing.
Palate: The fresh, chiselled attack reveals a mix of well-defined red and black fruit flavours, leading into a fullbodied, fruit-forward mid-palate complemented by a fresh and refined finish.
DESCRIPTION 
Merlot : 88% 
Cabernet Sauvignon : 8%
Cabernet Franc : 4% 
 
INFORMATION DETAILS 
Alcohol%: 13.5%",fermented grape juice,"Drink directly, not for pregnant women and children","Wine should be stored away from sunlight and fluorescent lights. The capscrew bottles can be placed vertically, while the cork bottles should be placed horizontally. Ideal storage temperature from 14-16 degrees, avoid storing wine in hot places above 24 degrees and avoid vibrations.",,375,ml
Lobetia Chardonnay 13% (750ml),0,VND,"TASTING NOTES
Clean, bright coloured at sight, with a greenish yellow tone. Exotic fruits like pineapple scents. Full flavoured, fresh, with good acidity on the palate. We recommend service at 8º C. A perfect match: every kind of fish.

DESCRIPTION
Lobetia Chardonnay is produced in our Estate from organically grown grapes.

INFORMATION DETAILS
Alcohol by volume: 13%
Residual sugars: 1 gr/L 
Total acidity: 5 gr/L
Volatile acidity: 0,38 gr/L 
pH: 3,4 
Total SO2: 80 mg/L",fermented grape juice,"Drink directly, not for pregnant women and children","Wine should be stored away from sunlight and fluorescent lights. The capscrew bottles can be placed vertically, while the cork bottles should be placed horizontally. Ideal storage temperature from 14-16 degrees, avoid storing wine in hot places above 24 degrees and avoid vibrations.",,750,ml
Romance Spumante (750ml),0,VND,"This refreshing and appealing sparkling was produced by Charmat method, which defines its stable and constant perlage and makes it an excellent choice for aperitive or any cheese and finger food pairing.",fermented grape juice,"Drink directly, not for pregnant women and children","Wine should be stored away from sunlight and fluorescent lights. The capscrew bottles can be placed vertically, while the cork bottles should be placed horizontally. Ideal storage temperature from 14-16 degrees, avoid storing wine in hot places above 24 degrees and avoid vibrations.",,750,ml
Le Petit Cochonnet Rose (750ml),295000,VND,"The wine has a pink clear color, highlights of fruit and freshness, can be paired with aperitif and salads.",Fermented grape juice,Serve chilled (8°C - 10°C).,"Store in a cool, dry place, avoid direct sunlight and sudden temperature change.",,750,ml
Lobetia Tempranillo - Petit Verdot 13.5% (750ml),0,VND,"TASTING NOTES
Cherry colour and a violet rim at first sight. The bouquet combines spices and coffee aromas. On the palate it is complex and harmonious, with velvet tannins and long finish.

DESCRIPTION
Lobetia Tempranillo Petit Verdot Roble is produced on our estate from organically grown grapes. It has been aged for 6 months in American barrels and gently filtered to keep all natural aromas and characteristics.

INFORMATION DETAILS
Alcohol: 13,5% 
Residual sugars: 1 gr/L 
Total acidity: 5,1 gr/L
Volatile acidity: 0,40 gr/L 
pH: 3,6 
Total SO2: 60 mg/L",fermented grape juice,"Drink directly, not for pregnant women and children","Wine should be stored away from sunlight and fluorescent lights. The capscrew bottles can be placed vertically, while the cork bottles should be placed horizontally. Ideal storage temperature from 14-16 degrees, avoid storing wine in hot places above 24 degrees and avoid vibrations.",,750,ml
Chateau M Grand Vin Gold Label (750ml),630000,VND,"TASTING NOTES 
Color: Dark red with violet reflex
Nose: Spicy, cedar, fresh tobacco
Taste: Voluminous body with subtle tannins
 
DESCRIPTION
Grapes: Cabernet Sauvignon Merlot Syrah 
Vines 10 to 15 years old vines 
Harvest Hand picked 
Aging: 6 months in French oak barrels
Serving Temperature: 17 to 18°C
Cheese, red meat, pastas

INFORMATION DETAILS
Region: Central Valley
Alcohol: 14 % vol",fermented grape juice,"Drink directly, not for pregnant women and children","Wine should be stored away from sunlight and fluorescent lights. The capscrew bottles can be placed vertically, while the cork bottles should be placed horizontally. Ideal storage temperature from 14-16 degrees, avoid storing wine in hot places above 24 degrees and avoid vibrations.",Central,750,ml
Signore Giuseppe Bardolino(750ml),348000,VND,"TASTING NOTES
Colour: Light ruby colour. 
Nose : Notes of black pepper and marasca cherry. 
Palate : Fresh taste, with plum notes.

DESCRIPTION
Origin : Verona (Bardolino) 
Vinification : Traditional red wine vinification at controlled temperatures between 23° and 26° C. 
Soil : Pebbles clay

INFORMATION DETAILS
Alcohol: 12%
Grape: 60% Corvina veronese, 30% Rondinella, 10% Molinara",fermented grape juice,"Drink directly, not for pregnant women and children","Wine should be stored away from sunlight and fluorescent lights. The capscrew bottles can be placed vertically, while the cork bottles should be placed horizontally. Ideal storage temperature from 14-16 degrees, avoid storing wine in hot places above 24 degrees and avoid vibrations.",Verona,750,ml
Chateau M Reserva Cab Sauvignon Merlot (750ml),0,VND,"The wine is made in classic Bordeaux style and carries out the traditions of Dominique Massenez family, who stands behind the success of Los Boldos winery. The accurate winemaking techniques in blending Cabernet Sauvignon and Merlot allows the wine to take the best of the two worlds: old French traditions and wonderful Chilean soils and expertise.",fermented grape juice,"Drink directly, not for pregnant women and children","Wine should be stored away from sunlight and fluorescent lights. The capscrew bottles can be placed vertically, while the cork bottles should be placed horizontally. Ideal storage temperature from 14-16 degrees, avoid storing wine in hot places above 24 degrees and avoid vibrations.",,750,ml
Chateau M Gran Reserva Sauvignon Blanc(750ml),431000,VND,"The wine is made in classic Bordeaux style and carries out the traditions of Dominique Massenez family, who stands behind the success of Los Boldos winery. Use of the classic white grape varieties typical for Bordeaux whites, allows the wine to take the best of the two worlds: old French traditions and wonderful Chilean soils and expertise.",fermented grape juice,"Drink directly, not for pregnant women and children","Wine should be stored away from sunlight and fluorescent lights. The capscrew bottles can be placed vertically, while the cork bottles should be placed horizontally. Ideal storage temperature from 14-16 degrees, avoid storing wine in hot places above 24 degrees and avoid vibrations.",,750,ml
Deakin Artisan Cabernet Merlot (750ml),329000,VND,"The vineyards are located in the Big Rivers region, which has a major affection on the terroir and climate of the area, resulting in the wine’s smooth and silky taste, and pleasant rich aromas.",fermented grape juice,"Drink directly, not for pregnant women and children","Wine should be stored away from sunlight and fluorescent lights. The capscrew bottles can be placed vertically, while the cork bottles should be placed horizontally. Ideal storage temperature from 14-16 degrees, avoid storing wine in hot places above 24 degrees and avoid vibrations.",Rivers,750,ml
Chateau M Grande Cuvee Merlot (750ml),630000,VND,"TASTING NOTES 
Color: Light color with ruby reflex
Nose: Red fruits, strawberry, raspberry
Taste: Very light, easy to drink, fresh

DESCRIPTION
Grapes: 100% Merlot
Harvest: Hand picked
Vines: 10 to 15 years old vines
Aging: 6 months in French oak barrels
Pairing: Cheese, red meat, pastas
 Serving Temperature: 17 to 18°C",fermented grape juice,"Drink directly, not for pregnant women and children","Wine should be stored away from sunlight and fluorescent lights. The capscrew bottles can be placed vertically, while the cork bottles should be placed horizontally. Ideal storage temperature from 14-16 degrees, avoid storing wine in hot places above 24 degrees and avoid vibrations.",,750,ml
Woolshed Pinot Noir (750ml),315000,VND,"TASTING NOTES
Colour: Medium ruby red. 
Nose: Ripe cherry, mulberry and red plum fruit with a touch of earthy complexity. 
Palate: Fresh berry fruit and juicy plum with a touch of vanillin oak

DESCRIPTION 
The wine was pressed and completed malolactic fermentation on high quality French oak.

INFORMATION DETAILS 
Grape Variety: Pinot Noir
Region: Autralia 
Wine Specifications: Alc/Vol: 13.0% pH: 3.44 Acidity: 5.2g/L RS:<2.0g/L
Cellaring Potential: Ready to enjoy now but will cellar for up to three years.
Ideal Food Matches: Roast chicken, barbecued pork or wild mushroom risotto.",fermented grape juice,"Drink directly, not for pregnant women and children","Wine should be stored away from sunlight and fluorescent lights. The capscrew bottles can be placed vertically, while the cork bottles should be placed horizontally. Ideal storage temperature from 14-16 degrees, avoid storing wine in hot places above 24 degrees and avoid vibrations.",,750,ml
By.Ott Cotes De Provence Rose (750ml),1060000,VND,"A premium rosé from Provence, France, with elegant strawberry, peach, and citrus flavors in a dry, crisp style. Abv: 13%",fermented grape juice,"Drink directly, not for pregnant women and children","Wine should be stored away from sunlight and fluorescent lights. The capscrew bottles can be placed vertically, while the cork bottles should be placed horizontally. Ideal storage temperature from 14-16 degrees, avoid storing wine in hot places above 24 degrees and avoid vibrations.",France,750,ml
Amphora Castillon Cotes de Bordeaux 2016 13.5% (750ml),0,VND,"TASTING NOTES
Aromas of cherries and plums are woven together with exotic spices, fresh tobacco and a lovely earthy character. Medium-bodied and well balanced with lovely minerality at its center. Flavors of red fruits, spices and tobacco continue to leave a lasting impression on the juicy finish. Overall all this is an attractive Bordeaux to drink early on.",fermented grape juice,"Drink directly, not for pregnant women and children","Wine should be stored away from sunlight and fluorescent lights. The capscrew bottles can be placed vertically, while the cork bottles should be placed horizontally. Ideal storage temperature from 14-16 degrees, avoid storing wine in hot places above 24 degrees and avoid vibrations.",,750,ml
Alpha Estate Malagouzia,0,VND,"TASTING NOTES
Brilliantly, light yellow in color with greenish tints. Strong and lively nose, typical Malagouzia, suggesting rose wine petal with floral aromas and sweet spices, melon, litchi with a note of honeysuckle. Round and mellow on the palate, fat but balanced, high in alcohol with plenty of finesse. Well structured, reminding the nose aromas with a hint of rose winemary. A richly textuRED WINE with superb length and balance. A classy wine with long finish and persistent aromas.

DESCRIPTION
Harvest: Manual harvesting in 15 kg capacity picking baskets. September 4th 
Vinification: Skin contact, controlled alcoholic fermentation in stainless steel tanks with cooling jackets, maintenance of wine ‘’sur lies’’ for two months with regular stirring.

INFORMATION DETAILS
ABV: 12.5%
Excellently married with green salads, baked vegetables, pasta, low fat fishes and a wide variety of Greek sea food ""Meze"".
Best served at 11ο C (51,8 ο F).",fermented grape juice,"Drink directly, not for pregnant women and children","Wine should be stored away from sunlight and fluorescent lights. The capscrew bottles can be placed vertically, while the cork bottles should be placed horizontally. Ideal storage temperature from 14-16 degrees, avoid storing wine in hot places above 24 degrees and avoid vibrations.",Malagouzia,,
La Petite Note Bleue Rose (750ml),0,VND,"TASTING NOTES
A rosé with a beautiful pink dress. Its nose is fruity and very greedy. In the mouth there is freshness and fruit with a tangy finish. A wine to taste for an aperitif between 10 and 12 ° C.

DESCRIPTION
Petite Note Bleue is produced in Saint Tropez, the sunny vacation spot along the French Riviera romanticized since the 1960s as a jet set destination. Made from young vines, this wine is a highly accessible blend of Syrah, Grenache and Rolle

INFORMATION DETAILS
Vintage: 2018
ABV: 13%",fermented grape juice,"Drink directly, not for pregnant women and children","Wine should be stored away from sunlight and fluorescent lights. The capscrew bottles can be placed vertically, while the cork bottles should be placed horizontally. Ideal storage temperature from 14-16 degrees, avoid storing wine in hot places above 24 degrees and avoid vibrations.",Saint Tropez,750,ml
Yalumba Samuels Collection Barossa Shiraz Cabernet,0,VND,"TASTING NOTES
Initial Shiraz aromas include ripe plum and cherry, followed by the leafy, cedary spice and red currant aromas of Cabernet Sauvignon. The palate is rich and very generous, yet soft and supple. Balanced flavours linge throughout the long finish.

DESCRIPTION 
Matured for 11 months in 19% new French and Hungarian oak hogsheads and barriques, balance in 1 to 5 year old French, American and Hungarian barrels. The wine was matured for eight and a half months in older French oak hogsheads.

INFORMATION DETAILS 
Alcohol: 14.5%
Food pairing: Braise beef cheeks, silky lamb shanks, cooked lamb pie",fermented grape juice,"Drink directly, not for pregnant women and children","Wine should be stored away from sunlight and fluorescent lights. The capscrew bottles can be placed vertically, while the cork bottles should be placed horizontally. Ideal storage temperature from 14-16 degrees, avoid storing wine in hot places above 24 degrees and avoid vibrations.",,,
Yalumba Samuels Collection Barossa Shiraz,0,VND,"This canonical shiraz from one of the oldest Australian winemaking family was sourced from Barossa vineyards where the vines range from young (approximately 10 - 12 years old) to old (greater than 35 years) and were intentionally set out in a various span of sites and soils, as for example red brown earths, sandy loams and dark clay soils. These alternatives and variations contribute to the great diversity of flavours of the wine, which is stabilized and ameliorated by ageing for 12 months within 26% new French, American and Hungarian hogsheads, barriques & octaves.",fermented grape juice,"Drink directly, not for pregnant women and children","Wine should be stored away from sunlight and fluorescent lights. The capscrew bottles can be placed vertically, while the cork bottles should be placed horizontally. Ideal storage temperature from 14-16 degrees, avoid storing wine in hot places above 24 degrees and avoid vibrations.",,,
UBY No 7 (Merlot Tannat)(750ml),530000,VND,"DESCRIPTION
Varieties : 60% Merlot, 40% Tannat
Tasting Notes :
Blackberry and blueberry are the aromas that run the show. The mouth is smooth, appetising and well balanced.
Food Pairing :
Served at 20°C, this wine is an ideal accompaniment to poultry and grilled red meat. Do not hesitate to try it as a refreshing summer wine!
Service Temperature : 16° - 20°C.

INFORMATION DETAILS
Grape: Merlot - tannat
ABV: 12%",fermented grape juice,"Drink directly, not for pregnant women and children","Wine should be stored away from sunlight and fluorescent lights. The capscrew bottles can be placed vertically, while the cork bottles should be placed horizontally. Ideal storage temperature from 14-16 degrees, avoid storing wine in hot places above 24 degrees and avoid vibrations.",,750,ml
Georges Vigouroux Pigmentum Occitanie Malbec Rose (750ml),0,VND,"TASTING NOTES
This is a great wine to share with friends. It has a clear, brilliant pink colour with vibrant nuances as well as a very intense red fruit bouquet. It is also very fruity on the palate (cherry and raspberry) with a long aftertaste.

INFORMATION DETAILS
Vintage: 2018
ABV: 12.5%
Grape: 100% Malbec",fermented grape juice,"Drink directly, not for pregnant women and children","Wine should be stored away from sunlight and fluorescent lights. The capscrew bottles can be placed vertically, while the cork bottles should be placed horizontally. Ideal storage temperature from 14-16 degrees, avoid storing wine in hot places above 24 degrees and avoid vibrations.",Occitanie,750,ml
BP Rothschild Mouton Cadet Rose (750ml),678000,VND,"TASTING NOTES 
Aspect: A glittering pale pink.
Nose: The nose opens on remarkably fresh red fruit aromas such as strawberry and raspberry. Sage and lemon balm notes emerge with airing, together with a hint of sweet pepper.
Palate: The forthright, straight and smooth attack reveals fresh red fruit flavours elegantly set off by refined spice notes, while fresh, aromatic herb flavours on the finish recall the nose, giving great length to this new Mouton Cadet Rosé vintage.

INFORMATION DETAILS
Merlot : 77%
Cabernet Franc : 16%
Cabernet Sauvignon : 7% 
Alcohol by volume [% AbV]: 12",fermented grape juice,"Drink directly, not for pregnant women and children","Wine should be stored away from sunlight and fluorescent lights. The capscrew bottles can be placed vertically, while the cork bottles should be placed horizontally. Ideal storage temperature from 14-16 degrees, avoid storing wine in hot places above 24 degrees and avoid vibrations.",,750,ml
Mouton Cadet Reserve Graves red,882000,VND,"TASTING NOTES
ASPECT: An intense garnet red with a slight crimson hue.
NOSE: The nose opens on floral and ripe red fruit aromas, followed after airing by a touch of leather and paprika together with Burlat cherry and blackcurrant notes.
PALATE: From a supple and refined attack on delicate tannins, the midpalate has an attractive complexity, revealing spice and floral notes, red and black fruit flavours and a touch of leather, leading into a fresh and mineral finish.

BLENDING NOTES
Merlot: 61% - Red fruit aromas and flavours 
Cabernet Sauvignon: 21% - Structure and power with black fruit notes 
Cabernet Franc: 14% - Refinement and elegance

PAIRING SUGGESTIONS
Mushroom risotto, beef carpaccio, selection of cheeses.
Serving temperature: 18 - 19° C",fermented grape juice,"Drink directly, not for pregnant women and children","Wine should be stored away from sunlight and fluorescent lights. The capscrew bottles can be placed vertically, while the cork bottles should be placed horizontally. Ideal storage temperature from 14-16 degrees, avoid storing wine in hot places above 24 degrees and avoid vibrations.",,,
Mouton Cadet Reserve Haut Medoc,987000,VND,"TASTING NOTES 
Appearance: Intense color, ranging from ruby ​​to garnet. 
Aroma: Black fruit notes with cassis and blackberry, followed by empyreumatic fragrances that vary between vanilla and roasting. 
Taste: The young reds are full-bodied, marked by a hint of oak and hints of sweet spices. After a few years of aging, the tannins melt. 

DESCRIPTION 
The wine Mouton Cadet Réserve Haut-Médoc is a red wine produced in the Bordeaux region in France, by Baron Philippe De Rothschild. This wine comes from the Haut-Médoc appellation.",fermented grape juice,"Drink directly, not for pregnant women and children","Wine should be stored away from sunlight and fluorescent lights. The capscrew bottles can be placed vertically, while the cork bottles should be placed horizontally. Ideal storage temperature from 14-16 degrees, avoid storing wine in hot places above 24 degrees and avoid vibrations.",France,,
UBY No 3 (Ugny blanc Colombard) (750ml),530000,VND,"TASTING NOTES
The Colombard Ugni Blanc vintage is the flagship reference of the domain and is the perfect example of a quality wine of Gascony. This wine is very nice and intense on the nose and releases notes of exotic fruits, citrus fruits, accompanied with a hint of mint. On the palate it is very frank, with a nice liveliness at first taste. In the mid-palate, we feel more body and a nice ripen fruits flavor. It a very pleasant wine full of freshness.

DESCRIPTION
The Uby Estate, in the heart of Côtes de Gascogne, cannot be missed!
The know-how and the experience of its cellar master is a true guarantee of high-quality.
The Uby Estate cultivates 10 different grape varieties, in an eco-friendly way. In 2012, the domain equiped itself with a new storehouse, providing to the team greater control and higher technical expertise.

INFORMATION DETAILS
Grape: Colombard - Ugni Blanc
ABV: 11.5%",fermented grape juice,"Drink directly, not for pregnant women and children","Wine should be stored away from sunlight and fluorescent lights. The capscrew bottles can be placed vertically, while the cork bottles should be placed horizontally. Ideal storage temperature from 14-16 degrees, avoid storing wine in hot places above 24 degrees and avoid vibrations.",,750,ml
Mouton Cadet Reserve Saint Emilion,1060000,VND,"TASTING NOTES
NOSE: The nose opens on spice notes, especially Malabar pepper and cinnamon, followed with airing by ripe red and black fruit aromas, especially wild strawberry, bilberry and blackberry.
PALATE: A rich and very full attack on forward yet supple tannins leads into a stylish, fruit-filled mid-palate on blackberry and blackcurrant flavours, while mixed vanilla and mocha notes appear on the finish.
BLENDING NOTES
Merlot: 88% - Red fruit flavours 
Cabernet Franc: 11% - Refinement and elegance 
Cabernet Sauvignon: 1% - Structure, power and black fruit notes
INFORMATION DETAILS
Alcohol Content: 13.50% vol
Serving Temperature: 18-19 ° C",fermented grape juice,"Drink directly, not for pregnant women and children","Wine should be stored away from sunlight and fluorescent lights. The capscrew bottles can be placed vertically, while the cork bottles should be placed horizontally. Ideal storage temperature from 14-16 degrees, avoid storing wine in hot places above 24 degrees and avoid vibrations.",,,
Mouton Cadet Reserve Pauillac,1595000,VND,"TASTING NOTES
Colour: a lovely intense purple. 
Nose: complex and intense, the nose reveals jammy blackcurrant and cherry aromas and also displays great intensity on notes of leather, toast and vanilla. 
Palate: very round, with rich and powerful flowers, the wine opens on black cherry and ripe damson, followed by liquorice and mild spice and ending on a touch of black coffee. Very long on the palate, this is a complex and harmonious wine with excellent ageing potential. Menu suggestions: roast lamb, cep mushrooms, venison stew. Serving temperature: 18–19°C.

INFORMATION DETAILS
Grape variety: Merlot-Cab. blend
Wine region: Bordeaux
Production area: Pauillac
Country of origin: France
Alcohol by volume [% AbV]: 13
Ingredients: Merlot – Cabernet Sauvignon – Cabernet Franc.",fermented grape juice,"Drink directly, not for pregnant women and children","Wine should be stored away from sunlight and fluorescent lights. The capscrew bottles can be placed vertically, while the cork bottles should be placed horizontally. Ideal storage temperature from 14-16 degrees, avoid storing wine in hot places above 24 degrees and avoid vibrations.",France,,
Georges Duboeuf Vin de France La Cuvee Rouge (3L),0,VND,"TASTING NOTES
This wine has a fruity taste reminiscent of red berries. 
Dry and fresh on the palate with a smooth finish.

DESCRIPTION
This wine has a fruity taste reminiscent of red berries. 
Dry and fresh on the palate with a smooth finish.",fermented grape juice,"Drink directly, not for pregnant women and children","Wine should be stored away from sunlight and fluorescent lights. The capscrew bottles can be placed vertically, while the cork bottles should be placed horizontally. Ideal storage temperature from 14-16 degrees, avoid storing wine in hot places above 24 degrees and avoid vibrations.",France,3,L
Georges Duboeuf Vin de France La Cuvee Blanc (3L),0,VND,"Technical notes 
Ugni blanc, Marsanne, Colombard, Rousanne, Clairette 

Producer 
For more than four centuries, the Duboeuf family has been producing wine. Georges, well known for his dynamism, created Les Vins Georges Duboeuf in September of 1964. This historical date also marks the start of his wine merchant business, selecting, bottling and selling fine French wines from the Beaujolais and Maconnais regions of Burgundy and, in the process, becoming world-famous. Georges has become, in a sense, the ambassador of the region. He has remained loyal to his quest of offering quality wines, combining the flavor profiles of their terroir with bold characters. He conducts his business by negotiating with heart, passion, and the constant desire to share the very best of Beaujolais. In continuing the family tradition, Georges and his wife Rolande are joined by their son Franck and his wife Anne who manage the family business.",fermented grape juice,"Drink directly, not for pregnant women and children","Wine should be stored away from sunlight and fluorescent lights. The capscrew bottles can be placed vertically, while the cork bottles should be placed horizontally. Ideal storage temperature from 14-16 degrees, avoid storing wine in hot places above 24 degrees and avoid vibrations.",France,3,L
Georges Duboeuf Vin de France La Cuvee Rose (3L),0,VND,"TASTING NOTES 

Pretty and zippy with vibrant notes of tart field strawberries and orange zest. 
Smooth, juicy and fresh taste with a good acidity in the finish. 

DESCRIPTION 

Pretty and zippy with vibrant notes of tart field strawberries and orange zest.",fermented grape juice,"Drink directly, not for pregnant women and children","Wine should be stored away from sunlight and fluorescent lights. The capscrew bottles can be placed vertically, while the cork bottles should be placed horizontally. Ideal storage temperature from 14-16 degrees, avoid storing wine in hot places above 24 degrees and avoid vibrations.",France,3,L
Dr. Thanisch Riesling (750ml),1049000,VND,"TASTE 
Nuanced and structured whites with characteristically mineral and herbal flavours and aromas. 

You can also discern citrus, gooseberry and blackcurrant notes in these wines. Crisp acids add the necessary structure, making them an ideal accompaniment to food. 

TIPS FOR USE 
Nuanced flavours combined with robust acidity make these wines an excellent match for fish and seafood dishes as well as slightly stronger flavours. 

Try with Finnish crayfish, clam dishes or blinis. 

HOW TO SERVE 
White wines are best served chilled, at 10–12°C. Chilling a bottle from room temperature to the perfect serving temperature takes about two hours in a fridge.",fermented grape juice,"Drink directly, not for pregnant women and children","Wine should be stored away from sunlight and fluorescent lights. The capscrew bottles can be placed vertically, while the cork bottles should be placed horizontally. Ideal storage temperature from 14-16 degrees, avoid storing wine in hot places above 24 degrees and avoid vibrations.",,750,ml
M.Chapoutier Les Vignes de Bila-Haut rouge(750ml),499000,VND,The soil-driven style of the wine wonderfully expresses the classic to Rhone valley Syrah grape variety blended together with Grenache and Carignan.,fermented grape juice,"Drink directly, not for pregnant women and children","Wine should be stored away from sunlight and fluorescent lights. The capscrew bottles can be placed vertically, while the cork bottles should be placed horizontally. Ideal storage temperature from 14-16 degrees, avoid storing wine in hot places above 24 degrees and avoid vibrations.",Rhone,750,ml
Plaimont Colombelle Rose - Tannat Cabernet Sauvignon,379000,VND,"TASTING NOTES
An expressively fruity rose, easy to appreciate. The finish displays freshness with hints of pepper and liquorice. Enjoy with pizza, steak, barbecues and fruitbased desserts or by itself.

DESCRIPTION 
An expressively fruity rose, easy to appreciate. The finish displays freshness with hints of pepper and liquorice.",fermented grape juice,"Drink directly, not for pregnant women and children","Wine should be stored away from sunlight and fluorescent lights. The capscrew bottles can be placed vertically, while the cork bottles should be placed horizontally. Ideal storage temperature from 14-16 degrees, avoid storing wine in hot places above 24 degrees and avoid vibrations.",,,
Hakushika Kijuro Sake 15% (720ml),470000,VND,"720ml Hakushika Kijurou Sake is a symbol of the country of the rising sun, not just a popular drink.
 It is also a bridge between people and humans, people with gods in Japanese cultural beliefs","Rice, yeast, water",Drink it directly. Drink with ice or mixed with hot water,"Store in a cool, dry place, away from direct sunlight.",,720,ml
Hakutsuru Junmai Ginjo Sake 14.5% (300ml),250000,VND,"Brewed with meticulous care and traditional methods, Hakutsuru Junmai Ginjo is characterized by its refined flowerlike aroma,
 refreshing taste and silky smoothness. Best enjoyed chilled or at room temperature.","Water, rice, rice yeast",Drink it directly,"Store in a cool, dry place, away from direct sunlight.",,300,ml
Hakutsuru Junmai Nigori Sake 12.5% (300ml),192000,VND,"Hakutsuru Sayuri is light, smooth and faintly sweet
with a slight degree of thickness due to the coarse filtering process","Rice, yeast koji",Drink it directly. More delicious cold drink,"Store in a cool, dry place, away from direct sunlight.",,300,ml
Vang Excellence Red Wine 750ml,230000,VND,"This wine is characterized by a vivid purple red colour with complex notes of dried red fruits, chocolate and spices. In the mouth it has a velvety, balanced taste and long finish.",Blended from Cabernet Sauvignon & Merlot.,"It pairs well with the dishes from meat, including red meat, white meat or poultry.","Store at room temperature, in a cool, dry place. Lay the bottle down to let the wine contact the cork. Do not place it near a hot source, or under direct sunlight",,750,ml
Suishin Junmai Sake 15% (720ml),480000,VND,"It is the finest pure rice sake that is made by polishing 60% of rice suitable for sake brewing such as Yamada Nishiki and brewing only the core of the rice and clean water as raw materials, which makes you feel the rich taste of rice.","Rice, koji rice yeast, (rice grinding 65%)",Drink it directly,"Store in a cool, dry place, away from direct sunlight.",,720,ml
Hakushika Josen Sake 16% (720ml),370000,VND,"This brewed sake has a well-balanced five flavors, is fine and smooth,
 and has a refreshing back mouth so you won't get tired of drinking it","Rice, yeast, water",Drink it directly. Drink with ice or mixed with hot water,"Store in a cool, dry place, away from direct sunlight.",,720,ml
1800 Tequila Reserva Coconut 35% 750ml,1250000,VND,"This wine gets its dictintive golden colour from ageing in oak. Aside from the sightly sweet taste, the hint of oak adds more punch to a cocktail or in a shot. It's got to be one of the most famous and notorious, bottles of drink around.",Distilled and fermented from 100% agave in Mexico,Drink or mix directly,"Store at room temperature, in a cool, dry place.",Mexico,750,ml
Hakushika Komodaru Sake 15.3% (1.8L),0,VND,"Sake with a well-balanced five flavors
 is packed in a barrel suitable for celebrations and gifts","Rice, rice yeast, alcohol",Drink it directly. Drink with ice or mixed with hot water,"Store in a cool, dry place, away from direct sunlight.",,1.8,L
Moët & Chandon Grand Vintage Champagne 2012 75cl,3750000,VND,"Every Grand Vintage is unique and original, representing the Cellar Master's free, personal interpretation in service of revealing the exceptional personality of singular vintage years. Grand Vintage 2012 perfectly embodies the Moët & Chandon Grand Vintage spirit, a spirit founded on three essential values: freedom of interpretation, selection of the year's most remarkable wines and individuality of the vintage to create champagnes distinguishes by their maturity, complexity and charisma. 

ABV: 12.5%",Made from fermented grapes.,Serve chilled (8°C - 10°C).,"Store in a cool, dry place, avoid direct sunlight and sudden temperature change.",,,
"Patron Citronge Orange Liqueur, 750ml",1040000,VND,Patron Citrónge Orange is a delicately blended liqueur that delivers a sweet and smooth fresh orange taste. It is perfect for use in both cocktails and gourmet recipes.,"patrón silver tequila, natural orange essence, and sugar",Drink directly or after chilling,"Store at room temperature, in a cool, dry place.",,750,ml
Vang Dalat Classic White Wine 750,115000,VND,"With tannic taste Dalat white wine - Classic is the perfect choice for enjoying the dishes prepared from seafood, white meat and salad","From selected, fully matured and healthy Cardinal grapes","The perfect choice for enjoying the dishes prepared from seafood, white meat and salad","Store at room temperature, in a cool, dry place. Lay the bottle down to let the wine contact the cork. Do not place it near a hot source, or under direct sunlight",,,
Kentucky Gentleman 40% (750ml),0,VND,"Kentucky Gentleman is a straight bourbon whiskey
that is produced in Barton Distillery in Kentucky.
Kentucky Gentleman is one of the fastest growing
Bourbon Whiskey brands in the U.S. and is rapidly
becoming the choice of consumers seeking great Bourbon flavor and exceptional value.",Made from a grain mixture that is at least 51% corn,Drink shot or make Cocktail,"Store at room temperature, in a cool, dry place.",Kentucky,750,ml
Vang Dalat Classic Red Wine 750,115000,VND,"This wine is characterized by a light ruby color, intense aromas of Mulberry combined with jams and balanced taste",Blended formula between Cardinal grapes and minor quantity of Dalat's Mulberry fruits,It's suitable to enjoy with Vietnamese food in daily family dishes,"Store at room temperature, in a cool, dry place. Lay the bottle down to let the wine contact the cork. Do not place it near a hot source, or under direct sunlight",,,
Vang Dalat Export Red Wine 750,135000,VND,"Dalat red wine - Export is characterized by a light ruby color. It delivers rich taste, and complex sweet mulberries. It pairs well with the dishes from red meat.","Fermented from Cardinal and Syrah grapes, blended with minor quantity of Dalat's mulberry fruits",It pairs well with the dishes from red meat.,"Store at room temperature, in a cool, dry place. Lay the bottle down to let the wine contact the cork. Do not place it near a hot source, or under direct sunlight",,,
Tomino Houzan 25% Shochu (720ml),715000,VND,"-  A wine slowly brewed from sweet potatoes and koji yeast with a sweet taste but not too strong, gentle and easy to drink.
      - Alcohol concentration is only 25%, very suitable for the majority of consumers, especially women.","- Distilled from fermented liquid from Sweet Potato, Koji rice yeast, water","- Drink directly
     - More delicous with ice/ iced before drinking/ top up with soda or mix with fruit juice","- Store at a dry, cool place and avoid the sunlight",Shochu,720,ml
Les Granilites Saint-Joseph Red,0,VND,"TASTING NOTES
Appearance: Garnet red with purple highlights.
Nose: Nice intensity of wild dark berry notes (blackcurrant, blackberries), mineral notes (graphite), underscored by lovely, smooth oakiness. 
Palate: Soft and well-balanced on entry. Fine, tight tannins, beautiful mineral tautness derived from the granite. Long-lasting finish with lovely dark berry notes.

DESCRIPTION
Temperature controlled fermentation in concrete vats, using indigenous yeasts. 4 weeks maceration was carried out, followed by malo-lactic fermentation in cask.
Maturing is carried out in casks for the first 12 months, and is completed in concrete tanks for 6 months

INFORMATION DETAILS
ABV: 13%
Grape: Syrah.",fermented grape juice,"Drink directly, not for pregnant women and children","Wine should be stored away from sunlight and fluorescent lights. The capscrew bottles can be placed vertically, while the cork bottles should be placed horizontally. Ideal storage temperature from 14-16 degrees, avoid storing wine in hot places above 24 degrees and avoid vibrations.",,,
Cote de Rose Chardonnay (White) 13% (750ml),0,VND,Nồng độ cồn: 13%,,,,750ml,750,ml
Les Granilites Saint-Joseph White,0,VND,"TASTING NOTES
Strong yellow with bright green highlights. The bouquet is fresh, with delicate notes of white flowers and white-fleshed fruit (peaches, pears), delicious aromatic notes, underscored by lovely, smooth oakiness. The palate is well-balanced on entry, nice body with delicious, dessert-like notes, mineral tautness and a long lingering finish.

DESCRIPTION
The words that best describe Maison M. Chapoutier. An Estate that nurtures its vineyards with the greatest respect for natural balance and terroir since 1808. The family motto “Fac et Spera” – do and hope – says it all. Two words that sum up all the patience and daring that this art demands: patience in relation to nature which presides; daring for the winemaker, who observes, chooses and assists. The wine will be the faithful expression of this alchemy. For the last two hundred years in the Rhone Valley, and today also in the Roussillon and in Australia, Chapoutier has been producing some of the greatest wines: Hermitage, Côte Rôtie, Châteauneuf du Pape, Saint-Joseph, Crozes Hermitage, Luberon. Our own vineyards and the single vineyards we select are cultivated either organically or biodynamically to respect the terroir. Michel Chapoutier maintains a philosophy of biodynamic viticulture. Michel is an inspiring and visionary leader who does not hesitate to develop breakaway solutions in line with his convictions. He is passionate about revealing the expression of the site and soil. He combines the history and tradition of the past with innovation, daring and creativity. Core values at the heart of M Chapoutier include respect of nature, daring to open new horizons and generosity of spirit.

INFORMATION DETAILS
ABV: 13.5%
Grape: Marsanne",fermented grape juice,"Drink directly, not for pregnant women and children","Wine should be stored away from sunlight and fluorescent lights. The capscrew bottles can be placed vertically, while the cork bottles should be placed horizontally. Ideal storage temperature from 14-16 degrees, avoid storing wine in hot places above 24 degrees and avoid vibrations.",Australia,,
Hereford Malbec(750ml),0,VND,"This strong and rich malbec was placed in the bottle with only 2.2 grams of residual sugar, however its’ powerful body enchants the finest balance in all dryness, making it a wonderful Mendoza region example.",fermented grape juice,"Drink directly, not for pregnant women and children","Wine should be stored away from sunlight and fluorescent lights. The capscrew bottles can be placed vertically, while the cork bottles should be placed horizontally. Ideal storage temperature from 14-16 degrees, avoid storing wine in hot places above 24 degrees and avoid vibrations.",Mendoza,750,ml
Georges Duboeuf Beaujolais Nouveau (750ml),0,VND,"Beaujolais Nouveau often has a rich aroma of fruits such as strawberries, raspberries, and blueberries. This wine is light, fresh, and usually has a slight acidity, making it suitable for immediate enjoyment after production.
Company: CTY TNHH Dịch Vụ Thương Mại Kho Đỏ
Origin: France
Address: 41 Thao Dien street, Thao Dien ward, Thu Duc City, HCM, Viet Nam","This wine is primarily made from Gamay grapes, known for their fresh fruity flavors and easy drinkability",Drink directly,"Store wine at a consistent temperature, ideally between 50°F to 65°F (10°C to 18°C). Avoid extreme temperature fluctuations.",Viet Nam,750,ml
Joseph Drouhin Mercurey 2016,0,VND,"TASTING NOTES
The mature grapes gave deep ruby-coloured wines displaying notes of black fruit mingled with hints of violet and spices. The palate is round and generous. The wines are typical of their terroir.

DESCRIPTION
Type: in barrels (10% in new oak).
Length: 12 to 15 months.
INFORMATION DETAILS
Temperature: 16°C (60°F).
Cellaring: 3 to 8 years.",fermented grape juice,"Drink directly, not for pregnant women and children","Wine should be stored away from sunlight and fluorescent lights. The capscrew bottles can be placed vertically, while the cork bottles should be placed horizontally. Ideal storage temperature from 14-16 degrees, avoid storing wine in hot places above 24 degrees and avoid vibrations.",,,
The Macallan Double Cask Matured Scotch Whisky 15 YO 43% 700ml,0,VND,"Created from the perfect balance of hand-picked American and European Oloroso sherry seasoned oak casks, our Double Cask range celebrates t he coming together of two styles to brings a unique character to the fore, whilst presenting familiar avours.                                                                                             Nose: Dried fruit, toee and vanilla with smooth
oak and baked apple. Balanced with notes of honey and chocolate.                                                           Palate: Sweet raisins and sultana builds with hints of vanilla, wood spice and citrus.                               Finish: Warm with ginger turning to caramel and
citrus, with a lingering and creamy mouth feel.",Fermented cereals,Drink or mix directly,"Store at room temperature, in a cool, dry place.",,700,ml
Fever-Tree Premium Ginger Ale 200ml,51000,VND,"By using a unique blend of naturally sourced gingers, subtle botanical flavours and sring water, we have crated a delicious  Ginger Ale with an authentic, refreshing taste and aroma. Perfectly balanced to enhance the flavour notes of the finest whiskies, bourbons and rums.","Sparkling water, sugar, acidity regulator, natural ginger flavor",Drink or mix directly,"Store at room temperature, in a cool, dry place.",,200,ml
Daily-C Mango Vita 400 Bottle (140ml),17000,VND,"Daily-C mango is a vitamin beverage that contains a refreshing, trendy juice flavor.
Each 140ml bottle is fortified with 100mg of Vitamin C and 400 IU of Vitamin D. Vitamin C and D fortified with mango flavor.
Daily - C adds vitamins C, D to help improve resistance, strengthen bones, delicious natural mango orange flavor that brings a feeling of refreshment, appetite, immediately dispel fatigue.","Purified water, sugar, vitamin D 10mcg (400IU), vitamin C 100mg, mango extract 5%, honey 0.1%, synthetic mango orange flavor, vitamin E, rutin","Beverage products to increase health, supplement
vitamin C, vitamin D help increase resistance, reduce fatigue in hot weather from Lotte Korean brand, used for both children and adults!","Cool place, avoid direct sunlight",,140,ml
Pulco Lime to be Diluted Bottle (700ml),223000,VND,"Made from concentrated lemon juice, Pulco Lemon gives natural lemon flavour to all your preparations (cocktail, smoothie, dessert, etc.). Diluted with water, it is also an excellent lemonade for summer.","water, lemon juice (35,5%) and orange (4.5%) from concentrated lemon pulp (5%), acidulant citric acid and lemon extract.",Shake before serving. Dilution conditions: 1 volume Pulco + 6 volumes of water.,"Store in a cool and dry place, avoid direct exposure to sunlight",,700,ml
Orangina Red W/ Pulp Pet (1.5L),159000,VND,"Orangina brings you a unique flavor of the Mediterranean through its authentic taste of oranges with real fruit pulp and its natural orange zest. Drunk annually by 500 million consumers worldwide, this famous soda is now known in several countries due to its special taste.","Carbonated water, concentrated orange juice and other citrus fruits (12% juice and 10% blood orange juice) and sugar-citrus pulp (2% orange pulp which 1%), acidifier: citric acid and orthophosphoric-guarana extract (0.1%) - Conservative: sodium benzoate, natural flavor, caffeine-dye: Allura Red AC.",best enjoyed chilled.,Store in the shade away from heat.,Mediterranean,1.5,L
Schweppes Indian Tonic (1.5L),0,VND,"SCHWEPPES TONIC WATER began in 1783 as the world's original soft drink. Its founder, Jacob Schweppe, was drawn to the new art of carbonating beverages, so he refined and patented his own process of creating mineral water.","carbonated water, sugar, acidifier: citric acid, natural flavors, flavor: quinine, sweeteners: acesulfame K and sucralose.",Best served chilled,"Store in a dry place, protect from heat.",,1.5,L
Fuzetea Passion & Chia Seed (450ml),0,VND,Fuzetea Passion & Chia Seed (450ml),"Water, cane sugar, HFCS sugar, juice, chia seeds, acidity regulator, synthetic passion fruit flavor",Can be used instantly.,"Store at room temperature, in a cool, dry place.",,450,ml
Fuzetea Peach & Chia Seed (450ml),0,VND,Fuzetea Peach & Chia Seed (450ml),"Water, cane sugar, HFCS sugar, juice, chia seeds, acidity regulator, natural peach flavor",Can be used instantly.,"Store at room temperature, in a cool, dry place.",,450,ml
Fuzetea Lemongrass (450ml),0,VND,Fuzetea Lemongrass (450ml),"Water, cane sugar, acidity regulator (E330, E331(iii)), tea powder (0.14%), natural lemongrass flavor, ascorbic acid",Can be used instantly.,"Store at room temperature, in a cool, dry place.",,450,ml
Mầm Distillery Ruddy Face Apricot Liqueur (530ml),0,VND,"This product made from fresh apricot in Moc Chau highland. Mam Distillery select all the best fruit form the area then brew with high quality rice wine for at least 12 months. This liqour has bright orange color, smell nicely from apricot fruit skin. Taste gently sour and deep sweet, and almond flavor of apricot seed will stay last on your tongue. This product is perfect for women, sour and sweet are very clearly","apricot, rice wine, water, sugar","Drink directly, taste better when used cold. Can use the concoction in other attractive beverage recipes","avoid high humidity store room, avoid direct sun light",Highland,530,ml
Clos Teddi Patrimonio Rose (750ml),0,VND,"TASTING NOTES

A light purplish glow, fruity and floral intensity. Leaves a nice touch of acidity in the mouth, with spicy notes and a citrus fruit finish.

DESCRIPTION

A light purplish glow, fruity and floral intensity. Leaves a nice touch of acidity in the mouth.",fermented grape juice,"Drink directly, not for pregnant women and children","Wine should be stored away from sunlight and fluorescent lights. The capscrew bottles can be placed vertically, while the cork bottles should be placed horizontally. Ideal storage temperature from 14-16 degrees, avoid storing wine in hot places above 24 degrees and avoid vibrations.",,750,ml
Dabada Hiburi 25% Shochu (720ml),970000,VND,"- Shochu Dabada Hiburri is fermented from chestnuts and barley, then distilled several times until it reaches the 25% concentration standard, and has the best taste. This special, users will find it interesting when they themselves will experience its flavors, from pungent to a post-aromatic flavor, unique sweetness will remain in the throat and the alcohol content will remain. help spirit to be more relaxed and comfortable.
       - Using a little daily regularly will help support the digestive system, boost metabolism, help you sleep more deeply and eat better. Dabada Hiburi Shochu is very suitable when served with Asian dishes, especially seafood.","- Distilled from fermented chestnut, barley, Japanese domestic rice, Japanese domestic Koji yeast, water","- Drink directly or mix with hot water
     - More delicous with ice/ iced water","- Store at a dry, cool place and avoid the sunlight",Shochu,720,ml
Bia Ipa Castelain 6.5% (750ml),432000,VND,"After brewing and fermentation, CASTELAIN Grand Cru is kept for long weeks in storage tanks. In the calm and cool (0°C) environment, the beer matures, develops a finer taste, perfects its aroma and acquires its natural and characteristic sparkles. It is here also that the beer obtains its balance, finesse and gleam.","Water, barley malts, hops.",Best served chilled,Beer storage ideally between 12 and 16 ° C in a dark room (cellar type) at a stable temperature,,750,ml
Duvel Strong Golden Ale Beer (330ml),65000,VND,"Duvel is a natural beer with a subtle bitterness, a refined flavour and a distinctive hop character. The refermentation in the bottle and a long maturation, guarantees a pure character, delicate effervescence and a pleasant sweet taste of alcohol.","Water, barley malt, houblon flowers, yeast.","Pour into a Duvel glass, 5 ° C",store in a cool place,,330,ml
"Pepsi Pet Bottle ,1.5L/,1.75L",20000,VND,"Soft drinks, are beloved by many for their delightful and refreshing flavors. A genuine 1.5-liter bottle of Pepsi, with its generous fizziness, can help alleviate fatigue and tension, providing a sense of comfort after outdoor activities.","CO2 saturated water, cane sugar, HFCS sugar, synthetic color, acidity regulator, caffeine, stabilizer, natural flavor mixture","Drink directly, it will taste better when chilled, or served with ice","Store in a cool, dry place.",Bottle,1.5,L
San Miguel Cerveza Negra Beer Can 330ml,29000,VND,"A rich, dark beer with a balance between mild bitterness and the characteristic sweetness of roasted barley flowers. Intense caramel aroma combined with the fatty taste of beer foam","Water, malt, mighty, cereal, hops
Alcohol 4.5 - 5.2% Vol",More delicious cold drink,"Preserved in a dry, cool place, away from sunlight",San Miguel,330,ml
"Mapu red, Cabernet Sauvignon/ Carmenere (new label) (750ml)",342000,VND,"Being a part of Baron Philippe de Rothschild estates, this Bordeaux blend carries out the best features of the family traditions, proving the high class of the professionalism even for simple and easy to drink though wonderful quality wines.",fermented grape juice,"Drink directly, not for pregnant women and children","Wine should be stored away from sunlight and fluorescent lights. The capscrew bottles can be placed vertically, while the cork bottles should be placed horizontally. Ideal storage temperature from 14-16 degrees, avoid storing wine in hot places above 24 degrees and avoid vibrations.",,750,ml
La Chouffe Beer (330ml),65000,VND,"La Chouffe beer is refreshing and full-bodied, offering excellent refreshment with notes of peach and apricot, along with hints of mandarin, coriander, and a subtle touch of hops.",,,,,330,ml
"Royal Sedang Gin, Vietnam Botanicals 50cl",1175000,VND,"Exotic  avors of fresh botanicals: lime, lemongrass, ginger, litchi, jasmin tea, coriander.","Alcohol is distilled from herbs: ginger, lemongrass, jasmine tea leaves, coriander, lemon, lychee fruit",Use directly or make cocktails,"Store at room temperature, in a cool, dry place.",,,
BPR Escudo Rojo Grand Reserva Blend (750ml),835000,VND,"Maturing:
Half the vintage is matured in one-year-old oak barrels for 12 months.

Tasting notes:
Black Fruits - Hazelnut & Coffee - Powerful - Generous
ASPECT: An intense, glittering crimson with a purple tint. 
NOSE: The powerful, very intense and fruit-forward nose reveals a mixture of red and black berry fruit aromas, mingles with spicy notes of black pepper and subtle touches of vanilla, caramel and mocha. 
PALATE:
From a powerful and complex attack, the medium-bodied mid-palate is underpinned by very mature tannins.
With good substance and balanced acidity, it reveals wild berry flavours, especially blackberries and bilberry.
Ripe fruit notes linger on the palate, togethr with a return of the spice notes found on the nose, while toasted hazelnut and roast coffee-bean flavours complete the long, rich and well-balanced finish, underpinned by elegant tannins.",fermented grape juice,"Drink directly, not for pregnant women and children","Wine should be stored away from sunlight and fluorescent lights. The capscrew bottles can be placed vertically, while the cork bottles should be placed horizontally. Ideal storage temperature from 14-16 degrees, avoid storing wine in hot places above 24 degrees and avoid vibrations.",,750,ml
BPR Escudo Rojo Reserva Chardonnay (750ml),0,VND,"Maturing:
Half the vintage is matured in one-year-old oak barrels for about 9 months to achieve a harmonious balance between oaky notes and the freshness of the fruit.

Tasting notes:
Tropical Fruits - Nuts - Powerful - Generous
ASPECT: An attractive pale yellow with a golden hue. 
NOSE: The complex and intense nose opens on aromas of white blossom and fruit such as white nectarine, lychee and pear, mingled with gentle toasted hazelnut. 
PALATE:
From a very fine, elegant and succulent attack that displays freshness, good substance and excellent acidity, the generous and seductive mid-palate reveals pineapple, mango and nectarine flavours together with delicate notes of nuts.",fermented grape juice,"Drink directly, not for pregnant women and children","Wine should be stored away from sunlight and fluorescent lights. The capscrew bottles can be placed vertically, while the cork bottles should be placed horizontally. Ideal storage temperature from 14-16 degrees, avoid storing wine in hot places above 24 degrees and avoid vibrations.",mango,750,ml
Mathieu Teisseire Syrup Caramel 700ml,250000,VND,"Mathieu Teisseire Syrup is perfectly crafted to elevate the taste of any refreshing drink, coffee, tea, mocktail, cocktail, sauce or dessert,…","Sugar, water, flavouring, colour: E150a, caramel (sugar, water, glucose-fructose syrup), preservative: E202.","<div>Add 1 part of syrup to 7 parts of drink to flavour, then adjust to your taste. </div><div>Warning: Do not use the product beyond the expiry date.</div>","Preferably in a dry and cool place, away from a heat and light sources",Sugar,700,ml
Mathieu Teisseire Syrup Curacao / Le Blue 700ml,250000,VND,"Mathieu Teisseire Syrup is perfectly crafted to elevate the taste of any refreshing drink, coffee, tea, mocktail, cocktail, sauce or dessert,…","Sugar, glucose-fructose syrup, water, flavourings, acid: citric acid, preservative: E202, colour: E133.","Add 1 part of syrup to 7 parts of drink to flavour, then adjust to your taste. 
Warning: Do not use the product beyond the expiry date.","Store in a cool, dry place",Curacao,700,ml
Teisseire Syrup Green Mint 700ml,0,VND,"Mathieu Teisseire Syrup is perfectly crafted to elevate the taste of any refreshing drink, coffee, tea, mocktail, cocktail, sauce or dessert,…","Sugar, water, glucose-fructose syrup, natural mint flavouring, colours: E102, E133; E102: may have an adverse effect on children's ability to function and concentrate.","<div>Add 1 part of syrup to 7 parts of drink to flavour, then adjust to your taste. </div><div>Warning: The product may have an adverse effect on children's ability to function and concentrate. Do not use the product beyond the expiry date.</div>","Preferably in a dry and cool place, away from a heat and light sources",Sugar,700,ml
Teisseire Syrup Grenadine 700ml,196000,VND,"Mathieu Teisseire Syrup is perfectly crafted to elevate the taste of any refreshing drink, coffee, tea, mocktail, cocktail, sauce or dessert,…","Sugar, water, glucose-fructose syrup, red fruit juices from concentrates 2% (raspberry 1,5%, blackcurrant 0,5%), acid: citric acid, flavourings, colours: E129, E133; E129: may have an adverse effect on children's ability to function and concentrate.","Add 1 part of syrup to 7 parts of drink to flavour, then adjust to your taste. 
Warning: Do not use the product beyond the expiry date. The product may have an adverse effect on children's ability to function and concentrate.","Preferably in a dry and cool place, away from a heat and light sources",Sugar,700,ml
Teisseire Syrup Lime 700ml,250000,VND,"Mathieu Teisseire Syrup is perfectly crafted to elevate the taste of any refreshing drink, coffee, tea, mocktail, cocktail, sauce or dessert,…","Sugar, glucose-fructose syrup, water, lime juice from concentrate (11%), acid: citric acid, flavourings.","Add 1 part of syrup to 7 parts of drink to flavour, then adjust to your taste. 
Warning: Do not use the product beyond the expiry date.","Preferably in a dry and cool place, away from a heat and light sources.",Sugar,700,ml
Teisseire Syrup Passion Fruit 70cl,250000,VND,"Mathieu Teisseire Syrup is perfectly crafted to elevate the taste of any refreshing drink, coffee, tea, mocktail, cocktail, sauce or dessert,…","Sugar, fruit juices from concentrates: 38% (passionfruit 21%, lemon 17%), glucose-fructose syrup, water, flavourings, colours: E160a, E160c.","Add 1 part of syrup to 7 parts of drink to flavour, then adjust to your taste. 
Warning: Do not use the product beyond the expiry date.","Preferably in a dry and cool place, away from a heat and light sources",Sugar,,
Teisseire Syrup  Mojito 70cl,250000,VND,"Mathieu Teisseire Syrup is perfectly crafted to elevate the taste of any refreshing drink, coffee, tea, mocktail, cocktail, sauce or dessert,…","Glucose-fructose syrup, sugar, water, lime juice from concentrate (7%), acid: citric acid, flavourings, colours: E102, E133; E102: may have an adverse effect on children's ability to function and concentrate.","<div>Add 1 part of syrup to 7 parts of drink to flavour, then adjust to your taste. </div><div>Warning: The product may have an adverse effect on children's ability to function and concentrate. Do not use the product beyond the expiry date.</div>","Preferably in a dry and cool place, away from a heat and light sources",,,
Mathieu Teisseire Syrup Raspberry 70cl,250000,VND,"Mathieu Teisseire Syrup is perfectly crafted to elevate the taste of any refreshing drink, coffee, tea, mocktail, cocktail, sauce or dessert,…","Sugar, glucose-fructose syrup, fruit juices from concentrates 30% (raspberry 15%, lemon 11.5%, elderberry 3.5%), water, flavouring, preservative: E202.","<p>Add 1 part of syrup to 7 parts of drink to flavour, then adjust to your taste.</p><p>Warning: Do not use the product beyond the expiry date.<br></p>","Preferably in a dry and cool place, away from a heat and light sources",Sugar,,
Teisseire Syrup Strawberry 70cl,251000,VND,"Mathieu Teisseire Syrup is perfectly crafted to elevate the taste of any refreshing drink, coffee, tea, mocktail, cocktail, sauce or dessert,…","Sugar, glucose-fructose syrup, strawberry juice from concentrate (25%), water, acid: citric acid, flavourings, colours: E129, E133; E129: may have an adverse effect on children's ability to function and concentrate.","<div>Add 1 part of syrup to 7 parts of drink to flavour, then adjust to your taste. </div><div>Warning: The product may have an adverse effect on children's ability to function and concentrate. Do not use the product beyond the expiry date.</div>","Preferably in a dry and cool place, away from a heat and light sources",Sugar,,
Mathieu Teisseire Vanilla Syrup (700ml),250000,VND,"Mathieu Teisseire Syrup is perfectly crafted to elevate the taste of any refreshing drink, coffee, tea, mocktail, cocktail, sauce or dessert,…","Sugar, water, glucose-fructose syrup, flavourings, colour: E150a, acid: citric acid, preservative: E202.","<div>Add 1 part of syrup to 7 parts of drink to flavour, then adjust to your taste. </div><div>Warning: Do not use the product beyond the expiry date.</div>","Preferably in a dry and cool place, away from a heat and light sources",Sugar,700,ml
Teisseire Syrup Cherry 70cl,250000,VND,"Mathieu Teisseire Syrup is perfectly crafted to elevate the taste of any refreshing drink, coffee, tea, mocktail, cocktail, sauce or dessert,…","Fruit juices from concentrates: 44,5% (cherry 36,5%, lemon 7%, elderberry 1%), sugar, glucose-fructose syrup, natural flavouring.","Add 1 part of syrup to 7 parts of drink to flavour, then adjust to your taste. 
Warning: Do not use the product beyond the expiry date.","Preferably in a dry and cool place, away from a heat and light sources",,,
Mathieu Teisseire Syrup Hazelnut 70cl,250000,VND,"Mathieu Teisseire Syrup is perfectly crafted to elevate the taste of any refreshing drink, coffee, tea, mocktail, cocktail, sauce or dessert,…","Sugar, glucose-fructose syrup, water, flavoring (chestnuts), color: E150a, preservative: E202, acid: citric acid","<div>Add 1 part of syrup to 7 parts of drink to flavour, then adjust to your taste. </div><div>Warning: Do not use the product beyond the expiry date.</div>","Preferably in a dry and cool place, away from a heat and light sources",Sugar,,
Mathieu Teisseire Peach Syrup 700ml,251000,VND,"Mathieu Teisseire Syrup is perfectly crafted to elevate the taste of any refreshing drink, coffee, tea, mocktail, cocktail, sauce or dessert,…","Sugar, peach juice from concentrates (25%), water, acid: citric acid, flavourings, colours: E102, E129; E102, E129: may have an adverse effect on children's ability to function and concentrate.","Add 1 part of syrup to 7 parts of drink to flavour, then adjust to your taste<div>Warning: The product may have an adverse effect on children's ability to function and concentrate. Do not use the product beyond the expiry date.</div>","Preferably in a dry and cool place, away from a heat and light sources",Sugar,700,ml
Mathieu Teisseire Lychee Syrup (700ml),250000,VND,"Mathieu Teisseire Syrup is perfectly crafted to elevate the taste of any refreshing drink, coffee, tea, mocktail, cocktail, sauce or dessert,…","Sugar, glucose-fructose syrup, water, lychee juice from concentrate (16%), flavouring, acid: citric acid.","<div>Add 1 part of syrup to 7 parts of drink to flavour, then adjust to your taste. </div><div>Warning: Do not use the product beyond the expiry date.</div>","Preferably in a dry and cool place, away from a heat and light sources",Sugar,700,ml
Teisseire Syrup Green Apple 70cl,251000,VND,"Mathieu Teisseire Syrup is perfectly crafted to elevate the taste of any refreshing drink, coffee, tea, mocktail, cocktail, sauce or dessert,…","Sugar, fruit juices from concentrates 29% (apple 15%, lemon 14%), glucose-fructose syrup, water, acid : citric acid, flavourings, colours: E161b, E133, stabiliser: E445.","Add 1 part of syrup to 7 parts of drink to flavour, then adjust to your taste. 
Warning: Do not use the product beyond the expiry date.","Preferably in a dry and cool place, away from a heat and light sources",Sugar,,
Santa Margherita Pinot Grigio Valdadige 12.5% 750ml,0,VND,"TASTING NOTE
This dry white wine has a straw yellow color. Its clean, intense aroma and bone-dry taste (with an appealing flavor of Golden Delicious apples) make Santa Margherita’s Pinot Grigio a wine of great personality and versatility.

DESCRIPTION
Origin: Valle dell’Adige
Grapes: Pinot Grigio
Serving temperature: 10 - 12° C (50 - 54° F)
FOOD MATCHINGS
Excellent as an aperitif, and ideal with seafood salads or pasta and rice dishes based on fish and shellfish. Also perfect with white meats, boiled or grilled fish and soufflés.
Aging potential: 2-3 years",fermented grape juice,"Drink directly, not for pregnant women and children","Wine should be stored away from sunlight and fluorescent lights. The capscrew bottles can be placed vertically, while the cork bottles should be placed horizontally. Ideal storage temperature from 14-16 degrees, avoid storing wine in hot places above 24 degrees and avoid vibrations.",Valle,750,ml
Santa Margherita Merlot Veneto Orientale I.G.T. 13.4% 750ml,0,VND,"TASTING NOTE 
The wine has a bright, deep ruby red color, which is almost purple when young. Its bouquet is broad and persistent, fine and elegant, with hints of ripe cherries and plums against a background of vanilla and violets. On the palate, it is dry, well-balanced, velvety and full-bodied, with tannins that are well integrated with the wine’s appealing freshness. 
DESCRIPTION
Grapes: Merlot
Origin: Eastern area of the Province of Venice
Alcohol content: 12,50 % vol.
Serving temperature: 16 - 18° C (61 - 64° F)
Food Pairing: Good with full-flavoured dishes, such as mushroom risotto, herbed soups, pasta, and meat-filled ravioli. It is also a pleasant accompaniment to boiled and roast meats, and white meats.",fermented grape juice,"Drink directly, not for pregnant women and children","Wine should be stored away from sunlight and fluorescent lights. The capscrew bottles can be placed vertically, while the cork bottles should be placed horizontally. Ideal storage temperature from 14-16 degrees, avoid storing wine in hot places above 24 degrees and avoid vibrations.",Eastern,750,ml
Deakin Estate Artisan’s Blend Shiraz Viognier 13% (750ml),329000,VND,"TASTING NOTES
Rich black cherry, plum, hints of spice and oak
Style: Elegant, rich, fruity

INFORMATION DETAILS
Varieties: Shiraz (90%), Viognier (10%)
Region: Victoria, Australia
Wine Specifications:
Alc/Vol: 12.5% pH: 3.33
Acidity: 6.35g/l RS: 12.0g/L
Cellaring Potential: Ready to enjoy now but will develop nicely with short term cellaring (up to 4 years).
Style: Elegant, rich, fruity
Drink With: Roast beef, Peking duck, spicy noodle dishes
Winemaker: Frank Newman",fermented grape juice,"Drink directly, not for pregnant women and children","Wine should be stored away from sunlight and fluorescent lights. The capscrew bottles can be placed vertically, while the cork bottles should be placed horizontally. Ideal storage temperature from 14-16 degrees, avoid storing wine in hot places above 24 degrees and avoid vibrations.",Australia,750,ml
Fentimans Sparkling Ginger Beer Bottle (275ml),0,VND,"Fentimans Ginger Beer is made exactly how it should be.. Sharp, fiery and refreshing. Made from root ginger with a blend of botanicals and just a touch of sugar, this wonderful drink will take you back in time. Enjoy the true taste of Ginger beer once again.

Made using the time-honoured botanical brewing process, all natural ingredients are infused, skilfully blended and fermented for a full 7 days for unsurpassed quality and unrivalled flavour. ​

Botanically Brewed isn’t a trendy label we use for marketing; it’s the technique of making premium quality drinks, that has been handed from generation to generation of the Fentimans family since 1905.","Carbonated Water, Fermented Ginger Root Extract (Water, Glucose Syrup, Ginger Root, Pear Juice Concentrate, Yeast), Sugar, Glucose Syrup, Pear Juice Concentrate, Natural Flavourings (Ginger, Lemon, Capsicum), Cream of Tartar, Citric Acid, Herbal Infusions (Speedwell, Juniper, Yarrow).",Use to drink directly or mix,"Store at room temperature, in a cool, dry place.",Sugar,275,ml
"San Miguel Cerveza Blanca Beer Can ,490ml",0,VND,"San Miguel Cerveza Blanca is belgian-style wheat ale that meticulously balances yeast, malt and hops to create a harmony of spicy, smoky and fruit flavors,with a hints of citrus and mint with 5,4% ABV",Wheat,Drink directly or after chilling,"store at room temperature, in a cool, dry",San Miguel,490,ml
Itoen Mugicha Barley Tea Bottle (500ml),25000,VND,"ITOEN Mugicha barley tea is a product that gives you the cool aroma and special fat of roasted barley, along with the gentle sweetness of the grain for you to fully enjoy the pure taste.","Purified water 98.71%, roasted barley 1.2%, antioxidant Ascorbic Acid (L-) E300, acidity regulator Sodium carbonate E500",Use directly. More delicious when cold,"Store at room temperature, in a cool, dry place. Avoid direct sunlight.
Do not reheat.",,500,ml
Lavie Prestige (700ml),9000,VND,"With modern & premium design, LaVie Natural Mineral Water 700ml is an ideal drink to hydrate your body & replenish minerals during long day, fitting to your active lifestyle.",Natural mineral water,Can be used instantly.,"Keep in a cool, dry, clean place, away from direct sunlight, strong odours or chemicals",,700,ml
Muscat Ade (350ml),25000,VND,"Muscat Green Grape Ade Sparkling is made with water from Chojung-ri mineral spring in Cheongwon, Chungbuk - one of the 3 major mineral springs in the world. The drink brings a feeling of refreshment and freshness in hot weather, providing vitamins and nutrients for the body.","Purified Water 84.804%, Corn Syrup 10.298%, Refined Sugar 3.613%, Carbon dioxide (INS 290) 0.488%, Green Grape Juice [Green Grapes (Italy), 100%] 0.486%, Synthetic Flavors (green grape flavor) 0.12%, citric acid (INS 330) 0.191%, artificial yellow number 4 tatrazin (INS 102) 0.00005%, artificial brilliant blue number 1 (INS 133) 0.00001%.",Use directly after opening the package.,"Store in a cool, dry place, away from direct sunlight.",Italy,350,ml
InnerSet Konjac Jelly Peach Bag (150g),36000,VND,"Innerset low-calorie, sugar-free, cholesterol-free jelly with delicious taste extracted from peaches supports the diet process to regain a slim figure, providing collagen for youthful skin. Eat delicious snacks without fear of gaining weight","Purified water 89.1%, Erythritol (INS 968) 8.2%, blend [(Konjac powder 26%, Carrageenan 20%, Trisodium citrate 20%, Dextrin 14%, Gellan gum 10%, xanthan gum 10%)] 0.7 %, Fish collagen (Vietnam) 0.67%, synthetic flavoring (peach flavor) 0.4%, vitamin C 0.27%, Xanthan gum (INS 415) 0.2%, citric acid (INS 330) 0.2%, peach juice [Peach (Isaren), 100%] 0.1%, Trisodium citrate (INS 331) 0.05%, calcium lactate (INS 327) 0.05%, synthetic sweetener sucralose (INS 955) 0.05%, hyaluronic acid blend (Dextrin) 90%, hyaluronic acid 10%) 0.01%.",Use directly after opening the package.,"Store in a cool, dry place, away from direct sunlight.",Carrageenan,150,g
Hallabong Ade (350ml),25000,VND,"Hallabong Ade Orange Sparkling is made with water from Chojung-ri mineral spring in Cheongwon, Chungbuk - one of the 3 major mineral springs in the world. The drink brings a feeling of refreshment and freshness in hot weather, providing vitamins and nutrients for the body.","Purified water 82.4%, corn syrup 16.37%, Carbon dioxide (INS 290) 0.45%, tangerine juice (Jeju tangerine, 100%) 0.3%, citric acid (INS 330) 0.2% , Apple juice (Korea) country) 0.14%, Vitamin C 0.03%, Synthetic flavoring (mandarin hallabong 0.08%, lemon flavor 0.02%), CaroteneV 0.01%.",Use directly after opening the package.,"Store in a cool, dry place, away from direct sunlight.",Cheongwon,350,ml
Tipco Juice Mango Mix Juice (1L),66000,VND,"- The drink helps supplement Vitamins A, C, minerals, rich in fiber to help enhance vision, support the heart and metabolism of substances in the body. For office workers, fruit juice will be Magic drink to relieve stress, cool the body and keep fit.
- Mango juice with 100% fruit juice in 1 liter box, providing natural sweetness from Thai mango varieties.
- Juice is suitable as a daily nutritious drink, giving you a healthy body and vibrant skin.",Tipco 100% juice with natural ingredients,"Ready to drink, more delicious when drinking cold.","Store at room temperature, in a cool, dry place.",Mango,1,L
Tipco Cranberry Mix Juice (1L),68000,VND,"- TIPCO 100% pure cranberry juice and mixed fruit, contains a lot of vitamins, contains no harmful chemicals, no added flavoring, no - added color, no added sugar, delicious taste , nature.
High in antioxidants Helps inhibit cell degeneration And reduce the risk of heart disease
- Rich in vitamins A, C and E",Tipco 100% juice with natural ingredients,"Ready to drink, more delicious when drinking cold.","Store at room temperature, in a cool, dry place.",Lot,1,L
InnerSet Konjac Jelly Green Grape Bag (150g),36000,VND,"Innerset low-calorie, sugar-free, cholesterol-free jelly with delicious flavor extracted from green grapes supports the diet process to regain a slim body, providing collagen for youthful skin. Eat delicious snacks without fear of gaining weight","Purified water 89.1%, Erythritol (INS 968) 8.2%, blend [(Konjac powder 26%, Carrageenan 20%, Trisodium citrate 20%, Dextrin 14%, Gellan gum 10%, xanthan gum 10%)] 0.7 %, fish collagen (Vietnam) 0.67%, synthetic flavoring (green grape flavor) 0.4%, vitamin C 0.27%, Xanthan gum (INS 415) 0.2%, citric acid (INS 330) 0.2%, green grape juice [green grape (Isaren),100%] 0.1%, Trisodium citrate (INS 331) 0.05%, calcium lactate (INS 327) 0.05%, synthetic sweetener sucralose (INS 955) 0.05%, hyaluronic acid blend (Dextrin 90%, hyaluronic acid 10%) 0.01%.",Use directly after opening the package.,"Store in a cool, dry place, away from direct sunlight.",Carrageenan,150,g
UCC Milk Coffee Luxury Café Au Lait (260g),0,VND,UCC coffee is carefully selected from premium ARABICA coffee beans grown specifically in Jamaica and Hawaii to ensure that the coffee beans do not return to impurities during the process of receiving pollen and are processed using a quality controlled process. fat,"Water, milk 11.6%, sugar, whole milk powder 4%, coffee 3%, dextrin, whey minerals, emulsifier INS473, natural coffee flavor",Use directly. Can be purchased hot or cold,"Store in a cool, dry place, away from direct sunlight",Jamaica,260,g
"Aquafina Soda Sleek Can ,320ml",7000,VND,"Adorned with an eye-catching aluminum can design, complemented by meticulously simplified details, the new product from the Aquafina mineral sparkling water brand exudes a youthful, dynamic, and modern vibe. Aquafina Soda, the carbonated mineral water in 320ml cans, is ideal for concocting various cocktails and soda mixes.","CO2 saturated water, acidity regulator (500(ii))","Drink directly, it will taste better when chilled, or served with ice","Store in a cool, dry place.",Aquafina,320,ml
Maeil Picnic Apple (200ml),0,VND,"is a popular beverage in Korea, outstanding packaging, reasonable price, suitable for many customers to use. More delicious cold drink","Purified water, sugar, apple juice concentrate 1.143% (solid 70%, juice 8%, Chile), apple puree 0.66% (juice 2%, Chile), Pectin, Citric acid, skim milk powder 0.1% (Netherlands), sodium citrate, synthetic flavoring (apple flavor), blend (Tomatine, Enzymatically Modified Stevia Glucosyl Stevia, Dextrin) . Contains milk","Do not leave the product in this packaging when you want to use it to warm up in a microwave oven or other types of cabinets and heating devices.
  You need to put the juice in a special bowl or cup.
Refrigerate after opening (0-10oC), use as soon as possible
Shake well before using
Avoid strong impact on the product",normal temperature,Netherlands,200,ml
UCC Black Sugar Free Full Body Black Coffee (275g),49000,VND,"100% star roasted coffee, bringing rich, delicious flavor
Completely flavor-free, no added sugar, better for health
Black coffee has no calories, no need to worry about gaining weight when using it","Water, roasted and ground coffee 4.3%",Use directly. Can be purchased hot or cold,"Store in a cool, dry place, away from direct sunlight",,275,g
Rauch Apple Glass (200ml),0,VND,"Rauch is a premium fruit juice brand From Austria & now is one of the leading fruit juice company in Europe with more than 100 years of history.
  - Top-quality with the highest fruit content as much as possible.
  - Fresh fruit taste, less sugar & vegan certified. 
  - Supply Vitamins for your body.
  - Premium iconic glass bottle with perfect portion to enjoy.
  - Wide range of flavors from common to exotic ones.",100% Apple Juice from concentrate. - Nutritional ingredients: Energy 46 kcal; Fat < 0.5 g; Carbohydrates 11.3 g; Protein < 0.5 g; Salt < 0.01 g.,"Use directly, more delicious when used cold - Warning: Do not use the product after the expiry date",Store in a cool and dry place,Austria,200,ml
Sangaria grape soda 500ml,35000,VND,"This is a popular beverage in Japan, available in most large and small malls, as well as vending machines throughout the country. Soda Sangaria is a carbonated drink, with natural fruit scent, sweet and fragrant, refreshing, cool immediately.
- Super delicious soda with rich grape flavor, sweet melon and delicious and nutritious natural taste. All 3 flavors are cool with a little gas to increase the taste and taste.

- Soda Sangaria is made with pure ingredients that are safe for health, so it contains many nutrients to help reduce fatigue, fight aging and add large amounts of vitamins that are good for the body, with digestive enzymes to help reduce bacteria. intestinal ...

- In particular, the product is designed with a clean and modern aluminum bottle. Can be reused as a water bottle or decoration. Extremely attractive when used cold (no need to add ice will dilute the taste).","Carbonated water, glucose fructose syrup (15%), grape extract (0.001%), synthetic flavoring, acidulant regulator (acidulant).",Delicious when used cold. Processing a variety of drinks. Preserve in cool place.,"Store at room temperature, in a cool, dry place.",Japan,500,ml
"Sangaria Natural soda, 500ml bottle",35000,VND,"This is a popular beverage in Japan, available in most large and small malls, as well as vending machines throughout the country. Soda Sangaria is a carbonated drink, with natural fruit scent, sweet and fragrant, refreshing, cool immediately.
- Super delicious soda with rich grape flavor, sweet melon and delicious and nutritious natural taste. All 3 flavors are cool with a little gas to increase the taste and taste.","Carbonated water, sugar (glucose fructose syrup 8%, sugar 2%), lemon extract (0.001%), grape extract (0.001%), orange extract (0.001%), synthetic flavoring, conditioner acidulant correction.",Delicious when used cold. Processing a variety of drinks. Preserve in cool place.,"Store at room temperature, in a cool, dry place.",Japan,500,ml
Maeil Picnic Apple (200ml),0,VND,"is a popular beverage in Korea, outstanding packaging, reasonable price, suitable for many customers to use. More delicious cold drink","Purified water, sugar, concentrated green grape juice 1.294 % (solid 68%, juice 8%, Spain), Apple puree 0.71% (2% juice, Chile), Pectin, citric acid, milk 0.1% skim powder (Netherlands), sodium citrate, synthetic flavoring (grape flavor, apple flavor), blend (Tomatine, Enzymatically Modified Stevia Glucosyl Stevia, Dextrin). Contains milk.","Best in cold, shake well before use",normal temperature,Netherlands,200,ml
Sangaria 100% Mixed Juice (190ml),25000,VND,"Sangaria juice is the most famous drinking water brand in Japan, with modern production technology to ensure the nutrition and taste of the fruit, very suitable for both adults and children, the elderly. .
Main ingredients include fruit juice, flavoring and vitamin C. The juice uses modern aseptic production technology in Japan to keep the characteristic flavor of each fruit, creating a drink. Delicious and rich in healthy nutrients.

Vitamin C helps strengthen the immune system, provides fiber and a variety of anti-aging vitamins A and E for the body to stay young and full of energy.

Especially, the product is designed with clean and modern aluminum bottle. Can be reused as a water bottle or decoration. Delicious when used cold.","Juices (apple, orange, pineapple, peach, grape), flavoring, Vitamin C.",Delicious when used cold. Processing a variety of drinks. Preserve in cool place.,"Store at room temperature, in a cool, dry place.",Japan,190,ml
Sangaria Melon soda 500ml,0,VND,"This is a popular beverage in Japan, available in most large and small malls, as well as vending machines throughout the country. Soda Sangaria is a carbonated drink, with natural fruit scent, sweet and fragrant, refreshing, cool immediately.
- Super delicious soda with rich grape flavor, sweet melon and delicious and nutritious natural taste. All 3 flavors are cool with a little gas to increase the taste and taste.","Carbonated water, glucose fructose syrup (15%), cantaloupe extract (0.001%), synthetic flavoring, acidulant regulator (acidulant)",Delicious when used cold. Processing a variety of drinks. Preserve in cool place.,"Store at room temperature, in a cool, dry place.",Japan,500,ml
Marie Brizard Curaçao Bleu (700ml),0,VND,"A subtle mixture of Haitian bitter oranges and sweet orange zest, with the addition of aromatic plants to make the characteristic taste of Marie Brizard Blue Curaçao. Carefully distilled, these ingredients are simply mixed with a foo...
LOOK: 
Deep blue.
AROMA: 
Characteristic of bitter orange.
FLAVOUR: 
Not very sweet, characteristic of bitter orange, with a few flowery notes.","water, sugar, alcohol, bitter orange spirit, extracts of citrus fruits and plants, colouring: E133",neat on the rocks or in cocktails,"Store at room temperature, in a cool, dry place, avoid direct sunlight",Curacao,700,ml
Marie Brizard Peach  Liqueur  700ml,385000,VND,"We  work on an infusion of white peaches, a variety reputed for its rich aromas. This Liqueur full of flavours is to be enjoyed neat on ice or with Champagne.
LOOK: 
Clear and brown.
AROMA: 
Sweet and fruity, characteristic of peaches.
FLAVOUR: 
Fruity, sweet and slightly acidic, characteristic of peaches.","water, sugar, alcohol, peach infusion (9%), peach flavouring, colouring: caramel E150b, acidifying agent: citric acid.",neat on the rocks or in cocktails,"Store at room temperature, in a cool, dry place, avoid direct sunlight",,700,ml
Marie Brizard Crème de Cassis Blackcurrant Liqueur  700ml,0,VND,"We use wild fruit picked then macerated with superfine alcohol to create a blackberry  infusion.The Marie Brizard Liqueur Master then refines this infusion by adding blackberry juice. This exclusive recipe makes for a Blackberry Liqueur that is well balanced and full of imagination.
LOOK: 
Dark red.
AROMA: 
Characteristic of freshly gathered ripe blackberries.
FLAVOUR: 
Sweet and smooth, characteristic of ripe blackberries.","sugar, blackcurrant based on concentrate (20%), blackcurrant infusion (18%), water, alcohol",neat on the rocks or in cocktails,"Store at room temperature, in a cool, dry place, avoid direct sunlight",,700,ml
Marie Brizard Amaretto Liqueur  700ml,0,VND,"A liqueur of finesse and smoothness thanks to the subtlety of bitter almond, and roundness due to toasted aromatic notes.
LOOK: Liquid, clear and amber-coloured.
AROMA: Characteristic of the kernel with a light scent of bitter almonds.
FLAVOR: Sweet, mild, kernelly and slightly bitter, characteristic of Amaretto.","water, sugar, alcohol, natural flavouring, extract of bitter almond, colouring: caramel E150. Contains almond",neat on the rocks or in cocktails,"Store at room temperature, in a cool, dry place, avoid direct sunlight",,700,ml
Marie Brizard Triple Sec (700ml),0,VND,"A subtle combination of bitter orange skin from Haïti and sweet orange zest. The addition of aromatic plants gives the characteristic touch specific to Marie Brizard Triple Sec.The ingredients are distilled with care to produce this Liqueur that adds something special to all cocktails.
LOOK: 
Clear and colourless.
AROMA: 
Characteristic of bitter oranges.
FLAVOUR: 
Sweet, enhanced by a note of bitterness typical of bitter oranges, with a few flowery notes.","water, alcohol, sugar, bitter orange spirit, extracts citrus fruits and plants.",neat on the rocks or in cocktails,"Store at room temperature, in a cool, dry place, avoid direct sunlight",Haiti,700,ml
Vodka Fermented Sticky Rice 30% Bottle (500ml),79000,VND,"Be favorite drink of Vietnamese. Tourists, during theirs visit Vietnam, often buy Nep Moi as a gift. Mixing among special flavor of new sticky rice and pure Vodka creates a product with profound characteristics ofVietnamese cuisine culture.","Rice
Distilled alcohol",Drink or mix directly,"Store at room temperature, in a cool, dry place.",Vietnam,500,ml
Dimes Apple Strawberry Watermelon Drink (1L),0,VND,"Dimes fruit juice is imported from Turkey with fresh, quality and strictly selected fruit. Dimes selected from the most perfect fruits to promote health and nutrition.","apple juice, strawberry juice, watermelon flavour",Shake well before using. More delicious as drink cold,Refrigerate after opening and use within 2 days,Turkey,1,L
Dimes Peach Nectar Juice (1L),0,VND,"Dimes fruit juice is imported from Turkey with fresh, quality and strictly selected fruit. Dimes selected from the most perfect fruits to promote health and nutrition.","peach juice, peach flavour",Shake well before using. More delicious as drink cold,Refrigerate after opening and use within 2 days,Turkey,1,L
Mixtape Peaches And Cream Beer Bottle/Can (330ml),69000,VND,"Bursting with aromas of peaches and citrus, and layered on a creamy body, this New World IPA is bright, bold, and makes drinkers scream for more!","Water, Malt, Yeast, Hops",Best served chilled,Keep it cold at 5-8oC,,330,ml
Dimes Ice Tea Lemon Drink  (1L),0,VND,"Dimes Ice Tea is imported from Turkey with fresh, quality and strictly selected fruit. Dimes selected from the most perfect fruits to promote health and nutrition.","black tea, lemon flavour",Shake well before using. More delicious as drink cold,Refrigerate after opening and use within 2 days,Turkey,1,L
Dimes Ice Tea Peach And Apple (1L),0,VND,"Dimes Ice Tea is imported from Turkey with fresh, quality and strictly selected fruit. Dimes selected from the most perfect fruits to promote health and nutrition.","black tea, apple juice, peach juice",Shake well before using. More delicious as drink cold,Refrigerate after opening and use within 2 days,Turkey,1,L
Lipovitan Honey Energy Drink Can (245ml),10000,VND,"Lipovitan energy drink is produced with advanced technology and stringent quality checks. Containing B vitamins, Taurine, Inositol, and honey, it supports energy metabolism and helps maintain alertness and endurance throughout the day. Do not use if the can is damaged. This product is not suitable for those allergic to caffeine, people with diabetes, children, or pregnant women. Adults can consume 1-2 cans per day.","Caffein, Sugarm caramel, stevia and water, flavor enhancers, preservatives, synthetic flavors.
Vitamin B1, B2, B3, B6
Taurine, Honey","Tastes better when chilled. Keep in a shady place. Do not use if leak is detected.
Adults - Use 1-2 cans/day","Store in a cool, dry place, away from direct sunlight or high temperature.",Taurine,245,ml
Fentimans Sparkling Dandelion & Burdock Bottle (275ml),0,VND,"Fentimans Dandelion and Burdock is a classic refreshing drink. Made from dandelion leaves and burdock root, the taste is distinct, spicy with hints of caramel and pear to balance the sweetness.

Made using the time-honoured botanical brewing process, all natural ingredients are infused, skilfully blended and fermented for a full 7 days for unsurpassed quality and unrivalled flavour. 

Botanically Brewed isn’t a trendy label we use for marketing; it’s the technique of making premium quality drinks, that has been handed from generation to generation of the Fentimans family since 1905.","Carbonated Water, Fermented Ginger Root Extract (Water, Glucose Syrup, Ginger Root, Pear Juice Concentrate, Yeast), Sugar, Glucose Syrup, Pear Juice Concentrate, Caramel (E150a), Herbal Infusions (Dandelion Root, Burdock Root), Natural Flavourings",Use to drink directly or mix,"Store at room temperature, in a cool, dry place.",Sugar,275,ml
Fentimans Sparkling Mandarin & Seville Orange Bottle (275ml),0,VND,"Fentimans Mandarin & Seville Orange Jigger is a wonderful balance of juice from mandarins and the zest of a Seville Orange. A seriously juicy juice to be enjoyed chilled.

Made using the time-honoured botanical brewing process, all natural ingredients are infused, skilfully blended and fermented for a full 7 days for unsurpassed quality and unrivalled flavour. ​

Botanically Brewed isn’t a trendy label we use for marketing; it’s the technique of making premium quality drinks, that has been handed from generation to generation of the Fentimans family since 1905.","Mandarin Juice from Concentrate (58%), Carbonated Water, Fermented Ginger Root Extract (Water, Glucose Syrup, Ginger Root, Pear Juice Concentrate, Yeast), Sugar, Natural Flavourings (Orange), Herbal Infusions (Speedwell, Juniper).",Use to drink directly or mix,"Store at room temperature, in a cool, dry place.",Concentrate,275,ml
Unif Mixed V&F Juice With Green Vegetable (1L),59000,VND,"Mixed V&F Juice With Green Vegetable is made from vegetables and fruits with many nutrients, providing a lot of energy for the body.
The delicious and refreshing taste of the product is ideal for making dishes beverage for many people.
Made from fresh vegetables and fruits, providing water and essential vitamins for the body, bringing a feeling of refreshment and comfort, especially on hot days.","White grape juice 47.9%, apple juice 28.6%, orange juice
 12.7%, pineapple juice 9.1%, green vegetable juice 1.04% 
(spinach juice, juice asparagus, cabbage juice, broccoli juice),
 banana juice 0.26%, kiwi juice 0.1%, lemon juice 0.03%, cucumber juice 0.01%, preservatives Natural sweet: E960, natural food color: E141(ii), natural fruit flavor","Natural vegetable and fruit flavor, delicious, nutritious, suitable
for many people's taste.
The product does not contain colorants, does not contain chemical
compounds, does not contain cholesterol, is safe for users' health.
Production on modern technological lines, safe and hygienic.
The product is designed in a convenient box, easy to carry 
when traveling, picnic
Use direct, more delicious when drinking cold.","Preserved in dry, cool place.",Lot,1,L
Unif Mixed V&F Juice With Mixed Berry (1L),59000,VND,"Mixed V&F Juice With Mixed Berry is made from
vegetables and fruits with many nutrients, providing a lot
of energy for the body.
The delicious and refreshing taste of the product is ideal 
for making dishes beverage for many people.
Made from fresh vegetables and fruits, providing water
and essential vitamins for the body, bringing a feeling of 
refreshment and comfort, especially on hot days.","White grape juice 43%, white grape juice 22%, carrot juice 18%,orange juice 5%, forced juice 3%, resulting juice 2.29% (strawberry juice, currant juice, blackcurrant juice cherry juice), beetroot juice 2%, purple carrot juice 1%, red grape juice 1%, passion fruit juice 0.8%, lemon juice 0.6%, gojiberry powder 0.04%, natural sweetener: E960, flavor natural fruit","Natural vegetable and fruit flavor, delicious, nutritious, suitable
for many people's taste.
The product does not contain colorants, does not contain chemical
compounds, does not contain cholesterol, is safe for users' health.
Production on modern technological lines, safe and hygienic.
The product is designed in a convenient box, easy to carry 
when traveling, picnic
Use direct, more delicious when drinking cold.","Preserved in dry, cool place.",Lot,1,L
Unif Mixed V&F Juice With Green Vegetable (200ml),0,VND,"Mixed V&F Juice With Green Vegetable is made from vegetables and fruits with many nutrients, providing a lot of energy for the body.
The delicious and refreshing taste of the product is ideal for making dishes beverage for many people.
Made from fresh vegetables and fruits, providing water and essential vitamins for the body, bringing a feeling of refreshment and comfort, especially on hot days.","White grape juice 47.9%, apple juice 28.6%, orange juice
 12.7%, pineapple juice 9.1%, green vegetable juice 1.04% 
(spinach juice, juice asparagus, cabbage juice, broccoli juice),
 banana juice 0.26%, kiwi juice 0.1%, lemon juice 0.03%, cucumber juice 0.01%, preservatives Natural sweet: E960, natural food color: E141(ii), natural fruit flavor","Natural vegetable and fruit flavor, delicious, nutritious, suitable
for many people's taste.
The product does not contain colorants, does not contain chemical
compounds, does not contain cholesterol, is safe for users' health.
Production on modern technological lines, safe and hygienic.
The product is designed in a convenient box, easy to carry 
when traveling, picnic
Use direct, more delicious when drinking cold.","Preserved in dry, cool place.",Lot,200,ml
Unif Mixed V&F Juice With Beet Root (1L),59000,VND,"Mixed V&F Juice With Beet Root is made from vegetables and fruits with many nutrients, providing a lot of energy for the body.
The delicious and refreshing taste of the product is ideal for making dishes beverage for many people.
Made from fresh vegetables and fruits, providing water and essential vitamins for the body, bringing a feeling of refreshment and comfort, especially on hot days.","White grape juice 27%, apple juice 21%, carrot orange juice
15.3%, pineapple juice 15%, orange juice 13% beet juice
sugar 8%, mixed vegetable juice and fruit juice 0.576%
(purple carrot juice, strawberry juice, raspberry juice, cherry juice, blackcurrant juice), natural fruit flavor","Natural vegetable and fruit flavor, delicious, nutritious, suitable
for many people's taste.
The product does not contain colorants, does not contain chemical
compounds, does not contain cholesterol, is safe for users' health.
Production on modern technological lines, safe and hygienic.
The product is designed in a convenient box, easy to carry 
when traveling, picnic
Use direct, more delicious when drinking cold.","Preserved in dry, cool place.",Lot,1,L
Mixed V&F Juice With Mixed Berry (200ml),14000,VND,"Mixed V&F Juice With Mixed Berry is made from vegetables and fruits with many nutrients, providing a lot of energy for the body.
The delicious and refreshing taste of the product is ideal for making dishes beverage for many people.
Made from fresh vegetables and fruits, providing water and essential vitamins for the body, bringing a feeling of refreshment and comfort, especially on hot days.","White grape juice 43%, white grape juice 22%, carrot juice 18%,orange juice 5%, forced juice 3%, resulting juice 2.29% (strawberry juice, currant juice, blackcurrant juice cherry juice), beetroot juice 2%, purple carrot juice 1%, red grape juice 1%, passion fruit juice 0.8%, lemon juice 0.6%, gojiberry powder 0.04%, natural sweetener: E960, flavor natural fruit","Natural vegetable and fruit flavor, delicious, nutritious, suitable for many people's taste.
The product does not contain colorants, does not contain chemical compounds, does not contain cholesterol, is safe for users' health.
Production on modern technological lines, safe and hygienic.
The product is designed in a convenient box, easy to carry when traveling, picnic
Use direct, more delicious when drinking cold.","Preserved in dry, cool place.",Lot,200,ml
Unif Bubble Milk Tea (230 ml),0,VND,"Milk tea is a favorite drink of many people, not only for 
refreshment, dispel the hot sun but also nourish and provide energy for the body.
Bale Shake Bubble Milk Tea is made from selected ingredients,contains many nutrients such as black tea, sugar, whole milk powder, non-dairy creamer... gives you quality milk tea, provides energy for the body every day., hygienic and safe. all for health.","Black tea (from black tea powder) 91.81%, sugar 3.8%, 
whole milk powder 2.2%, vegetable fat cream 1.6%, malt 0.1%, acidity regulator: E500(ii), stabilizer (E460, E466, E407), maltodextrin, emulsifier (E472a, E471), flavor enhancer for cereal ingredients: E640, sweetener (E950, E955), flavor natural varieties.","Sweet taste, natural fragrance suitable for taste by many people, suitable for both adults and children.
The formula does not contain colorants, does not contain chemical compounds, does not contain cholesterol, safe for users' health.
Production on modern technological lines, safe and hygienic.
Product design in a convenient and safe 230ml box food hygiene
Use direct, more delicious when drinking cold.","Preserved in dry, cool place.",Bale,230,ml
Condition Body Fit (100ml),0,VND,"Condition FIT health food belongs to inno.N's famous Healthcare Solution CONDITION product line, is a pioneering weight loss enhancement product in the form of water, 100% manufactured and weight loss. Hyaluronic Acid and Fish Collagen – These are two very good ingredients in skin care, helping to moisturize and plump the skin, slowing down the skin aging process. Niacin (Vitamin B3) – Helps reduce fat, provides energy and essential nutrients for the body. FOS and GOS – Help protect the digestive system, increase the ability to absorb nutrients, protect heart health. Concentrated cantaloupe brings a sweet taste, is easy to drink, supports weight loss, strengthens the immune system, is good for diabetics, beautifies the skin. Support to enhance fat metabolism, support weight loss.","Garcinia cambogia husk extract contains 1200 mg
Hydroxycitric acid (HCA), Melon concentrate 1200 mg, Fructooligosaccharide (FOS) 700 mg, GalactoOligosaccharide (GOS) 300 mg, Malic Acid (DL) -) 100 mg, Herbal extract {Glucose, Licorice extract powder), Green tea extract powder, Ginger concentrate powder} 40 mg, Niacin (Vitamin B3) (Nicotinamide) 18 mg, chicory fiber (Chicory fiber) 10 mg, hyaluronic acid (HA) 10 mg, fish collagen 10 mg. Other ingredients: Anhydrous citric acid, crystalline Xylitol, Sucralose, stevia sugar extract, maltose syrup, xanthan gum, water, synthetic cantaloupe flavor.","• Drink 1  bottles a day. 
• Drink directly, more delicious when drinking cold.
Shake the product gently before use.","Store  in a dry place, avoid direct sunlight and high
 temperature. Keep out of the reach of children.",Garcinia cambogia,100,ml
Kronenbourg Blanc 1664 Beer 5% Can (330ml),18000,VND,A premium wheat beer with a delicate taste of citrus fruits and coriander spice. 1664 Blanc beer has subtle aromas and a beautiful haziness. Brewed with a light and french touch.,"Water, barley malt, wheat, glucose syrup, hop extract, aromatic caramel, spices: orange peel, coriander",Best in cold,"Store at room temperature, in a cool, dry place.",,330,ml
Pokka Oolong Tea (1.5L),0,VND,"According to the fresh brewing method, the product still retains the flavor of the selected premium Oolong tea leaves. A perfect choice for you to enjoy Oolong tea without complicated preparation. The product is sugar free and contains no calories. Certified by Singapore Health Protection Association.","Water (56.9%), freshly brewed Oolong tea (43%), antioxidants (INS 300)","Best in cold, shake well before use","Store in a cool, dry place away from sunlight",Singapore,1.5,L
V-Min C Gold Sparkling Drink Bottle (150ml),0,VND,"Supplement  B2, B3, B6 and Vitamin C to for the Body to increa immune systerm, carbonated to help with good digestion, against the invasion of bacteria, to make up for the lack of Vitamins in the meal.","Flavor and color characteristic, supplement necessary vitamins: B2, B3, B6
Carbonated with light sweet taste.
Glass bottles well preserved vitamin content 
No caffeine
The bottle cap is easy to open.",Shake well before drinking. Best served chilled,"Keep in cool place, avoided direct sunlight",,150,ml
V-Min C Active Shot Sparklinng Drink Bottle (150ml),0,VND,"Supplement  B2, B3, B6, D3 and Vitamin C to for the Body to increa immune systerm, sour plum, carbonated to help with good digestion, against the invasion of bacteria, to make up for the lack of Vitamins in the meal.","Flavor and color characteristic, supplement necessary vitamins: B2, B3, B6, D3
Carbonated with light sweet taste.
Glass bottles well preserved vitamin content 
No caffeine
The bottle cap is easy to open.",Shake well before drinking. Wonderful cold drinking,"Keep in cool place, avoided direct sunlight",,150,ml
V-Min Gold Sour Plum Drink Bottle (150ml),0,VND,"Supplement  B2, B3, B6 and Vitamin C to for the Body to increa immune systerm, sour plum, carbonated to help with good digestion, against the invasion of bacteria, to make up for the lack of Vitamins in the meal.","Flavor and color characteristic, supplement necessary vitamins: B2, B3, B6
Light sweet taste with salted dry plum
Glass bottles well preserved vitamin content 
No caffeine
The bottle cap is easy to open.",Shake well before drinking. Wonderful cold drinking,"Keep in cool place, avoided direct sunlight",,150,ml
Monster Monarch Energy Drink Can (500ml),102000,VND,Monster Monarch named for the humble butterfly has a light subtle flavour with hints of peach and nectarine. You could say it's delicate and not too overpowering but get ready to experience your own “Butterfly Effect” as Monarch has a full load of the legendary Monster Energy blend.,"Carbonated Water, Fruit Juices from Concentrate (15%) (Guava, Mango, White Grape, Apple, Pineapple, Apricot, Orange, Peach, Lemon, Passion Fruit), Sucrose, Glucose Syrup, Acid (Citric Acid), Taurine (0.4%), Acidity Regulators (Potassium Citrate, Sodium Citrate), Flavourings, Preservatives (Potassium Sorbate, Sodium Benzoate), Caffeine (0.03%), Vitamins (B2, B3, B6, B12), Stabilisers (Xanthan Gum, Sodium Alginate), Sweetener (Sucralose), L-Carnitine L-Tartrate (0.004%), Inositol (0.002%), Colour (Carotenes), Vegetable Oils (Coconut, Rape), Modified Starch, Sodium Chloride, Maltodextrin",Open the can by using the ringpull.,"Store in a cool, dry place.",Concentrate,500,ml
Woongjin Teazle Yuja & Green Tea 500ml,0,VND,"Coming to Teazle Lemon Woongjin Green Tea, you will enjoy a drink with a combination of the unique aroma of lemon and different teas such as Hojicha tea and Assam black tea, bringing a refreshing sour taste and refreshing taste. Fresh, sure to make you fall in love from the first try. Especially, the tea is made by hand through low-temperature filling method, so it will keep the natural flavor of the ingredients and make it fresh. for a stronger tea taste. The product is conveniently bottled, easy to carry and use","Purified water, Hoji tea blend extract 25% [Hoji tea (green tea (Korea)), assam black tea (India)], other fructose, sugar, 0.25% citron essence (Korea), antioxidants oxidized citric acid E330, synthetic flavor (citron flavour), vitamin C ascorbic acid E300, acidity regulator sodium citrate E331(i), sweetener steviol glycoside 960a.","Drink directly, more delicious when drinking cold.","Store in a cool place, avoid direct sunlight and do not freeze. After opening, keep refrigerated and use quickly.",India,500,ml
Evian PET (400ml),0,VND,"The product is environmentally friendly, made from 100% recycled plastic and is committed to leaving no CO2 in the natural environment through the production process (Carbon neutral certificate)
  Unique packaging, no plastic shrink film.
  PRODUCT INFORMATION: Evian is a premium natural water filtered over 15 years in the French Alps, with a neutral pH (7.2), with unique and natural ingredients, suitable for all people of all ages. The product is 100% exploited, bottled and imported from one single source in France and is always committed to provide consumers with the same quality throughout the world","100% natural mineral water - Nutritional ingredients: Mineral composition (mg/L): Calcium Ca++ 80, Bicarbonates HCO3- 360, Magnesium Mg++ 26, Sulphates SO4-- 14, Chlorides Cl- 10, Silica SiO2 15, Potassium K+ 1, Sodium Na+ 6,5, Nitrates NO3- 3,8, Fluorides F- 0,06. Total dissolved solids (180℃) 345 mg/L - pH 5,5",Drink directly to quench your thirst - Warning: Do not use the product after the expiry date,"Store in a cool, dry place, away from direct sunlight",France,400,ml
Evian Water Pet Bottle (1.5L),71000,VND,"SUITABLE FOR: picnics, travel, daily hydration at home, at school, work, and activities that use large amounts of water
  PRODUCT INFORMATION: Evian is a premium natural water filtered over 15 years in the French Alps, with a neutral pH (7.2), with unique and natural ingredients, suitable for all people of all ages. The product is 100% exploited, bottled and imported from one single source in France and is always committed to provide consumers with the same quality throughout the world","100% natural mineral water - Nutritional ingredients: Mineral composition (mg/L): Calcium Ca++ 80, Bicarbonates HCO3- 360, Magnesium Mg++ 26, Sulphates SO4-- 14, Chlorides Cl- 10, Silica SiO2 15, Potassium K+ 1, Sodium Na+ 6,5, Nitrates NO3- 3,8, Fluorides F- 0,06. Total dissolved solids (180℃) 345 mg/L - pH 5,5",Drink directly to quench your thirst - Warning: Do not use the product after the expiry date,"Store in a cool, dry place, away from direct sunlight",France,1.5,L
HeartDarkness All Malt Craft Lager 5% (330ml),0,VND,"Brewed in Vietnam, BiA by Heart of Darkness is a light, crisp and refreshing all malt craft lager with a twist. Pairs equally well with food and your friends’ nonsense stories.","Walter, malt, hops, yeast","Our craft beer need to be stored in cold room with temperature from 6 Celsius to 8 Celsius degrees, except for our can, normal temperature & avoid direct sunlight should be good enough.",Use directly & better when it's,Vietnam,330,ml
"Parker Organic Mango, Orange & Apple Juice (330ml)",0,VND,"Mango not only tastes fresh and summery, it is also packed with vitamins and minerals and is low in kilojoules. Mixed with apple and orange juice, this flavour delivers a juice containing vitamins A, B1, B2, B6, B9 and C.","60% organic mango juice, organic orange juice and organic apple juice.",Best to serve in chilled,"Store in a cool, dry place.",B9,330,ml
Tipco Pomegranate & Mixed Fruit Juice (1L),66000,VND,"- Tipco Pomegranate and Mixed Fruit Juice (1 Liter) is a product with safe ingredients, discreet packaging, delicious taste and rich in nutrition.
The product has carefully selected ingredients, does not contain harmful chemicals, and is safe for users. Products are manufactured on modern technological processes, are strictly censored, quality assurance and this is also a popular product in the market.
- Juice has a delicious taste of carefully selected natural ingredients, which will bring you great entertainment and enjoyment with friends or relatives.
- The juice is rich in vitamin A, vitamin C, magnesium and calcium, very nutritious to help provide nutrients to the body, improve the circulatory and digestive systems, burn fat, promote health.",Tipco 100% juice with natural ingredients,"Ready to drink, more delicious when drinking cold.","Store at room temperature, in a cool, dry place.",,1,L
Parker Organic Pineapple Juice (330ml),0,VND,"Pineapples juice is high in antioxidants, compounds that prevent damage to your cells from free radicals. Healthy cells, mean a healthy mind and body, vitality and longevity.",100% organic pienapple juice,Best to serve in chilled,"Store in a cool, dry place.",,330,ml
Folkington's Apple Juice (1L),280000,VND,"Made from blending the juice from two apple varieties: Russet apples grown in three Wealden orchards in Sussex and Kent and one orchard in Herefordshire and Jonagored apples, also grown in Herefordshire.","100% Apple juice, Vitamin C",Best served chilled,Store at dry and cool place,Herefordshire,1,L
Folkington's Cloudy Pear Juice (1L),280000,VND,"Our Cloudy Pear Juice made from a blend of Conference and Comice pears grown in orchards in Kent and the Three Counties (Gloucestershire, Worcestershire and Herefordshire). To add a bit of extra sweetness and texture, we have added pear purée from Kent grown Conference pears.","Pure Conference And Comice Pear Juice (not from Concentrate) (88%), Conference Pear Purée (12%), Citric Acid, Antioxidant: Vitamin C",Best served chilled,Store at dry and cool place,Gloucestershire,1,L
Parker Organic Orange Juice (330ml),0,VND,"Our orange juice contains 100% Australian organic oranges, squeezed at our factory each day. We reckon it’s the best orange juice you can buy. Oranges are really high in vitamin C – a 330ml bottle of our orange juice contains all your daily vitamin C requirements, not to mention the antioxidants it contains to help fight free radicals.",100% organic orange juice,Best to serve in chilled,"Store in a cool, dry place.",,330,ml
Folkington's Orange Juice (1L),0,VND,"Late-harvested Valencia Late oranges, a variety noted for its intense and sweet flavour plus a selected blend of early-harvested varieties including Navelina and Salustiana.",100% Pure Orange Juice (not from Concentrate),Best served chilled,Store at dry and cool place,Valencia,1,L
"Valfrutta 100% Berry,Beetroot,. Black Carrot(1L)",0,VND,"A good and natural mix, 100% from fruit and vegetables! Without preservatives, colorings and with only fruit and vegetable sugars. A 250 ml bottle is produced using 1 slice of beet, 1 black carrot, half strawberry, 4 blueberries, 20 currant berries, 7 grape berries, 2 raspberries and 1 apple and a half.","Apple 50% (puree, juice from concentrate and concentrated juice), juice from concentrate: black carrot 20%, beetroot 10%, grapes, black currant 4% and lemon, strawberry puree 3%, raspberry 2% and blueberry 1%","the daily intake of at least 5 portions of fruit and vegetables. 100% VEGGIE smoothie is rich in nutrients and precious vitamins, useful in the prevention of numerous diseases, fruit and vegetables are essential for a healthy and balanced diet. A glass of 100% Valfrutta Veggie Smoothie corresponds to 2 servings of fruit and vegetables.","Keep in a cool and dry place. Once opened, it should be kept in the refrigerator and consumed within 5 days.",,1,L
"Valfrutta Mango, Apple, Pumpkin & Carrot Juice (1L)",0,VND,"A mix with a round and exotic flavor, guaranteed by the best fruit and vegetables, selected and calibrated with all the know-how of Valfrutta. A 250ml bottle contains: 1 apple 1 carrot 1/2 passion fruit, 19 grapes, a wedge of mango, a wedge of pumpkin, 1 drop of lemon.","Apple 35% (puree, juice from concentrate and concentrated juice), juice from concentrate: grapes 25%, carrot 25%, passion fruit and lemon, mango puree from concentrate 6%, pumpkin puree 5%, antioxidant: ascorbic acid","the daily intake of at least 5 portions of fruit and vegetables. 100% VEGGIE smoothie is rich in nutrients and precious vitamins, useful in the prevention of numerous diseases, fruit and vegetables are essential for a healthy and balanced diet. A glass of 100% Valfrutta Veggie Smoothie corresponds to 2 servings of fruit and vegetables.","Keep in a cool and dry place. Once opened, it should be kept in the refrigerator and consumed within 5 days.",Valfrutta,1,L
Folkington's Summer Berries Juice (1L),280000,VND,"Folkingtons Best of British Berries is made with a blend of pure fruit juices of raspberries, strawberries and blackcurrants gathered from farms around Britain. Our blend includes the Pixley Noir variety, which is grown exclusively in Herefordshire.","Water, pure fruit juices (raspberry 6.5%, Strawberry 5.5%, blackcurrant 3.3%) grape & apple syrup",Best served chilled,Store at dry and cool place,Herefordshire,1,L
"Valfrutta 100% Peach,Apple,Banana (1L)",0,VND,"A mix of fruit only, tasty and genuine as a source of Vitamin C.","Fruit puree (peach 50%, banana 4%), juice from concentrate and grape concentrate, acerola juice from concentrate, vitamin C.","Ideal for all the family, for a hearty breakfast or tasty afternoon snack.","Keep in a cool and dry place. Once opened, it should be kept in the refrigerator and consumed within 5 days.",,1,L
"Valfrutta 100% Pear, Fennel, Ginger (1L)",0,VND,"A mix with an unmistakable taste, guaranteed by the best fruit and vegetables, selected and calibrated with all the know-how of Valfrutta. A carton is made with 1 fennel wedge, 3 carrots, 1 pear, 1 touch of ginger, 7 apples and 1 lime wedge.","Apple 55% (puree, juice from concentrate and concentrated juice), pear puree 14%, carrot juice from concentrate 25%, fennel puree 5%, lime juice from concentrate 1.5%, ginger extract 0.003%, antioxidant: ascorbic acid","the daily intake of at least 5 portions of fruit and vegetables. 100% VEGGIE smoothie is rich in nutrients and precious vitamins, useful in the prevention of numerous diseases, fruit and vegetables are essential for a healthy and balanced diet. A glass of 100% Valfrutta Veggie Smoothie corresponds to 2 servings of fruit and vegetables.","Keep in a cool and dry place. Once opened, it should be kept in the refrigerator and consumed within 5 days.",Valfrutta,1,L
"Valfrutta Strawberry,Apple,Currant Blueberry (1L)",0,VND,"A mix of only fruit, tasty and genuine, for an all-natural break full of fruit, essential for a healthy and correct diet.","Apple 65.5% (puree, juice from concentrate and concentrated juice), juice from concentrate: red grape 21%, black currant 5% and lemon, strawberry puree 4%, raspberry 3% and blueberry 1%.","Ideal for all the family, for a hearty breakfast or tasty afternoon snack.","Keep in a cool and dry place. Once opened, it should be kept in the refrigerator and consumed within 5 days.",,1,L
Valfrutta Vitamix Magnum Juice (1.5L),108000,VND,"Succo Valfrutta is a drink made from fruit juices rich in vitamins, delicious for breakfast and snack.","Water, Fruit juices (orange, apple, pineapple, lemon, grape, apricot, passion fruit), Sugar, Glucose-fructose syrup, Flavors, Vitamins C, E, Beta carotene.","Ideal for all the family, for a hearty breakfast or tasty afternoon snack.","Keep in a cool and dry place. Once opened, it should be kept in the refrigerator and consumed within 5 days.",Sugar,1.5,L
Valfrutta Red Orange Magnum Juice (1.5L),0,VND,"Succo Valfrutta is a drink based on orange juice, delicious for breakfast and snack.","water, blood orange juice (30%), sugar, glucose-fructose syrup, citric acid acidifier, flavorings, currant and carrot extract, color E120","Ideal for all the family, for a hearty breakfast or tasty afternoon snack.","Keep in a cool and dry place. Once opened, it should be kept in the refrigerator and consumed within 5 days.",,1.5,L
"Valfrutta ACE Orange,Carrot,Lemon (3x200ml)",50000,VND,"Orange, carrot and lemon natural juice. Thanks to large quantity of vitamin C, orange juice promotes immunity enhancing, fights against fatigue and strengthens blood vessels. Carrot juice relieves fatigue, improves appetite, restores healthy complexion. Lemon juice improves working capacity and supports mental equilibrium","Water, concentrated juice of orange (20%) and lemon (5%), sugar, carrot juice from carrot juice concentrate (5%), vitamin C, vitamin E, provitamin A, natural flavour.","Carrot juice relieves fatigue, improves appetite, restores healthy complexion. Lemon juice improves working capacity and supports mental equilibrium","Keep in a cool and dry place. Once opened, it should be kept in the refrigerator and consumed within 5 days.",Carrot,200,ml
Valfrutta Vitamix Juice (3x200ml),0,VND,Vitamix Valfrutta is a refreshing fruit cocktail with a unique flavor. A product that combines the goodness of fruit with the benefits of vitamins C and E: an antioxidant action that helps maintain the body's natural defenses and well-being.,"Fruit juices (Orange, Apple, Pineapple, Lemon, Grapes, Apricot, Maracuja), water, sugar, glucose-fructose syrup, flavors, vitamins C, E, provitamin A (beta carotene)",A product that combines the goodness of fruit with the benefits of vitamins C and E: an antioxidant action that helps maintain the body's natural defenses and well-being.,"Keep in a cool and dry place. Once opened, it should be kept in the refrigerator and consumed within 5 days.",,200,ml
"Valfrutta Organic Orange, Carrot & Lemon (200ml)",36000,VND,A combination of soft and balanced fruits and vegetables. A perfect balance between citrus tonic and carrot sweetness,"Orange organic juice (62%), carrot organic juice (37,5%), lemon organic juice concentrated (0,5%).",An original way to make your children consume vegetables,"Keep in a cool and dry place. Once opened, it should be kept in the refrigerator and consumed within 5 days.",Orange organic,200,ml
Valfrutta Organic Orange Juice (200ml),0,VND,Valfrutta Organic Orange Juice is rich in vitamins which refreshes your mind with its sweet and sour taste,Orange juice organic,It can be best enjoyed after consuming a spicy meal or directly.,"Keep in a cool and dry place. Once opened, it should be kept in the refrigerator and consumed within 5 days.",Orange juice,200,ml
C-Vitt Lemon Less Sugar (140ml),15000,VND,"C-vitt concentrated juice is a supplementary drink that provides the necessary
amount of vitamin C for the body every day. C-vitt drinking water has a vitamin C
content of 96 - 144mg, within the dose range
The amount of vitamin C recommended by experts to be supplemented daily for 
people normal. C-vitt is also produced in a low-sugar, low-calorie and low-quality 
formula Japanese quality should be very suitable for those who are on a diet.","Concentrated lemon  juice (89% water, 6% lemon  juice), sugar 4,7%, vitamin
C 0.08%, natural food color: E 120, preservative: E202, acidity regulator ( E330, 
E331 (iii)), stabilizer E415, anti-foam agent: E900a, sweetener (E950, E955), 
natural pomegranate flavor for food","""Lemon flavor is delicious, nutritious, suitable for many people's taste.
The product does not contain colorants, chemical compounds, no
Contains cholesterol, safe for users' health.
Production on modern technological lines, safe and hygienic. Product
Designed in a convenient small bottle, easy to carry when traveling, picnic.
Use it directly, it's better when it's cold.""","Preserved in dry, cool place.",,140,ml
Valfrutta Organic Peach Nectar (200ml),36000,VND,"The Valfrutta peach juice and pulp has a round and delicate taste because it is obtained only from peaches of Italian origin. A product with a harmonious taste that offers you all the freshness of nature and the genuine goodness of fruit. The peaches we grow here: Piedmont, Veneto, Emilia-Romagna, Marche, Molise, Campania, Basilicata, Puglia and Calabria","Peach puree, water, sugar, glucose-fructose syrup, acidifier citric acid, antioxidant ascorbic acid.","Ideal for all the family, for a hearty breakfast or tasty afternoon snack, in the practical one-litre format.","Keep in a cool and dry place. Once opened, it should be kept in the refrigerator and consumed within 5 days.",Emilia-Romagna,200,ml
C-Vitt Pomegranate Less Sugar (140ml),15000,VND,"C-vitt concentrated juice is a supplementary drink that provides the necessary
amount of vitamin C for the body every day. C-vitt drinking water has a vitamin C
content of 96 - 144mg, within the dose range
The amount of vitamin C recommended by experts to be supplemented daily for 
people normal. C-vitt is also produced in a low-sugar, low-calorie and low-quality 
formula Japanese quality should be very suitable for those who are on a diet.","Concentrated pomegranate juice (84% water, 13% pomegranate juice), sugar 
2.5%, vitamin C 0.08%, natural food color: E 120, preservative: E202, acidity 
regulator ( E330, E331 (iii)), stabilizer E415, anti-foam agent: E900a, sweetener
 (E950, E955), natural pomegranate flavor for food","""Pomegranate flavor is delicious, nutritious, suitable for many people's taste.
The product does not contain colorants, chemical compounds, no
Contains cholesterol, safe for users' health.
Production on modern technological lines, safe and hygienic. Product
Designed in a convenient small bottle, easy to carry when traveling, picnic.
Use it directly, it's better when it's cold.""","Preserved in dry, cool place.",,140,ml
C-Vitt Orange Less Sugar (140ml),15000,VND,"C-vitt concentrated juice is a supplementary drink that provides the necessary
amount of vitamin C for the body every day. C-vitt drinking water has a vitamin C
content of 96 - 144mg, within the dose range
The amount of vitamin C recommended by experts to be supplemented daily for 
people normal. C-vitt is also produced in a low-sugar, low-calorie and low-quality 
formula Japanese quality should be very suitable for those who are on a diet.","Concentrated orange juice (81% water, 15% orange juice), sugar 2.5%, vitamin
C 0.08%, natural food color: E 120, preservative: E202, acidity regulator ( E330, 
E331 (iii)), stabilizer E415, anti-foam agent: E900a, sweetener (E950, E955), 
natural pomegranate flavor for food","""Orange flavor is delicious, nutritious, suitable for many people's taste.
The product does not contain colorants, chemical compounds, no
Contains cholesterol, safe for users' health.
Production on modern technological lines, safe and hygienic. Product
Designed in a convenient small bottle, easy to carry when traveling, picnic.
Use it directly, it's better when it's cold.""","Preserved in dry, cool place.",,140,ml
Lakewood Organic Pure Concord Grape Juice -946ml,245000,VND,"Lakewood organic  Grape  juice with natural sweetness. Made from more than 1.4kg of 100% pure organic fresh fruit,  gluten-free; Contains no GMOs, pesticides or growth regulators; no preservatives; does not cause a reaction. Using Lakewood Concord Grape Juice every day helps supplement vitamins C, K and minerals, supporting the immune system.",Organic Concord Grape Juice,Drink directly or after chilling,"Store at room temperature,  in a cool, dry place.",,946,ml
Parker Organic Apple Juice (330ml),0,VND,"""Our apple juice is made with 100% organic apple juice. Apple juice is a great source of vitamin C and protective polyphenols. The apple juice is cloudy rather than clear, so it retains a big supply of dietary fibre too.
Apple juice is one of the most delicious juices, and the benefits of it being 88% water for hydration makes it an ideal drink. Of course hydration is important to maintain vitality and good health even when we are in peak condition. However, it can also prove to be a great medicine for those who were unwell, suffering from dehydration""",100% organic apple juice,Best to serve in chilled,"Store in a cool, dry place.",,330,ml
Marston's Shipyard American IPA Beer 5% Btl (500ml),0,VND,"IPA Ale Beer
Style: American IPA
See: Deep Gold
Smell: Vibrant, Citrus Hop
Taste: Citrus fruit with grapefruit prominent
From his family-owned brewery in the heart of Portland, Maine, famed for shipbuilding and ambitious world discovery, Fred Forsley drove the original American craft beer movement. His mission to this day; to take original American craft beer around the world making it accessible to everyone.","Water, Barley, Wheat",Best served chilled,Store at dry and cool place,Portland,500,ml
Willy's Sparkling Raspberry Kombucha & ACV Drinks (250ml),0,VND,"Grown, harvested and fermented by the small team at Willy’s, this natural energy drink is the perfect alcohol-alternative drink choice.
Gently energising and rejuvenating
Made using 5 clean ingredients
Including green tea kombucha and craft ACV","Water, Apple Juice, Raspberry Juice, Kombucha (water, black tea, green sencha tea, sugar, S.C.O.B.Y (symbiotic colony of bacteria and yeast)), Apple Cider Vinegar","Ready to drink, Never shake, Open carefully, Refrigerate after opening and consume within three days,",Store at dry and cool place,Kombucha,250,ml
Sharp's Brewery Atlantic Pale Ale 4.5% Btl (500ml),0,VND,"Atlantic is a modern pale ale brewed to feature the best attributes of our ingredients. Succulence from two types of malt, tropical and citrus fruits from new world hops.","Water, Barley, Wheat",Best served chilled,Store at dry and cool place,,500,ml
Huda Gold Beer Can (330ml),0,VND,Huda Gold is the premium sub-brand of Huda Brewed with selected Pilsen malt and Noble spicy hops with hints of Central Pomelo aroma (called Thanh Tra). A crisp light malty taste that perfectly matches Central spicy cuisine.,"Water, barley malt, rice, hops","- Perfectly enjoyed with cheeses, seafood and fruit

- best enjoyed with friends, whether to celebrate a special occasion or just to share the quality time that comes with good companions","Store at room temperature, in a cool, dry place.",Central,330,ml
Woongjin Cocomong Strawberry Juice 200ml,18000,VND,"Cocomong Strawberry Yogurt Flavored Children's Juice 200ml is a best-selling product in the bottled water market in Korea. Cocomong Strawberry Yogurt Flavor Children's Juice 200ml also helps to increase the body's physical health, brings more energy in the body, and helps the body recover quickly and supple.","Purified water, strawberry juice 1%, skimmed milk powder 0.6%, Strawberry juice concentrate 0.1077%, emulsifier dextrin E1400, antioxidant citric acid, synthetic flavoring (strawberry flavor), Soy polysaccharide, mixture compound (purified water, silicon resin, emulsifier Sodium Carboxymethylcellulose E466). Powder for culture of 10 billion milk bacteria LP-5273 (Lactobacilus pantaum 10%) 0.005%, sweetener Steviol glycoside E960a, containing milk, soybean.","Used to drink directly. After opening the bottle, it is best to use up within 48 hours. To a dry, cool place. Avoid direct sunlight","Store in a cool place, avoid direct sunlight and do not freeze. After opening, keep refrigerated and use quickly.",Woongjin,200,ml
Woongjin Woongjin Nature's Yogurt Peach Drink 1.5L,63000,VND,"Woongjin Group's Peach Beneficial Bacterial Fruit Juice is a famous super product of Korea's No. 1 fruit juice tycoon. It is a natural drink that is fresh, sour - sweet, and perfectly combined with aroma. The fruit's mildness and taste is better when refrigerated. Each bottle of peach probiotics contains Probiotics Lactobacillus (patented Lactic Acid) to help strengthen intestinal immunity and improve digestive health. Reduces the risk of stomach ulcers, flatulence, indigestion...","Purified water, sugar, skimmed milk powder (USA), peach concentrate 0.4% (US), emulsifier dextrin, antioxidant citric acid, synthetic flavor (peach flavor). Soy polysaccharides (made in Japan), mixed preparations (purified water, foaming agent, emulsifier INS 491, thickener sodium carboxyl cellulose E466), 10 billion lactobacilli EF-2001 (Enterococcus Eaecalis). 0.14%) 0.005%, natural color purple sweet potato E163 (vii), natural color LAC, fermented rutin. Contains Milk, Soy, Peach","Drink directly, more delicious when drinking cold.","Store in a cool place, avoid direct sunlight and do not freeze. After opening, keep refrigerated and use quickly.",Japan,1.5,L
Woongjin Cocomong Apple Juice 200ml,18000,VND,"Cocomong Apple Yogurt Flavored Children's Probiotic Juice 200ml is a best-selling product in the bottled water market in Korea. Cocomong Children's Probiotic Juice Apple Yogurt Flavor 200ml also helps to increase the body's physical health, brings more energy in the body, and helps the body recover quickly and supple.","Purified water, 0.6% skimmed milk powder, Apple juice concentrate 0.572%, apple juice 4%, emulsifier dextrin E1400, antioxidant citric acid, synthetic flavoring (green apple flavor), Soy polysaccharides , mixture (purified water, silicon resin, emulsifier Sodium Carboxymethylcellulose E466). Powder for culture of 10 billion milk bacteria LP-5273 (Lactobacilus pantaum 10%) 0.005%, sweetener Steviol glycoside E960a, containing milk, soybean.","Used to drink directly. After opening the bottle, it is best to use up within 48 hours. To a dry, cool place. Avoid direct sunlight","Store in a cool place, avoid direct sunlight and do not freeze. After opening, keep refrigerated and use quickly.",Korea,200,ml
Woongjin Cocomong Peach Juice 200ml,18000,VND,"Cocomong Children's Probiotic Juice Peach Yogurt Flavor 200ml is a best-selling product in the bottled water market in Korea. Cocomong Children's Probiotic Fruit Juice Peach Yogurt Flavor 200ml also helps increase the body's physical health, brings more energy in the body, and helps the body recover quickly and supple.","Purified water, sugar, peach juice concentrate 4%, peach juice 4%, skimmed milk powder 0.6%, emulsifier dextrin E1400, antioxidant citric acid E330, synthetic flavoring (peach flavor), Pea polysaccharide soy, mixture (purified water, silicon resin, emulsifier Sodium Carboxymethylcellulose E466), 10 billion milk bacteria culture powder LP-5273 (Lactobacilus pantaum10%) 0.005%, sweetener Steviol glycoside E960a, contains peach, milk, Soybean.","Used to drink directly. After opening the bottle, it is best to use up within 48 hours. To a dry, cool place. Avoid direct sunlight","Store in a cool place, avoid direct sunlight and do not freeze. After opening, keep refrigerated and use quickly.",Korea,200,ml
"Aquafina Pure Water Bottle ,5L",0,VND,"Aquafina, a brand of purified water, originates from underground water sources. It undergoes a rigorous process of filtration and purification. This process includes reverse osmosis (RO) and other filtration methods. Through these steps, impurities like chlorine, salt, and other substances that affect the taste of water are effectively removed. Each bottle of Aquafina is produced at one of our water purification centers, ensuring consistent purity and a perfect taste experience, regardless of where you purchase it","Aquafina is pure drinking water treated through reverse osmosis and Ozone systems, sterilized by ultraviolet rays.",Drink directly,"Store in a cool, dry place,avoid direct sunlight, strong odors, and chemicals.",Aquafina,5,L
Woongjin Woongjin Nature's Yogurt Apple Drink 1.5L,64000,VND,"Woongjin Group's Apple-flavored probiotic fruit juice is a famous super product of Korea's No. 1 juice tycoon. It is a natural drink that is fresh, sour - sweet, and perfectly combined with aroma. The fruit's mildness and taste are better when refrigerated. Each bottle of apple probiotic contains Probiotics Lactobacillus (patented Lactic Acid) to help strengthen intestinal immunity, improve digestive system health. Reduces the risk of stomach ulcers, flatulence, indigestion..","Purified water, sugar, skimmed milk powder (USA), apple concentrate 0.572% (Chile), emulsifier dextrin, antioxidant citric acid E330, synthetic flavor (apple flavor). Soybean polysaccharide (made in Japan), Gardenia yellow natural color, mixed preparations (turmeric natural color, Gardenia green natural color, ethyl alcohol), Mixed preparations (water, silicone agent, emulsifier) INS 491, Sodium Carbonxymethycelulose), 10 billion lactic acid bacteria EF-2001 (Enterococcus Eaecalis 0.14%) 0.005%, fermented rutin, sweetener steviol glycoside E960a. Product contains milk, soy.","Drink directly, more delicious when drinking cold.","Store in a cool place, avoid direct sunlight and do not freeze. After opening, keep refrigerated and use quickly.",Chile,1.5,L
Woongjin Teazle Peach & Oolong Tea 500ml,36000,VND,"The new product ""TEAZLE"" is a handmade tea drink that blends a variety of quality tea leaves such as oolong tea, Assam black tea through careful selection and fruit with the concept of ""tea enjoyment"". Woongjin peach flavor 500ml is a refreshing combination of sweet peach aroma with oolong and black tea to bring a rich drink to help users feel refreshed and full of energy.","Purified water, Oolong tea blend extract 25% (China), Assam black tea from India, fructose, sugar, peach concentrate extract 0.206% (Israel), citric acid antioxidant E330, flavor synthetic (peach flavor), antioxidant vitamin C ascorbic acid E300, black tea extract powder (India), acidity regulator Sodium citrate E331(i). Contains peaches.","Drink directly, more delicious when drinking cold.","Store in a cool place, avoid direct sunlight and do not freeze. After opening, keep refrigerated and use quickly.",Israel,500,ml
LEC Ginger beer 200ml,60000,VND,"A precise balance of steeped ginger root, background notes of spice and a distilled essence of hops. A wonderful combination with vodka, dark rum, bourbon, or try with añejo tequila for a twist.","Sparkling Water, Pure Fructose, Flavourings (Natural Ginger Flavouring with other Natural Flavourings, Ginger and Hop Distillates), Ginger Juice (0.3%), Acid (Citric Acid), Stabiliser (Pectin), Lemon Juice from Concentrate.","Use directly without heat treatment, taste better when it's cold. It is the perfect partner for cocktails and drink recipes.
Warning: Do not freeze the product before opening. Do not use the product beyond the expiry date.","Product must be protected against excessive exposure to light to prevent
the loss of quinine.",Concentrate,200,ml
Rauch Pineapple Glass 200ml,53000,VND,"Rauch is a premium fruit juice brand From Austria & now is one of the leading fruit juice company in Europe with more than 100 years of history.
  - Top-quality with the highest fruit content as much as possible.
  - Fresh fruit taste, less sugar & vegan certified. 
  - Supply Vitamins for your body.
  - Premium iconic glass bottle with perfect portion to enjoy.
  - Wide range of flavors from common to exotic ones.",100% Pineapple Juice from concentrate - Nutritional ingredients: Energy 54 kcal; Fat 0.1 g; Carbohydrates 12.3 g; Protein 0.4 g; Salt 0.003 g.,"Use directly, more delicious when used cold - Warning: Do not use the product after the expiry date",Store in a cool and dry place,Austria,200,ml
LEC Ginger ale 200ml,60000,VND,"With its sweetly sparkling finish, and a touch of natural caramel to achieve a pleasing, honeyed colour, this aperitif is just as delicious unmixed as when paired with a top-tier spirit.
The artfully composed layers of our Delicate Ginger Ale include a soft liquorice flavour, which is derived from distilled anise essence, to deliver a superbly rounded and adaptable taste profile.","Sparkling Water, Pure Fructose, Flavourings (Natural Ginger Flavourings, Natural Flavourings, Aniseed Distillate), Acid (Citric Acid), Natural Colour (Plain Caramel).","Use directly without heat treatment, taste better when it's cold. It is the perfect partner for cocktails and drink recipes.
Warning: Do not freeze the product before opening. Do not use the product beyond the expiry date.","Product must be protected against excessive exposure to light to prevent
the loss of quinine.",,200,ml
Rauch - Happy Day Cranberry 1L,0,VND,"Rauch is a premium fruit juice brand From Austria & now is one of the leading fruit juice company in Europe with more than 100 years of history.
  Rauch - Happy Day stands for a unique taste experience of highest quality. The wide range of product take you through a joyride of different flavors. From classics like Orange or Apple to exotic one like Pink Guava, Strawbery, Cherry, Cranberry. Rauch - Happy Day is also carries V-label & 100% vegan.","Water, 25% cranberry juice partly from concentrate, sugar, 5% apple juice from concentrate, elderberry juice concentrate, vitamin C, acid: citric acid. - Nutritional ingredients: Energy 43 kcal; Fat < 0.5 g; Carbohydrates 9.8 g; Protein < 0.5 g; Salt < 0.01 g.","Use directly, more delicious when used cold - Warning: Do not use the product after the expiry date",Store in a cool and dry place,Austria,1,L
Fiji Natural Mineral Water (330ml),29000,VND,"Fiji's distinctive taste has been established over the years. It takes a long time for tropical rains to seep through ancient volcanic rocks and absorb natural silica, the mineral that makes Fiji's signature soothing taste. The water sourced from the groundwater circuit is deep in the ground, Fiji water is not affected by humans, until the customer opens the lid.",100% natural mineral water in Fiji Island Nation,"In the island nation of Fiji, rainwater slowly penetrates volcanic rocks over hundreds of years, bringing with it the minerals necessary for life to create a unique fresh flavor for FIJI drinking water. The water source is exploited from the aerine deep in the ground, where the water is protected from the external environment. A natural drinking water formation process is expected",A cool place away from the sun.,Fiji,330,ml
Hoegaarden Peach Beer Can (500ml),38000,VND,"Brewed with unique & finest ingredients: 1st wheat beer with real juice/ peach juice.
Taste that everyone loves: refreshing with crispy, mellow taste of peach; very low bitterness.","Water, malt, wheat, sugar, mixed fruit juice concentrate (peach juice, carrot juice), acidity regulator (citric acid 330), houblon flower, coriander seed, orange peel, artificial sweetener (acesulfam potassium 950)",Best in cold,"Store at room temperature, in a cool, dry place.",,500,ml
Budweiser Beer 5% Sleek Can (330ml),20000,VND,"Budweiser is a medium-bodied, flavorful, crisp lager. Brewed with the best barley malt and a blend of premium hop varieties.","Water, malt, rice, hops",Best in cold,"Store at room temperature, in a cool, dry place.",,330,ml
Budweiser Budvar Dark Beer Can (500ml),0,VND,"Budweiser is a medium-bodied, flavorful, crisp lager. Brewed with the best barley malt and a blend of premium hop varieties.","Water, malt, rice, hops",Best in cold,"Store at room temperature, in a cool, dry place, avoid direct light.",,500,ml
Tiger Beer Festive Can 5% (330ml),0,VND,"The product, also known as Silver Tiger beer, is produced by the Cold Suspension process that cools down to -1 degrees. 24 cans of Tiger Crystal beer 330ml with specially refined hops, keeping the perfect taste of beer. Commitment to genuine beer, quality and safety","Water, barley, hops","Drink directly in the can or pour into a glass, better when served cold, best at 10°C – 15°C.","Store in a cool, dry place, away from sunlight.",,330,ml
Pelforth Beer Brown 6.5% Bottle (250ml),0,VND,"The brown Pelforth beer emits smells of burnt caramel and roasted malt. On the palate, it reveals a slight bitterness covered by the taste of caramel and the strong malting, which gives a lot of body to this sweet beer.","Water, barley malt, aromatic caramel, hop extracts",SERVE AS FRESH. Complementary between beer and salted foods,"Store in a cool, dry place.",Lot,250,ml
Perrier & Juice Lemon & Guava 25cl Slimcan,0,VND,"Perrier & Juice - Peach & Cherry - is a tasty mix of fruit juices. Made up on average of 80% Perrier's carbonated mineral water, 15% of fruit juice, a dash of natural flavors, sugar and of course a splash of extraordinaire, Perrier & Juice offers a healthy alternative to carbonated soft drinks.","carbonated mineral water 80%, fruit juice 15% (apple 6%, lemon 5%,guava 4%), other flavor- Nutritional ingredients: Per 100ml
  Energy 56kJ/13kcal
  Fat 0g
  Of whitch Saturates 0g
  Carbonhydrate 2.8g
  Of which Sugars 2.8g
  Fibre 0g
  Protein 0g
  Sodium 0g",Use directly- Warning: Do not use after expiration date,Store in a cool and dry place,,,
Mathieu Teisseire Syrup Hibiscus 70cl,250000,VND,"The showy, trumpet-shaped flowers of the hibiscus come in a huge range of colours, including white, yellow, orange, pink, red and purple.
Mathieu Teisseire Syrup is perfectly crafted to elevate the taste of any refreshing drink, coffee, tea, mocktail, cocktail, sauce or dessert,…","Glucose-fructose syrup, water, natural hibiscus flavouring, natural flavourings, acid: citric acid, hibiscus extract, preservative: E202.","Add 1 part of syrup to 7 parts of drink to flavour, then adjust to your taste<div>Warning: Do not use the product beyond the expiry date.</div>","Preferably in a dry and cool place, away from a heat and light sources",,,
SAPPORO PREMIUM BEER 5% 500ml,30000,VND,"NEW Sapporo Premium Beer 500ml – more capacity, more enjoyment choices for you. The appearance of the new can is luxurious, with the highlight being a fresh beer glass printed on the can and the smooth taste that meets all 3 Enjoyment Standards of premium beer. This promises to be a great companion for every moment of your enjoyment.","Water, Malt, Cereals, Hops.","More delicious when cold drink
Under 18 years of age must not use alcohol
Do not drive while using alcohol","Store in a cool, dry place away from sunlight",,500,ml
Choya Jyuku Rich Umeshu  10% (720ml),800000,VND,"100%NATURAL without artificial ingredients,
 No flavorings, No acidulants, No colorings.
 It was follow a traditional method of 
production  – a home-made style umeshu.
Made with Japanese ume, sugar, cane spirit, brandy 
It was use only extra ripen fruit to create this special umeshu. Then we carefully and patiently age it to achieve a very intense and rich taste. The addition of French brandy to this blend results in even extra mellowness.
Original Choya with the traditional home makes style. This all natural and non-preservative drink is refreshing with well balanced of sweetness and acidity. Best to serve on the rock. 
Aging: at least 1 year
Alcohol: 10% alc./vol","Japanese ume, sugar, cane spirit, brandy","Rich taste of ripen fruit.
 Notes of brandy are very mellow.  
To be enjoy chilled, on-the-rocks, mixed with soda or hot water. 
When you are tired, you want to relax,     you want to enjoy with friends
 Before  as an aperitif,    sleeping.
After as a digestive,  with dessert.
Umeshu is a liqueur designed to be enjoyed casually, and it can be drunk in a variety of ways: 
Simply chill and pour into a cold glass. Enjoy the pure taste of Umeshu made from 100% Japanese ume.
 Just pour over ice. A very popular way to drink Umeshu.
Mix Umeshu with hot water to warm yourself up in winter.
Mix the CHOYA and soda, gin, lime juice.... into a cocktail shaker, and fill with ice cubes Shake well then strain into a martini glass.","Indulge yourself in this special Umeshu infused with the best Japanese green tea from the Uji region in Kyoto. Using our special coldly-brewed-for-aroma method to bring out the best of the Uji tea, enjoy the elegant taste and the relaxing aroma of this unique drink. Serve it cold on-the-rocks or warm it up, excellent to pair with food.",720ml,720,ml
Choya Kokuto Umeshu 15% (720ml),800000,VND,"100%NATURAL without artificial ingredients,
 No flavorings, No acidulants, No colorings.
 It was follow a traditional method of 
production  – a home-made style umeshu.
Made with  dark rum, ume fruit, black sugar, cane spirit . Created especially for dark rum lovers who want to appreciate both the mellow taste of the dark rum and the goodness of the traditional Japanese Umeshu, a liqueur made from ume fruit. 
Original Choya with the traditional home makes style. This all natural and non-preservative drink is refreshing with well balanced of sweetness and acidity. Best to serve on the rock. 
Aging: at least 1 year
Alcohol: 15% alc./vol","dark rum, ume fruit, black sugar, cane spirit","When you are tired, you want to relax,     you want to enjoy with friends
 Before  as an aperitif,    sleeping.
After as a digestive,  with dessert.
Umeshu is a liqueur designed to be enjoyed casually, and it can be drunk in a variety of ways: 
Simply chill and pour into a cold glass. Enjoy the pure taste of Umeshu made from 100% Japanese ume.
 Just pour over ice. A very popular way to drink Umeshu.
Mix Umeshu with hot water to warm yourself up in winter.
Mix the CHOYA and soda, gin, lime juice.... into a cocktail shaker, and fill with ice cubes Shake well then strain into a martini glass.","Indulge yourself in this special Umeshu infused with the best Japanese green tea from the Uji region in Kyoto. Using our special coldly-brewed-for-aroma method to bring out the best of the Uji tea, enjoy the elegant taste and the relaxing aroma of this unique drink. Serve it cold on-the-rocks or warm it up, excellent to pair with food.",720ml,720,ml
Dalat Berries Hard Apple Cider 4.6% Bottle (330ml),34000,VND,"Da Lat is famous for its plentiful fields of berries and we've crafted this cider using all natural mulberries, raspberries, and strawberries for a burst of berry
flavors and aroma.","100% Natural, No artificial chemicals, coloring or flavors.",Pairing with: BBQ & seafood,"Store at room temperature, in a cool, dry place.",,330,ml
Dalat Hard Apple Cider 4.6% Bottle (330ml),34000,VND,"A smooth, delicate and refreshing hard apple cider for any occasion. This pure cider does not use artificial chemicals, coloring or flavors.","100% Natural, No artificial chemicals, coloring or flavors.",Pairing with: BBQ & seafood,"Store at room temperature, in a cool, dry place.",,330,ml
Choya Uji Green tea Umeshu 7.5% (720ml),650000,VND,"100%NATURAL without artificial ingredients,
 No flavorings, No acidulants, No colorings.
 It was follow a traditional method of 
production  – a home-made style umeshu.
Made with  ume fruit, sugar, cane spirit, uji tea (Kyoto), Vitamin C 
Original Choya with the traditional home makes style. This all natural and non-preservative drink is refreshing with well balanced of sweetness and acidity. Best to serve on the rock. 
Aging: at least 1 year
Alcohol: 15% alc./vol","Ume fruit, sugar, cane spirit, uji tea (Kyoto), Vitamin C
 Infusion of Umeshu with the best Japanese tea  
Premium tea leaves from Uji region in Kyoto 
 Japanese style label","Indulge yourself in this special Umeshu infused with the best Japanese green tea from the Uji region in Kyoto. Using our special coldly-brewed-for-aroma method to bring out the best of the Uji tea, enjoy the elegant taste and the relaxing aroma of this unique drink. Serve it cold on-the-rocks or warm it up, excellent to pair with food.","Indulge yourself in this special Umeshu infused with the best Japanese green tea from the Uji region in Kyoto. Using our special coldly-brewed-for-aroma method to bring out the best of the Uji tea, enjoy the elegant taste and the relaxing aroma of this unique drink. Serve it cold on-the-rocks or warm it up, excellent to pair with food.",Kyoto,720,ml
Pocari Sweat Ion Supply Drink Can(330ml),13000,VND,"POCARI SWEAT is a healthy drink by replenishing water and ion which body consumes every day. With the correct water and ion content, POCARI SWEAT provides quick and exactly what the body needs. When it comes to rehydration, POCARI SWEAT helps quenche the thirsty, which is the right choice for health.","Water, sugar, flavorings, citric acid, sodium citrate, sodium chloride, potassium chloride, DL-macid acid, calcium lactate, glucono-delta-lactone, magnesium carbonate, vitamin C","Better when drink in chilled condition
Drink promptly after opening","Refrigerate after opening
Storage at a dry, cool place, avoid direct sun
Caution: Freezing may damage this container causing contents to leak",Delta,330,ml
Zevia Sweetened Black Tea Organic (355ml),0,VND,"Zevia Organic Black Tea Raspberry combines fragrant Fair Trade Certified black tea leaves with a delicious hit of fresh raspberries. We sweeten our teas with organic stevia leaf instead of sugar, so they're always zero calorie, sugar free, and the healthier choice. Created with clean ingredients and absolutely nothing artificial, Zevia Organic Teas are a boldly better choice.","Organic Brewed Black Tea (Purified Water, Fair Trade Organic Black Tea),Organic Stevia Leaf Extract,Organic Natural Flavors,Citric Acid",Add more flavor into your tea time without the sugar or calories!,"store in a cool, dry place, away from sunlight.",,355,ml
Dalat Pineapple Hard Apple Cider 4.6% Bottle (330ml),34000,VND,"Utilizing the bounty of Vietnam fruits, we have proudly made a cider with beautifully ripe Vietnamese pineapples for an unforgettably addictive addition to our cider family.","100% Natural, No artificial chemicals, coloring or flavors.",Pairing with: BBQ & seafood,"Store at room temperature, in a cool, dry place.",Vietnam,330,ml
Zevia Hibicus Passion Tea Organic (355ml),142000,VND,"Sweet dreams are made of tea, so we created a tea that anyone could enjoy, anytime, from morning to night. That's where our Zevia Caffeine Free Organic Hibiscus Tea Passionfruit comes in. A tea that hits all the right notes of fruity and refreshing, our Hibiscus Tea is brewed with Fair Trade Certified organic tea leaves and sweetened with pure stevia leaf extract. Transport yourself with just one sip!","Organic Brewed Hibiscus Herbal Tea (purified Water, Organic Hibiscus Herbal Tea), Organic Natural Flavors, Organic Stevia Leaf Extract.","enjoy, anytime, from morning to night.","store in a cool, dry place, away from sunlight.",,355,ml
Zevia Sweetened Green Tea Organic (355ml),142000,VND,"Whether it's first thing in the morning, with your lunch, or before your workout, Zevia Organic Green Tea is a gentle pick-me-up for any time of day. Crisp and clean tasting, our Zevia Organic Green Tea is brewed to perfection with Fair Trade Certified green tea leaves. Sweetened with organic stevia leaf extract, there's never any sugar or artificial ingredients in Zevia Organic Tea.","Organic Brewed Green Tea (Purified Water, Organic Green Tea), Citric Acid, Organic Natural Flavors, Organic Stevia Leaf Extract","Whether it's first thing in the morning, with your lunch, or before your workout, Zevia Organic Green Tea is a gentle pick-me-up for any time of day.","store in a cool, dry place, away from sunlight.",,355,ml
Zevia Earl Grey Blood Orange Tea Org (355ml),142000,VND,"Zevia Organic Earl Grey Tea Blood Orange is the spiciest member of our Organic Tea family. Our Fair Trade Certified Earl Grey tea leaves, flavored with bergamot oil, are steeped to perfection with blood orange extract. Zevia Organic Earl Grey Tea Blood Orange is a flavor you'll be sure to remember, then reach for again. Zevia Organic Teas are the perfect complement to tea time, no matter what time that may be.","Organic Brewed Black Tea (purified Water, Organic Black Tea), Organic Natural Flavors, Citric Acid, Organic Stevia Leaf Extract.","Zevia Organic Teas are the perfect complement to tea time, no matter what time that may be.","store in a cool, dry place, away from sunlight.",Zevia,355,ml
Zevia Lemon Black Tea No Sugar Org (355ml),0,VND,"Simple, elegant, and fresh, tea + lemon is a totally classic combination. But even a classic can be improved upon. Our Zevia Organic Black Tea Lemon takes that classic to the next level. Brewed with Fair Trade Certified organic tea leaves and sweetened with organic stevia leaf extract, our calorie-free Zevia Organic Black Tea Lemon will perk you up and sweeten your day without a drop of sugar.","Organic Brewed Hibiscus Black Tea (Purified Water, Organic Black Tea), Organic Natural Flavors, Citric Acid, Organic Stevia Leaf Extract.",Enjoy this tea anytime of the day.,"store in a cool, dry place, away from sunlight.",Zevia,355,ml
Zevia Zero Cola (355ml),0,VND,"We knew we could make something better, so we did. The healthier alternative to conventional sodas and diet sodas, Zevia contains no artificial ingredients without sacrificing flavor. Sweetened with plant-derived stevia leaf extract and available in 14 delicious flavors, we're the naturally sweetened pop you and your family will crave. Always zero calories, zero sugar and no artificial sweeteners!","Carbonated water, stevia leaf extract, tartaric acid, natural flavours, caffeine, citric acid.",Grab a can to wake up your taste buds with this zero calorie & caffeine free diet cola.,"store in a cool, dry place, away from sunlight.",Zevia,355,ml
Zevia Zero Soda Lemon Lime Twist (355ml),0,VND,"Zevia Lemon Lime Twist is the epitome of refreshment, with a playful flavor that will satisfy all your citrusy needs. We’ve replicated a classic lemon lime flavor that you already love, re-creating it in true Zevia fashion as a better-for-you soda with a refreshing taste.","Carbonated water, stevia leaf extract, natural flavours, citric acid.","The healthier alternative to conventional sodas and diet sodas,","store in a cool, dry place, away from sunlight.",Zevia,355,ml
Zevia Zero Soda Orange (355ml),107000,VND,"Our Zevia Orange soda is clear in color and orange on flavor, which makes it perfect for everyone. Zevia’s Orange soda is like biting into your favorite piece of citrus. It’s the only naturally sweetened orange soda you should have. Kick those diet orange sodas to the curb and go with Zevia Orange - zero artificial sweeteners, zero sugar, zero calories, and zero artificial colors. It might just replace your morning drink.","Carbonated water, stevia leaf extract, natural flavours, citric acid.","Kick those diet orange sodas to the curb and go with Zevia Orange - zero artificial sweeteners, zero sugar, zero calories, and zero artificial colors. It might just replace your morning drink.","store in a cool, dry place, away from sunlight.",Zevia,355,ml
Zevia Zero Soda Ginger Ale (355ml),0,VND,"Zevia Ginger Ale is a sophisticated soda that has a little bite. Brilliantly refreshing in every sip, Zevia Ginger Ale will illuminate your taste buds with its pure ingredients. With a sweet blend of real ginger and citrus oils, this has a delicious taste with zero calories and no sugar.","Carbonated Water, Stevia Leaf Extract, Natural Flavors, Citric Acid.","enjoy this calorie-free, naturally flavored, effervescent soda.","store in a cool, dry place, away from sunlight.",Zevia,355,ml
Zevia Zero Soda Black Cherry (355ml),107000,VND,"Whether you're craving a burst of sweetness, a bubbly treat or a guilt-free drink for movie night, enjoy this calorie-free, naturally flavored, effervescent soda. Zevia's Black Cherry soda has the taste of juicy, ripe black cherries. This is caffeine-free soda that's full of flavor.","Carbonated water, Citric acid, Stevia leaf extract, Natural flavors","enjoy this calorie-free, naturally flavored, effervescent soda.","store in a cool, dry place, away from sunlight.",Zevia,355,ml
Zevia Zero Soda Dr Zevia (355ml),0,VND,"When you get a craving, indulge in the bold and unique taste of Dr. Zevia. It’s got a bit of spice, a dash of citrus, and a delicious, cherry fruity finish - overflowing with a variety of flavors that will quench just about any thirst.","Carbonated water, stevia leaf extract, tartaric acid, natural flavours, caffeine, citric acid.",Grab a can to wake up your taste buds with this zero calorie & caffeine free diet cola.,"store in a cool, dry place, away from sunlight.",,355,ml
Zevia Zero Soda Montain (355ml),0,VND,"Considered the rebel of the Zevia line, the bold citrus flavor in Mountain Zevia awakens your taste buds and breaks the mold. Our Mountain Zevia is naturally sweetened and packed with a citrus punch. It's a caffeinated pop of energy, done the better-for-you way. With zero artificial colors or sweeteners, Mountain Zevia will perk you up without letting you down or sacrificing any of the flavor that you crave. So if Mountain Zevia is a rebel, well, rebelling never tasted so good.","Carbonated water, stevia leaf extract, natural flavours, caffeine, citric acid.",Grab a can to wake up your taste buds with this zero calorie & caffeine free diet cola.,"store in a cool, dry place, away from sunlight.",Zevia,355,ml
Zevia Zero Soda Grapefruit Citrus (355ml),0,VND,"Some say Zevia Grapefruit Citrus is the most refreshing of all the Zevia flavors. All would say that the perfectly balanced ruby red grapefruit taste with a punch of lemon and lime will create a sparkly sensation in your mouth. So much better than those diet grapefruit sodas on the market, Zevia Grapefruit Citrus is naturally sweetened with stevia-leaf extract and flavored with clean ingredients you'd find in a regular kitchen.","Carbonated Water, Stevia Leaf Extract, Natural Flavors, Citric Acid.","You may give Grapefruit Citrus a try because of its colorful exterior and refreshing name, but it’s the feeling you get when drinking it that will have you coming back for more.","store in a cool, dry place, away from sunlight.",Zevia,355,ml
Zevia Zero Cream Soda (355ml),107000,VND,"Zevia Cream Soda is practically a dessert because of it's incredibly deep aroma and luscious taste. With hints of vanilla and butter, the flavor in Zevia Cream Soda can satisfy even the greatest sweet tooth. And since it's zero-calorie and sugar-free, you can make happy taste buds without upsetting the rest of your body.","Carbonated Water, Natural Flavors, Stevia Leaf Extract, Citric Acid.","the flavor in our Zevia Cream Soda can satisfy even the greatest sweet tooth, the natural way.","store in a cool, dry place, away from sunlight.",Zevia,355,ml
Zevia Zero Soda Strawberry (355ml),0,VND,"Zevia Strawberry soda is what we might call the perfect summer treat. Only it doesn't have to be summer and it definitely doesn't have to be a treat. Looking for an alternative to diet strawberry soda that doesn't have any harmful ingredients? Zevia Strawberry is the sweet, tangy, tart, and refreshing soda that’s perfect when you are looking for a little bold berry taste without the calories or artificial coloring. The clear color makes this berry soft drink a perfect beverage for kids, and the kids in all of us.","Carbonated Water, Natural Flavors, Stevia Leaf Extract, Citric Acid.","Enjoy great tasting Orange, Black Cherry, Grape and Strawberry.","store in a cool, dry place, away from sunlight.",,355,ml
Zevia Zero Soda Cherry (355ml),107000,VND,"Zevia Cherry Cola is the combination of delicious Bing cherry flavor and the popular cola, which has light citrusy notes. Nothing like those other diet colas, this is complex in flavor, easy to drink and sweetened with only stevia.","Carbonated water, Citric acid, Stevia leaf extract, Natural flavors","The healthier alternative to conventional sodas and diet sodas,","store in a cool, dry place, away from sunlight.",,355,ml
Waterloo Spakling Water Black Cherry (355ml),60000,VND,"Pure Essence of Muddy Fresh Cherries: Its rich, crisp flavor illuminates the taste buds with the perfect balance of sweet and tart; fast finish that does not persist. It is a great natural flavor replacement for sodas, teas, juices, even diet drinks.","Vapor-distilled Carbonated Water, Black cherry Flavors","It is a great natural flavor replacement for sodas, teas, juices, even diet drinks.","store in a cool, dry place, away from sunlight.",,355,ml
Waterloo Spakling Water Lime (355ml),60000,VND,"Full but light mouthfeel, with plenty of complex lime flavors at play; short but prevalent citrus and creamy finish.","Vapor-distilled Carbonated Water, Lime Flavors","It is a great natural flavor replacement for sodas, teas, juices, even diet drinks.","store in a cool, dry place, away from sunlight.",,355,ml
Waterloo Spakling Water Grape (355ml),60000,VND,"A subtle tart grape flavor, balanced with a crisp bubble finish. Everything you loved about grape soda without the guilt.","Purified Carbonated Water, Grapes Flavors","It's a great naturally flavored replacement for sodas, teas, juices, even diet drinks.","store in a cool, dry place, away from sunlight.",,355,ml
Waterloo Spakling Water Watermelon (355ml),60000,VND,"Sweet and summery aromatic: a balanced heart of watermelon flavor with a hint of lime in the background; real fruit finish that creates a very sessionable product. It's a great naturally flavored replacement for sodas, teas, juices, even diet drinks.","Purified Carbonated Water, watermelon flavor","It's a great naturally flavored replacement for sodas, teas, juices, even diet drinks.","store in a cool, dry place, away from sunlight.",,355,ml
Waterloo Spakling Water Strawberry (355ml),60000,VND,"Like a fresh bowl of strawberry: Flavor forward hit of fragrant strawberry with a sweet finish that keeps you coming back for more. It's a great naturally flavored replacement for sodas, teas, juices, even diet drinks.","Purified Carbonated Water, Strawberry flavors","It's a great naturally flavored replacement for sodas, teas, juices, even diet drinks.","store in a cool, dry place, away from sunlight.",,355,ml
Mr Fitzpatrick's No Added Sugar Dandelion & Burdock Cordial (500ml),0,VND,"We are Cocker Hoop about our No Added Sugar Dandelion & Burdock. The same great taste but with fewer calories! 
Dandelion & Burdock a timeless authentic classic drink with a rich mellow creamy finish made from a blend of lightly fermented roots.","Water, Stabiliser, Colour: (Caramel E150(d)), Stabiliser: (Glycerine), Dandelion Burdock flavour (0.4%), Preservatives: (Malic Acid, Potassium Sorbate), Sweeteners: (Sucralose (E955) and Acesulfame-K), Antioxidant: (Ascorbic Acid (Vitamin C)","Add still or sparkling water, use in your Sodastream or use as a mixer or cocktail base.",Store at dry and cool place,,500,ml
Vodka Ice Kube Original 40% (750ml),0,VND,"Made from ingredients such as potatoes, rye barley, sticky rice, regular rice or grains...combined together in harmonious proportions to create the special properties of wine.",Vodka,Drink directly or after chilling,"Store at room temperature, in a cool, dry place.",,750,ml
The Choya Golden Ume Fruit 15%  (650ml),628000,VND,"100%NATURAL without artificial ingredients,
 No flavorings, No acidulants, No colorings.
 It was follow a traditional method of 
production  – a home-made style umeshu.
Made with   Japanese  ume, sugar, cane spirit
It was use 100% Nanko umeshu - . The number 1 ume inJapan
Original Choya with the traditional home makes style. This all natural and non-preservative drink is refreshing with well balanced of sweetness and acidity. Best to serve on the rock. 
Aging: at least 1 year
Alcohol: 10% alc./vol","Japanese  ume, sugar, cane spirit","When you are tired, you want to relax,     you want to enjoy with friends
 Before  as an aperitif,    sleeping.
After as a digestive,  with dessert.
Umeshu is a liqueur designed to be enjoyed casually, and it can be drunk in a variety of ways: 
Simply chill and pour into a cold glass. Enjoy the pure taste of Umeshu made from 100% Japanese ume.
 Just pour over ice. A very popular way to drink Umeshu.
Mix Umeshu with hot water to warm yourself up in winter.
Mix the CHOYA and soda, gin, lime juice.... into a cocktail shaker, and fill with ice cubes Shake well then strain into a martini glass.","Indulge yourself in this special Umeshu infused with the best Japanese green tea from the Uji region in Kyoto. Using our special coldly-brewed-for-aroma method to bring out the best of the Uji tea, enjoy the elegant taste and the relaxing aroma of this unique drink. Serve it cold on-the-rocks or warm it up, excellent to pair with food.",,650,ml
Choya Single Year 15% (720ml),700000,VND,"100%NATURAL without artificial ingredients,
 No flavorings, No acidulants, No colorings.
 It was follow a traditional method of 
production  – a home-made style umeshu.
Made with Japanese  ume, sugar, cane spirit
It was use 100% Nanko ume - . The number 1 ume in Japan
Original Choya with the traditional home makes style. This all natural and non-preservative drink is refreshing with well balanced of sweetness and acidity. Best to serve on the rock. 
Aging: at least 1 year
Alcohol: 10% alc./vol","Japanese  ume, sugar, cane spirit","When you are tired, you want to relax,     you want to enjoy with friends
 Before  as an aperitif,    sleeping.
After as a digestive,  with dessert.
Umeshu is a liqueur designed to be enjoyed casually, and it can be drunk in a variety of ways: 
Simply chill and pour into a cold glass. Enjoy the pure taste of Umeshu made from 100% Japanese ume.
 Just pour over ice. A very popular way to drink Umeshu.
Mix Umeshu with hot water to warm yourself up in winter.
Mix the CHOYA and soda, gin, lime juice.... into a cocktail shaker, and fill with ice cubes Shake well then strain into a martini glass.","Indulge yourself in this special Umeshu infused with the best Japanese green tea from the Uji region in Kyoto. Using our special coldly-brewed-for-aroma method to bring out the best of the Uji tea, enjoy the elegant taste and the relaxing aroma of this unique drink. Serve it cold on-the-rocks or warm it up, excellent to pair with food.",Japan,720,ml
Chita whisky 43% (700ml),1590000,VND,"COLOUR: Bright gold

NOSE: Crème brûlée, cardamom, acacia honey, blossoming rose

PALATE: Mild and smooth, hint of mint, deep honey

FINISH: Clean and clear, spiced oak with subtle bittersweet notes","Distilled and fermented from water, malt, barley, and grains",Drink directly or after chilling or with ice,"Store at room temperature, in a cool, dry place.",,700,ml
Sake Nishi no Seki Hana + Nigori 15%  (2x720ml),1030000,VND,Sake Nishi no Seki Hana + Nigori 15%,"Rice, Rice-koji, Alcohol, High Fructose Corn Syrup Alc.15% vol",Drink directly or after chilling,"Store at room temperature, in a cool, dry place.",,720,ml
Hitejinro Jinro Strawberry Soju 13% (360ml),65000,VND,"With the combination of rice wine and natural strawberry flavor, it brings a pleasant and easy-to-drink feeling to the drinker. Glutinous rice is fermented with a gentle passionate flavor, accompanied by a little sweet and sour taste of strawberry. It all blends into a refreshing, refreshing drink.",,,,,360,ml
Vermont Organic Apple Cider Vinegar (946ml),304000,VND,"Vermont Village produce organic & raw apple cider vinegar with the ""mother"" that is unfiltered and unpasteurized. The ""mother"" is the culture of beneficial bacteria that all vinegar comes from. This living organism produces acetic acid which gives vinegar its characteristic sourness.","Raw, organic apple cider vinegar with purified water (diluted to 5% acidity).",People have used it for centuries in cooking and as a traditional remedy for different ailments.,"store in a cool, dry place, away from sunlight.",Vermont,946,ml
Gerard Bertrand Pollinat Chardonnay (750ml),0,VND,"A fresh and eco-conscious Chardonnay with floral aromas, crisp apple and citrus notes, and a clean finish. Abv: 13%",fermented grape juice,"Drink directly, not for pregnant women and children","Wine should be stored away from sunlight and fluorescent lights. The capscrew bottles can be placed vertically, while the cork bottles should be placed horizontally. Ideal storage temperature from 14-16 degrees, avoid storing wine in hot places above 24 degrees and avoid vibrations.",,750,ml
Gerard Bertrand 6eme Sens' Rose (750ml),0,VND,"This wine commits to Gérard Bertrand will and desire to express the characteristics and exceptional diversity of each of terroirs that he works with. With more than 20 years of expertise, Gerard Bertrand’s team made sure that this rose can be applied to any environment, situation and company and will make the experience happy and fresh.",fermented grape juice,"Drink directly, not for pregnant women and children","Wine should be stored away from sunlight and fluorescent lights. The capscrew bottles can be placed vertically, while the cork bottles should be placed horizontally. Ideal storage temperature from 14-16 degrees, avoid storing wine in hot places above 24 degrees and avoid vibrations.",,750,ml
AGM Mathilde Chapoutier Grand Ferrage Cotes de Provence Rose (750ml),0,VND,"Tasting notes 
Appearance: Clear pale pink with purple highlights. 
Nose: Complex aromas of peach, citrus and exotic fruit. 
Palate: full and delicious on entry to the palate, followed by notes of citrus, grapefruit and white-fleshed fruit, showing a subtle soft character underpinned by a fine, acidity which adds structure. 
Sommelier's advice: Casual meal: mediterranean buffet, barbecue. 
For fine dining: beef carpaccio with Parmesan shavings.

Alcohol content: 13%
Origin: France
Company: Red Warehouse Trading Service Co., Ltd.
41 Thao Dien, Thao Dien Ward, Thu Duc City, Ho Chi Minh City
Drink directly, not for pregnant women and children under 18",fermented grape juice,"Drink directly, not for pregnant women and children",,France,750,ml
Gerard Bertrand 6eme Sens' White (750ml),395000,VND,"TASTING NOTES

A pale yellow colour with flashes of green. The extremely complex, floral nose carries aromas of laurel, acacia or boxwood, with an underlying fruitiness which reveals notes of tropical and citrus fruit. On the palate it is equally aromatic with a good touch of acidity and a pleasing crisp freshness leading to a suave finish.

DESCRIPTION

All the grapes are hand-picked once they have reached their optimal ripeness. They are delicately crushed in a pneumatic press as soon as they are brought into the cellar. The juice is cold settled for 48 hours. Alcoholic fermentation is conducted at low temperature for a maximum extraction of the fruit. The wine is left to age in the vat for a brief period before bottling.

INFORMATION DETAILS

Grape Variety: Grenache Blanc 40%, Marsanne 40%, Viognier 20%
ABV: 13%",fermented grape juice,"Drink directly, not for pregnant women and children","Wine should be stored away from sunlight and fluorescent lights. The capscrew bottles can be placed vertically, while the cork bottles should be placed horizontally. Ideal storage temperature from 14-16 degrees, avoid storing wine in hot places above 24 degrees and avoid vibrations.",laurel,750,ml
M.Chapoutier La Ciboise Coteaux du Tricastin (750ml),439000,VND,"TASTING NOTES
Appearance: garnet red colour
Nose: complex and fine with notes of black fruit (blackberry / blackcurrant)
Palate: fruity with lovely notes of liquorice. Silky tannins. Creating a precise and elegant wine with lovely freshness

DESCRIPTION
Traditional vinification in concrete tanks. The alcoholic fermentation is temperaturecontrolled to preserve the fresh fruit flavours. Short pumping over every day at regular intervals. The maceration lasts about three weeks.

INFORMATION DETAILS
Serving temperature: 16-18°C.
Ageing potential: 3-5 years
ABV: 13.5%
Grape: Grenache Noir, Syrah.",fermented grape juice,"Drink directly, not for pregnant women and children","Wine should be stored away from sunlight and fluorescent lights. The capscrew bottles can be placed vertically, while the cork bottles should be placed horizontally. Ideal storage temperature from 14-16 degrees, avoid storing wine in hot places above 24 degrees and avoid vibrations.",,750,ml
Vermont Ginger Honey Apple Cider (236ml),234000,VND,"To make this raw apple cider vinegar endlessly sippable, they added sweet honey and spicy ginger. (What they didn’t include? Water or cane sugar!) Left unfiltered with the living nutrients known as the “mother” intact, our organic, non-GMO flavored vinegar is as delicious as it is beneficial and can be enjoyed swigged, sipped or stirred into seltzer.","Organic & Raw Apple Cider Vinegar, Organic Honey, Organic Ginger","Left unfiltered with the living nutrients known as the “mother” intact, our organic, non-GMO flavored vinegar is as delicious as it is beneficial and can be enjoyed swigged, sipped or stirred into seltzer.","store in a cool, dry place, away from sunlight.",Vermont,236,ml
Vermont Turmeric Honey Apple Cider (236ml),234000,VND,"Are you familiar with organic & raw apple cider vinegar? People have been drinking it forever as a traditional remedy. Vinegar can be very strong, which is why we created Sipping Vinegars and Vinegar Shots. A blend of our organic & raw apple cider vinegar, honey and a fruit or root, these products make taking your daily shot of apple cider vinegar enjoyable. There are no processed sugars or additives.","Apple Cider Vinegar, Honey, Turmeric","They can be enjoyed as is, in still or sparkling water, cocktails, smoothies, on salads…","store in a cool, dry place, away from sunlight.",Vermont,236,ml
Gerard Bertrand Naturalys Chardonnay (750ml),0,VND,"An organic Chardonnay with aromas of white fruits and flowers, lively acidity, and a smooth, elegant texture. Abv: 13%",fermented grape juice,"Drink directly, not for pregnant women and children","Wine should be stored away from sunlight and fluorescent lights. The capscrew bottles can be placed vertically, while the cork bottles should be placed horizontally. Ideal storage temperature from 14-16 degrees, avoid storing wine in hot places above 24 degrees and avoid vibrations.",,750,ml
Gerard Bertrand Naturalys Pinot Noir (750ml),575000,VND,"ABV: 13,5%",,,,,750,ml
Cloudy Bay Chardonnay 2019 (750ml),1540000,VND,"Tasting note of lemon, peach, croissant. The widespread international aromatic grape variety has  proudly been part of the Cloudy Bay portfolio since 1986… 14% ABV",Wine,Drink directly,"Store in a cool, dry place.",Bay,750,ml
Gerard Bertrand Sphere Rose (750ml),0,VND,"Gérard Bertrand Sphere Rosé is a rosé wine from southern France, produced by Gérard Bertrand, one of the prestigious winemakers of the Languedoc-Roussillon region.

Alcohol content: 11%
Origin: France
Company: Red Warehouse Trading Service Co., Ltd.
41 Thao Dien, Thao Dien Ward, Thu Duc City, Ho Chi Minh City
Drink directly, not for pregnant women and children under 18",,,,France,750,ml
Pocari Sweat Ion Supply Drink Bottle (900ml),25000,VND,"POCARI SWEAT is a healthy drink by replenishing water and ion which body consumes every day. With the correct water and ion content, POCARI SWEAT provides quick and exactly what the body needs. When it comes to rehydration, POCARI SWEAT helps quenche the thirsty, which is the right choice for health.","Water, sugar, flavorings, citric acid, sodium citrate, sodium chloride, potassium chloride, DL-macid acid, calcium lactate, glucono-delta-lactone, magnesium carbonate, vitamin C","Better when drink in chilled condition
Drink promptly after opening","Refrigerate after opening
Storage at a dry, cool place, avoid direct sun
Caution: Freezing may damage this container causing contents to leak",Delta,900,ml
Tsarine Cuvee Premium Brut Champagne (750ml),1926000,VND,"Wine Enthusiast-Champagne, France - An enticing, sophisticated wine. While it is fresh, with great floral aromas and flavors, it also shows hints of maturity, with toast just beginning to float over the yeast and grapefruit flavors. The aftertaste is very dry, crisp.","Wine should be stored away from sunlight and fluorescent lights. The capscrew bottles can be placed vertically, while the cork bottles should be placed horizontally. Ideal storage temperature from 14-16 degrees, avoid storing wine in hot places above 24 degrees and avoid vibrations.","Drink directly, not for pregnant women and children","Drink directly, not for pregnant women and children",France,750,ml
Tsarine Rose Brut Champagne (750ml),2376000,VND,"Decanter-Champagne, France- ""with aromas of red fruits with hints of brioche; this Champagne brings layers of fruit and creaminess on palate with bright freshness leading to an elegant finish""
Alcohol content: 12%
Origin: France
Company: Red Warehouse Trading Service Co., Ltd.
41 Thảo Điền, Thảo Điền Ward, Thu Duc City, Ho Chi Minh City
Drink directly, not for pregnant women and children under 18",Tsarine Rose Brut Champagne,"Drink directly, not for pregnant women and children","Wine should be stored away from sunlight and fluorescent lights. The capscrew bottles can be placed vertically, while the cork bottles should be placed horizontally. Ideal storage temperature from 14-16 degrees, avoid storing wine in hot places above 24 degrees and avoid vibrations.",France,750,ml
Tsarine Blanc de Blancs Brut Champagne (750ml),3082000,VND,"A blend of Chardonnay from Grand Cru villages in the Côte des Blancs, this Champagne has a ripe, pure character. White fruits and citrus combine with a texture that hints at minerality...
Alcohol content: 12%
Origin: France
Company: Red Warehouse Trading Service Co., Ltd.
41 Thảo Điền, Thảo Điền Ward, Thu Duc City, Ho Chi Minh City
Drink directly, not for pregnant women and children under 18",Tsarine Blanc de Blancs Brut Champagne (750ml),"Drink directly, not for pregnant women and children","Wine should be stored away from sunlight and fluorescent lights. The capscrew bottles can be placed vertically, while the cork bottles should be placed horizontally. Ideal storage temperature from 14-16 degrees, avoid storing wine in hot places above 24 degrees and avoid vibrations.",France,750,ml
Tsarine by Adriana Brut Champagne (750ml),0,VND,"Wine Enthusiast-Champagne, France - ""With its gold bottle designed by Adriana Karembeu, rich wine full of rounded fruits and ripe, juicy apples. This fruitiness is balanced by a more structured character that introduces a steely edge of minerality. Mature, ripe and balanced with a bright, fresh finish""",Tsarine by Adriana Brut Champagne (750ml),"Drink directly, not for pregnant women and children","Wine should be stored away from sunlight and fluorescent lights. The capscrew bottles can be placed vertically, while the cork bottles should be placed horizontally. Ideal storage temperature from 14-16 degrees, avoid storing wine in hot places above 24 degrees and avoid vibrations.",France,750,ml
Organic Dino Tyranoni Clean Juice (100ml),36000,VND,"Organic Dino fruit juice is a clean juice product, containing 100% natural fresh fruit juice, meeting quality certifications in Korea. The product is suitable for children who need to supplement vitamins, fiber, and specialties."" Especially children who are lazy to eat fruit will gradually get used to liking fruit more.
⭐ HACCP – Certification of production facilities meeting standards
⭐ ORGANIC – Certification of products using organic agricultural products
⭐ Certified children's favorite product
❌ Does not contain preservatives
❌ No colors or additives
❌ No sugar, no artificial sweeteners
⭕ Extracted from organic fresh fruits
⭕ High nutritional ingredients

Tyranoni Juice chooses clean organic fruits that are good for health and the immune system such as: Concord grapes, noni, pomegranates, grapes, blueberries and tangerines. This combination creates a uniquely delicious, nutritious juice.","Purified water 78.865%, Concord grape concentrate 18.015% (organic grape juice/grape juice 97%), tangerine juice 1%, pomegranate juice 1% (organic pomegranate juice 5%), blueberries concentrate 0.5% (blueberry juice 2.5%), noni juice 0.5% (organic), lemon concentrate 0.12% (organic)",Drink directly. More delicious cold drink.,"Avoid direct sunlight and store in a cool, dry place",Korea,100,ml
Jejudino Pure Tangerine Juice  (100ml),0,VND,"Organic Dino fruit juice is a clean juice product, containing 100% natural fresh fruit juice, meeting quality certifications in Korea. The product is suitable for children who need to supplement vitamins, fiber, and specialties."" Especially children who are lazy to eat fruit will gradually get used to liking fruit more.
⭐ HACCP – Certification of production facilities meeting standards
⭐ ORGANIC – Certification of products using organic agricultural products
⭐ Certified children's favorite product
❌ Does not contain preservatives
❌ No colors or additives
❌ No sugar, no artificial sweeteners
⭕ Extracted from organic fresh fruits
⭕ High nutritional ingredients

Jejudino fruit juice is filled with vitamins from Jeju mandarins. Carefully selected fresh tangerines combined with apples help increase the natural sweetness of the juice without using any additives.","Purified water 80.67%, tangerine concentrate 16% (tangerine: made in Jeju, tangerine juice 80%), apple concentrate 3.33% (apple: Korean apple juice 20%)",Drink directly. More delicious cold drink.,"Avoid direct sunlight and store in a cool, dry place",Korea,100,ml
Vodka Cruiser Lush Guava 4.6% Bottle (275ml),59000,VND,"The delicious, sweet flavor stands out from lush guava. The taste is gentle and gentle with a faint aroma that makes the drinker linger forever. Faint notes of vodka, subtle and not overpowering the fruity smell. The mellow Vodka flavor, mixed with the flavor of lush guava, creates a refreshing feeling and instantly quenches thirst.","Vodka,guava flavor",Drink directly or after chilling,"Store at room temperature, in a cool, dry place.",,275,ml
Vodka Cruiser Pure Pineapple 4.6% Bottle (275ml),56000,VND,"The typical fresh, sweet scent of pineapple. The cool sweetness of pineapple fills the mouth. Faint notes of vodka, subtle and not overpowering the fruity smell. The mellow Vodka flavor, mixed with watermelon flavor, creates a refreshing feeling and instantly quenches thirst.","Vodka, pineapple flavor",Drink directly or after chilling,"Store at room temperature, in a cool, dry place.",,275,ml
Vodka Cruiser Ripe Strawberry 4.6% Bottle (275ml),0,VND,"The sweet scent and taste of ripe, succulent strawberries. Faint notes of vodka, subtle and not overpowering the fruity smell. The mellow Vodka flavor, mixed with strawberry flavor, creates a refreshing feeling and instantly quenches thirst.","Vodka,strawberry flavor",Drink directly or after chilling,"Store at room temperature, in a cool, dry place.",,275,ml
Hino Aso Natural Mineral Water (500ml),0,VND,"""HinoAso Natural Mineral Water originates form Kumamoto. Known as “home of the richest groundwater in Japan”, Kumamoto with its abundance of volcanoes and clear underground Water, has won the ‘Water for Life’ UN-Water Best Practices Award* G2. Naturally, HinoAso has been recognised by the Monde Selection for its excellent quality with a Grand Gold Award.

- Sourced from deep underground aquifer surrounding Mount Aso, HinoAso has the ideal pH level that gives a smooth mouthfeel and taste.

- HinoAso contains Naturally occurring Si (silica), and other essential minerals left from the Natural filtration process. Si is celebrated as a building block of collagen with various beauty and health benefits.""",Natural Mineral Water,Drink directly from bottle,"Store in a cool and dry place, away from direct sunlight",Japan,500,ml
Carlsberg Danish Pilsner can (330ml),0,VND,"More than 175 years of history, produced with top raw ingredients, a premium beer from Europe with a smooth, easy-to-drink tasting, bringing a refreshing feeling, with a characteristic aroma due to separately grown hops. , Alcohol content: 5%",barley,Drink directly or after chilling,"Store at room temperature, in a cool, dry place.",Carlsberg,330,ml
Happy Hippie Kombucha Ginger 330ml,0,VND,"KOMBUCHA ORGANIC Happy Hippie Tea is produced entirely with ORGANIC ingredients and CLEAN PRODUCTION PROCESS.
Create a drink with enzymes, minerals, vitamins to help improve digestion, reduce bad LDL cholesterol and manage blood sugar better, strengthen the immune system, improve joints - skin, control weight .","Certified organic kombucha tea ingredients (natural live probiotics pure kombucha and certified organic green tea), naturally fermented organic glucose (organic erythritol), organic ginger, lemon, organic stevia","Use directly
The product will taste better when served cold.","Store at room temperature, in a cool, dry place.",Hippie,330,ml
Happy Hippie Kombucha Watermelon 330ml,0,VND,"KOMBUCHA ORGANIC Happy Hippie Tea is produced entirely with ORGANIC ingredients and CLEAN PRODUCTION PROCESS.
Create a drink with enzymes, minerals, vitamins to help improve digestion, reduce bad LDL cholesterol and manage blood sugar better, strengthen the immune system, improve joints - skin, control weight .","Certified organic Kombucha tea ingredients (live probiotics
natural pure Kombucha and certified organic green tea), organic glucose
naturally fermented (organic erythritol), watermelon, organic stevia, natural flavors","Use directly
The product will taste better when served cold.","Store at room temperature, in a cool, dry place.",Hippie,330,ml
Happy Hippie Kombucha Raspberry 330ml,0,VND,"KOMBUCHA ORGANIC Happy Hippie Tea is produced entirely with ORGANIC ingredients and CLEAN PRODUCTION PROCESS.
Create a drink with enzymes, minerals, vitamins to help improve digestion, reduce bad LDL cholesterol and manage blood sugar better, strengthen the immune system, improve joints - skin, control weight .","Certified organic kombucha tea ingredients (natural live probiotics pure kombucha and certified organic green tea), naturally fermented organic glucose (organic erythritol), raspberries, lemon, organic stevia","Use directly
The product will taste better when served cold.","Store at room temperature, in a cool, dry place.",Hippie,330,ml
Happy Hippie Smoothie Energise 350ml,0,VND,"Happy Hippie Smoothies is a combination of fruits and natural ingredients that provide a source of vitamins - fiber - minerals - antioxidants and essential nutrients for the body, improve skin, support digestion chemical . Suitable for eat clean diet, after-exercise energy supplement diet","Reconstituted juice (apple, mango, pineapple, pear, passion fruit), mashed banana,
Natural Flavors, Mesquite Beans, Rosemary Extract.","Use directly
The product will taste better when served cold.","Store at room temperature, in a cool, dry place.",mango,350,ml
Wild One Organic Blood Orange 345ml,0,VND,"WILD ONE is made entirely with ORGANIC ingredients and CLEAN PRODUCTION PROCESS.
Organic WILD ONE carbonated juice is created from carefully selected organic ingredients with a combination of pure Australian mineral water. With Prebiotics (soluble fiber that nourishes beneficial bacteria) with significantly improved digestion and nutrient absorption. ""","Organic red orange juice and fruit juice, carbonated mineral water,
Organic erythritol, citric acid, acacia fiber, vitamin C, natural flavor, natural color
from plant essence","Use directly
The product will taste better when served cold.","Store at room temperature, in a cool, dry place.",,345,ml
Waterfords Lemon Lime & Bitters 330ml,0,VND,"Lemon Lime Soda & Bitters Waterfords 330 ml is a product imported from Australia.
 Create a taste Cool - Refreshing, providing minerals and microelements suitable for summer heat
Products imported from Australia with high standard ingredients, healthy for health. Produced according to SQF . standards","Carbonated mineral water, sugar, food acid (citric), natural flavor, preservative (211), color (150d, 110, 122).","Use directly
The product will taste better when served cold.","Store at room temperature, in a cool, dry place.",Australia,330,ml
Diet Rite  Lemonade No Sugar 375ml,0,VND,"Diet Rite  Lemonade No Sugar 375ml is a natural product from pure apple juice. No Sugar Create flavor Cool bar - Refreshing, providing minerals and trace elements suitable for summer heat
Products imported from Australia with high standard ingredients, healthy for health. Produced according to SQF standards","Carbonated water, food acid (citric), natural flavor, artificial, sweetener (952, 950, 955), preservative (211).","Use directly
The product will taste better when served cold.","Store at room temperature, in a cool, dry place.",Australia,375,ml
Wild One Original Pineapple Splice 345ml,110000,VND,"WILD ONE is made entirely with ORGANIC ingredients and CLEAN PRODUCTION PROCESS.
Organic WILD ONE carbonated juice is created from carefully selected organic ingredients with a combination of pure Australian mineral water. With Prebiotics (soluble fiber that nourishes beneficial bacteria) with significantly improved digestion and nutrient absorption. ""","Pineapple juice and fruit juice, carbonated mineral water, erythritol,
glycerine, citric acid, acacia fiber, natural flavor, natural color from real essence
object.","Use directly
The product will taste better when served cold.","Store at room temperature, in a cool, dry place.",,345,ml
Wild One Original Strawberies & Cream 345ml,110000,VND,"WILD ONE is made entirely with ORGANIC ingredients and CLEAN PRODUCTION PROCESS.
Organic WILD ONE carbonated juice is created from carefully selected organic ingredients with a combination of pure Australian mineral water. With Prebiotics (soluble fiber that nourishes beneficial bacteria) with significantly improved digestion and nutrient absorption. ""","Strawberry juice and fruit juice, carbonated mineral water, erythritol,
glycerine, citric acid, acacia fiber, natural flavor, natural color from real essence
object","Use directly
The product will taste better when served cold.","Store at room temperature, in a cool, dry place.",,345,ml
Diet Rite Pine Lime No Sugar 375ml,0,VND,"Diet Rite  Pine Lime No Sugar 375ml is a natural product from pure apple juice. No Sugar Create flavor Cool bar - Refreshing, providing minerals and trace elements suitable for summer heat
Products imported from Australia with high standard ingredients, healthy for health. Produced according to SQF standards","Carbonated water, food acid (citric), natural flavor, artificial
sweet (952, 950, 955), preservative (211), color (102).","Use directly
The product will taste better when served cold.","Store at room temperature, in a cool, dry place.",Australia,375,ml
"NISHINOSEKI HANA NIGORI SAKE 15%, 500ML",660000,VND,Rice: Hino Hikari; ethanol 15%,"RICE, WATER",Drink directly or after chilling,"Store at room temperature, in a cool, dry place.",,500,ml
Diet Rite Passionfruit No Sugar 375ml,0,VND,"Diet Rite  Passionfruit No Sugar 375ml is a natural product from pure apple juice. No Sugar Create flavor Cool bar - Refreshing, providing minerals and trace elements suitable for summer heat
Products imported from Australia with high standard ingredients, healthy for health. Produced according to SQF standards","Carbonated water, food acid (citric), natural flavor, sweetener (952, 950, 955), preservative (211), color (carmine)","Use directly
The product will taste better when served cold.","Store at room temperature, in a cool, dry place.",Australia,375,ml
Sakurao Gin Original 47% (700ml),0,VND,Our botanicals produce a wide variety of aromatic notes including citrus such as the florid -smelling lemon and the rich fragrance of yuzu as well as aromas from japanese cypress and oyster shell. Our gin also uses cherry blossoms known as sakura in Japanese.,Grain and plants,Drink directly,"Store at room temperature, in a cool, dry place.",,700,ml
Black Tears Spiced Rum 47% (700ml),0,VND,"It is made using the finest cuban rum and natural spices including the cuban pepper aji dulce,coffee anf cocoa.",Sugar - cane,Drink directly,"Store at room temperature, in a cool, dry place.",,700,ml
Togouchi Japanese Blended Whisky 40% (700ml),0,VND,It is a blend of grain spirits that have been matured over eight years in a Togouchi cellar,Grain and malt,Drink directly,"Store at room temperature, in a cool, dry place.",,700,ml
Woongjin yogur peach 340ml,25000,VND,"Woongjin Peach Probiotic Juice is a natural
, refreshing drink that combines milky and fruity flavors. In addition, the product also contains Probiotics Lactobacillus to help strengthen intestinal immunity, improve digestive system health, reduce the risk of stomach ulcers, flatulence, stimulate the digestive system to help you eat better",Product adds 10 Billion Probiotics for the digestive system,"The product also contains Probiotics Lactobacillus to help strengthen intestinal immunity, improve digestive system health, reduce the risk of stomach ulcers, flatulence, stimulate the digestive system to help you eat better","Store at room temperature, in a cool, dry place.",Woongjin,340,ml
Aloe drink Dr aloe 1500ml,63000,VND,"The product is made from fresh aloe vera, with a clear white color with chopped aloe vera flesh, which adds to the refreshment for the drinker. Moreover, the cool sweetness of aloe vera will help you feel light and relaxed.",Natural products,"The 1.5L large bottle is suitable for parties, both quality and economical. This will be an indispensable nutritious beverage for you and your family.","Store at room temperature, in a cool, dry place.",,1500,ml
Woongjin yogur appleh 340ml,25000,VND,"Woongjin Apple Probiotic Juice is a natural
, refreshing drink that combines milky and fruity flavors. In addition, the product also contains Probiotics Lactobacillus to help strengthen intestinal immunity, improve digestive system health, reduce the risk of stomach ulcers, flatulence, stimulate the digestive system to help you eat better",Product adds 10 Billion Probiotics for the digestive system,"The product also contains Probiotics Lactobacillus to help strengthen intestinal immunity, improve digestive system health, reduce the risk of stomach ulcers, flatulence, stimulate the digestive system to help you eat better","Store at room temperature, in a cool, dry place.",Woongjin,340,ml
Woongjin Pomegrante Juice 1500ml,0,VND,"Woongjin pomegranate juice has a delicious taste to help replenish energy and essential vitamins, for the body to cool off on hot days.",Natural products,"The 1.5L large bottle is suitable for parties, both quality and economical. This will be an indispensable nutritious beverage for you and your family.","Store at room temperature, in a cool, dry place.",Woongjin,1500,ml
Woongjin Green Plum Juice 1500ml,76000,VND,"Woongjin Green Plum Juic juice has a delicious taste to help replenish energy and essential vitamins, for the body to cool off on hot days.",Natural products,"The 1.5L large bottle is suitable for parties, both quality and economical. This will be an indispensable nutritious beverage for you and your family.","Store at room temperature, in a cool, dry place.",,1500,ml
"Sparkling San Melon Sangaria, Can 250g",0,VND,"Sangaria Soda Water is a carbonated drink, with glucose, citric acid, with natural fruit flavor, helping you to quench thirst, cool immediately, quench thirst.","Carbonated water, sugar (fructose-glucose syrup, sugar), cantaloupe extract, citric acid, natural and synthetic flavours, rose color, sweetener (Acesulfame K, Sucrose, Stevia), Gardenia color",More delicious when cold drink,"Preserved in dry, cool place. Avoid the sun. Do not freeze the product",Gardenia,250,g
white grape juice Woongjin 1500ml,0,VND,"Woongjin shine muscat  juice has a delicious taste to help replenish energy and essential vitamins, for the body to cool off on hot days.",Natural products,"The 1.5L large bottle is suitable for parties, both quality and economical. This will be an indispensable nutritious beverage for you and your family.","Store at room temperature, in a cool, dry place.",Woongjin,1500,ml
"Melon Soda Sangaria Hajikete, Can 350g",0,VND,"Sangaria Soda Water is a carbonated drink, with glucose, citric acid, with natural fruit flavor, helping you to quench thirst, cool immediately, quench thirst.","Carbonated water, sugar (fructose glucose syrup, sugar), cantaloupe extract, citric acid, natural and synthetic flavors, color (rose persimmon, gardenia)",More delicious when cold drink,"Preserved in dry, cool place. Avoid the sun. Do not freeze the product",gardenia,350,g
Raisintea 500ml,0,VND,"Drinking tea is a good habit to have a refreshing mind, alertness and healthy body every day. Processed from the finest bamboo, through the process of selection, drying and closed roasting, Khong Tra Nuoc creates a delicious, special appeal right from the aroma.",Natural products,"The product has hepatoprotective, antioxidant, physical activity enhancement and anti-fatigue effects, immune system enhancement, blood sugar lowering and anti-allergy effects.","Store at room temperature, in a cool, dry place.",,500,ml
"Grape Soda Juice Sangaria Hajikete, Can 350g",0,VND,"Sangaria Soda Water is a carbonated drink, with glucose, citric acid, with natural fruit flavor, helping you to quench thirst, cool immediately, quench thirst.","Carbonated water, sugar (fructose glucose syrup, sugar), grape extract, citric acid, natural and synthetic flavors, caramel color (E150a), anthocyanin color",More delicious when cold drink,"Preserved in dry, cool place. Avoid the sun. Do not freeze the product",,350,g
"Orange Soda Juice Sangaria Hajikete, Can 350g",0,VND,"Sangaria Soda Water is a carbonated drink, with glucose, citric acid, with natural fruit flavor, helping you to quench thirst, cool immediately, quench thirst.","Carbonated Water, Sugar (Fructose Glucose Syrup, Sugar), Orange Extract, Citric Acid, Natural and Synthetic Flavors, Antioxidant (E300), Carotene Color",More delicious when cold drink,"Preserved in dry, cool place. Avoid the sun. Do not freeze the product",Sugar,350,g
Lacàph Signature Cold Brew Bottle (500ml),0,VND,"We roast the finest Arabica beans from our partner farms in Lâm Đồng Province to enhance their smooth, dark, chocolaty notes, then cold brew them for 18 hours to create an invigorating coffee full of subtle complexities. Perfection over ice.","82% PURE WATER, 18% ARABICA COFFEE (LACÀPH FILTER BLEND).",Use directly after opening,Keep in cold storage (from 5-10 °C),Lam Đong,500,ml
"TPBS Star Kombucha-Mix 6 Best Seller Tet ,4*250ml",0,VND,"Kombucha, juice (each can has a different taste), sugar, Lactobacillus probiotics",95% Kombucha,"Kombucha is a fermented drink that aids digestion, strengthens the fluid system and regenerates energy — helping you maintain a radiant appearance and slim figure to enjoy a fresh life every day.","Store at room temperature, in a cool, dry place.",Kombucha,250,ml
"Daissy Kombucha Grape, Bottle 330ml",73000,VND,"It takes two to tango… Introducing Daissy Grape Kombucha - the best thing that’s happened to grape since wine! Always made with fresh fruit, never from concentrate. Ever.","Filtered water (RO), fresh grape (10%), cane sugar, green tea, black tea, SCOBY.",Do not shake bottle before opening.,Keep refrigerated at or below 4oC,,330,ml
"Daissy Kombucha Lemongrass Ginger, Bottle 330ml",65000,VND,"Dedicated to lemongrass lovers, experience its taste and fragrance like nothing else you’ve tried! Amazingly healthy but tastes like a snack!","Filtered water (RO), cane sugar, fresh lemongrass (4%), black tea, fresh ginger (2%), SCOBY.",Do not shake bottle before opening.,Keep refrigerated at or below 4oC,,330,ml
Hangar 1 Rose Flavored Vodka 30% (750ml),1269000,VND,We were inspired by our vineyard partners to create a rose vodka that celebrates California wine culture. Our rose is a first-of-its-kind blend of our Classic Hangar 1 vodka and California rose wine.Made with Hangar 1® Vodka and real California rosé wine. A great refreshing alternative to wine.,"Fermented grain, grape brandy, rosé wine, sugar, natural flavoring, acidity regulator",Drink directly,"Store in a cool, dry place.",California,750,ml
Hangar 1 Straight American Vodka 40% (750ml),1209000,VND,"Lady Triệu Contemporary Vietnam Gin provides a cumulative flavour odyssey of all regions of Vietnam. Produced in small batches, using a rich tapestry of the finest botanicals meticulously sourced throughout this proud land. A Pioneer of Vietnamese Spirit, this is the Lady Triệu Brand Icon; The Signature Gin that will be the brand leader for Lady Triệu across the globe.",Fermentation of grape and cereals,Drink directly,"Store in a cool, dry place.",Vietnam,750,ml
Lady Trieu Contemporary Viet Nam Gin 43% (700ml),0,VND,"Lady Triệu Contemporary Vietnam Gin provides a cumulative flavour odyssey of all regions of Vietnam. Produced in small batches, using a rich tapestry of the finest botanicals meticulously sourced throughout this proud land. A Pioneer of Vietnamese Spirit, this is the Lady Triệu Brand Icon; The Signature Gin that will be the brand leader for Lady Triệu across the globe.","100% Vietnamese grain spirit, botanicals including bold citrus fruit,fragrant juniper and fresh crisp pepper notes,dry aromatic tea,ginger, jasmine, cubes…",Drink directly,"Store in a cool, dry place.",Viet Nam,700,ml
Hangar 1 Buddha's Hand Citron Flavored Vodka 40% (750ml),1269000,VND,"An ancient relative of the modern lemon, Buddha’s Hand incorporates notes of jasmine, basil, and apricot for a more distinctive citrus flavor.","Fermentation from grain, grape brandy, natural flavoring, concentrated lemon juice",Drink directly,"Store in a cool, dry place.",,750,ml
Sangaria electrolyte drink cut calories (340g),0,VND,"Drinking water helps to balance electrolytes when the body sweats a lot, sports activities, quickly regains energy, refreshing spirit.
Cut calories (only 12kcal without worrying about weight gain).","Glucose water, salt, acidity regulator: Calcium lactate (E327)….",Drink directly. More delicious cold drink.,Preserve in cool place. Avoid direct sunlight. Use up quickly after opening the can.,Lot,340,g
Pigeon Pure Japanese Barley Tea (125ml x 3 ),0,VND,"Use for children from 1 month old. Made from Japanese barley, no caffeine, no additives. Replenish water and prevent constipation for babies.","Barley (40%), antioxidant: E300. (The product does not contain caffeine, tannins, colorants, flavors and preservatives)","Shake well before use. Use directly after opening the package. After opening the package, it should be used up quickly; If there is any left over, cover the box with cling film, store it in the refrigerator, and use it up within 2 days. If you want to warm it up in the microwave, put the tea in a cup and heat it up.","Store in a cool, dry place, away from direct sunlight.",,125,ml
Korean Red Ginseng Concentrate Drinks Nutine Hongsamjin Everystick EX (10ml x 30 pack),1200000,VND,"6-year-old Concentrated Korean Red Ginseng Extract, Combined with precious medicinal herbs, Help nourish the body and improve the health.
Convenient bag packaging increases storage capacity and convenience of use.","In 1 package (10ml) contains: Concentrated Red Ginseng (solid content 60%, ginsenoside Rg1, Rb1 and Rg3 total 10mg/g (equivalent 3mg/10ml)] 500mg, Vitamin C (acid L-ascorbic) 10mg. Other ingredients: Pure water, starch syrup, Isomalto oligosaccharide, Concentrated herbal mixture [Pure water, Angelica, Astragalus membranaceus, Peony Root, Glycyrrhiza uralensis, Atractylodes macrocephala, Cnidium officinale makino, Rehmannia glutinosa, Poria cocos)], Agave",Take 1 sachet (10ml) per day. Drink directly,"In a dry, cool place, keep away from sunlight",Isomalto,10,ml
belgian-beer-abbaye-triple-blonde-330ml,125000,VND,"The beer has aromas of sherry and anise. The flavors blend together, with a slight hint of caramel, leaving a rich aftertaste, dividing many layers of taste until the end when enjoying.","Ingredients: Water, Malt, Hops, Yeat",,,,330,ml
Premium Korean Red Ginseng Drinks Nutine Hongsamjin Plus,490000,VND,"6-year-old Concentrated Korean Red Ginseng Extract, Combined with precious medicinal herbs, Help nourish the body and improve the health. Convenient bag packaging increases storage capacity and convenience of use.","Ingredients: pure water, natural sweetener (fructose), Fructo-oligosaccharides, Korea red apple extract 1,120mg, natural colorant 
(caramel color), Korean red ginseng extract (6 years old, concentrated content over 60%) 210mg, Taurine 210mg, Korean Goji Berry Extract 84mg, Korean Ganoderma mushroom extract 70mg, mixed substance 1 [propylene glycol, ethanol, synthetic flavoring,  natural colorant (caramel color), natural flavoring], acidity regulator (citric acid), dried ginger extract, mixed substance 2 [propylene glycol, ethanol, synthetic flavoring, pure water,  natural colorant (caramel color), natural flavoring], mixed substance 3 [propylene glycol, ethanol, synthetic flavoring, pure water,  natural colorant (caramel color), natural flavoring], mixed substance 4 (Triacetin, ethanol, synthetic flavoring, natural flavoring), deer antler extract",Take 1 sachet (10ml) per day. Drink directly. Shake well before drinking. Tastes better when served cold,"In a dry, cool place, keep away from sunlight",Fructo,,
Sprite Can (24x320ml),0,VND,Sprite Can (24x320ml),"Saturated water CO2, acidity, natural lemon flavor, preservative, cane sugar, HFCS",Can be used instantly.,"Store at room temperature, in a cool, dry place.",,320,ml
Fanta Orange Can (24x320ml),0,VND,Fanta Orange Can (24x320ml),"Saturated water CO2 , HFCS sugar, cane sugar, acidity regulator (330), emulsifier (1450,444), natural and natural orange flavor, preservative (211) and food color (110) ).",Can be used instantly.,"Store at room temperature, in a cool, dry place.",,320,ml
Chill Sakura Watermelon & Sake (250ml)/(330ml),23000,VND,"Chill Cocktail is prepared from the art of combining high-quality alcohol, fruit juice, herbs,... creating a world of colorful cocktails with many attractive flavors, always bringing a smooth, refreshing feeling to everyone.","CO2 saturated water, Sake (7.5%), sugar, fruit juice, acidity regulator (INS 330), preservative (INS 211), natural flavoring (watermelon), synthetic food color (INS 102, INS 124). Ethanol (alcohol) content: 3%",Drink directly or after chilling,"Store at room temperature, in a cool, dry place.",,250,ml
Chill Sakura Lychee & Sake (250ml)/(330ml),23000,VND,"Chill Cocktail is prepared from the art of combining high-quality alcohol, fruit juice, herbs,... creating a world of colorful cocktails with many attractive flavors, always bringing a smooth, refreshing feeling to everyone.","CO2 saturated water, Sake (7.5%), sugar, fruit juice, acidity regulator (INS 330), preservative (INS 211), natural flavoring (watermelon), synthetic food color (INS 102, INS 124). Ethanol (alcohol) content: 3%",Drink directly or after chilling,"Store at room temperature, in a cool, dry place.",,250,ml
belgian-beer -abbaye-blonde-ale-330ml,110000,VND,"Abbaye Blond has a rich, sweet taste of malt with pure fruit, when enjoying beer, it will leave a sweet taste on the tip of the tongue.","Ingredients: Water, Malt, Hops, Yeat",,,,330,ml
belgian-beer-charleroi-de-blanche-organic-bio-330ml,108000,VND,"The beer is brewed with the finest ingredients, including fruits, Curacao orange peel and barley, creating a fresh and spicy taste but with a sweet aftertaste, and the aroma of green tea leaves. Subtle fruit flavors and great refreshing power.","Ingredients: Water, Malt, Hops, Yeat",,,Curacao,330,ml
belgian-beer-abbaye-triple-dark-330ml,125000,VND,The beer has a distinct aroma of mocha and rum on the tip of the nose when enjoying. This rich flavor is made up of notes of caramel and a hint of hops.,"Ingredients: Water, Malt, Hops, Yeat",,,,330,ml
"HaNoi Beer Can, 330ml",0,VND,"The beer has a golden color, a characteristic aroma, and a rich taste.Bringing the pure and aromatic taste of Vietnamese draft beer thanks to the secret of choosing the right fermentation time.High-quality raw materials, imported from abroad, are processed by modern production lines to produce delicious draft beers.","Water, malt, rice, houblon flower, brewer's yeast, matturex enzyme, sodium erythorbate","The delicious Hanoi beer cans are suitable for Tet holidays, as gifts or in parties, gatherings of friends.","Store in a cool, dry place, away from sunlight",,330,ml
"Femented glutinous rice NEP, bottle 500ml",0,VND,"NEP awakes all senses with a natural and mild sweetness, infused with a bit of sourness at aftertaste owning to magical fermentation technology. NEP also possesses an inviting scent that stays long in your brain like a mind thief. We believe, by the first time you take the very first sip, you will get inspired enough to spontaneously create something astonishing.","98% Rice, 2% Yeast","IT'S ADVISED TO BE SERVED WITH SOME ICE OR USED WHEN CHILLED, A TOUCH OF LEMON JUICE WILL ULTIMATELY DRAW OUT A DESIRABLY BALANCED TASTE. BUT IF YOU FANCY SOMETHING STRONG, RAW AND INTRIGUING, DRINK NEP UNBLENDED AT ROOM TEMPERATURCE. THE ART OF COCKTAIL DOES BRING NEP TO ITS NEW HEIGHTS THROUGH ENDLESSNESS OF MIX AND MATCH, WITH ALL TYPES OF GIN, VODKA, AND WHISKEY...","PRESERVATION: DRY AND AIRY PLACE, AVOID DIRECT EXPOSURE TO SUNLIGHT, PRESERVED CHILL ONCE OPENED",,500,ml
belgian-beer-cherie-peach-330ml,110000,VND,"The beer possesses a balanced taste between the sweetness of fresh peaches, the freshness of fruits, mixed with the sour taste of the famous Belgian traditional beer.","Ingredients: Water, Malt, Hops, Yeat",,,,330,ml
"Belgian beer  Cherie Framboise 3,5% (330ml)",108000,VND,"The beer is sweet and easy to drink, full of typical fruit flavors in the beer. It is the deposition of this fresh fruit that determines the sweet aftertaste of this fruit beer","Ingredients: Water, Malt, Hops, Yeat",,,,330,ml
Chill Light Peach & Vodka Can (330ml),23000,VND,"Chill Cocktail is prepared from the art of combining high-quality alcohol, fruit juice, herbs,... creating a world of colorful cocktails with many attractive flavors, always bringing a smooth, refreshing feeling to everyone.","CO2 saturated water, Sake (7.5%), sugar, fruit juice, acidity regulator (INS 330), preservative (INS 211), natural flavoring (watermelon), synthetic food color (INS 102, INS 124). Ethanol (alcohol) content: 3%",Drink directly or after chilling,"Store at room temperature, in a cool, dry place.",,330,ml
Jyoku Gen Yuzora Sake 720ml,490000,VND,"The bold Sake has 19-20% alcohol by volume called Genshu. Genshu means not being watered down to its original strength at the brewery.  It's a mellow sake that is full of the original flavor of sake. It can be served with water, hot water, or a splash of water to find the favorite ""thickness"" for you. You can also change the flavor depending on your mood or the atmosphere of the day. Pairing with Steak, Sashimi ""Red fish”, Yakiniku are recommended.","domestic rice, Rice Koji",Drink directly or after chilling or warm up,"Store at room temperature, in a cool, dry place.",Genshu,720,ml
Chandon Garden Spritz (750ml),920000,VND,"Aromatic bitters made with a combination of spices and Valencia oranges (dried peel and zest) are added to the blend before bottling. Combining Chandon sparkling wine with bitter liqueur made from natural orange peel extract, carefully selected spices and locally sourced Valencia oranges... 12.5% ABV",Wine,Drink directly,"Store in a cool, dry place.",Valencia,750,ml
M de Minuty Rose (750ml),920000,VND,"A splendid, pleasurable wine: The Grenache and Cinsault blend form an aromatic harmony offering notes of peach and candied orange. The flavor is crisp and round on the palate. An iconic figure of Provence, a rosé elaborated in a true Minuty style…13% ABV",Wine,Drink directly,"Store in a cool, dry place.",Cinsault,750,ml
Tiger Soju Wonder Melon Beer Can 4% (330ml),0,VND,"The combination of tiger crystal beer base and soju essencebrings a light, refreshing, bitter lager beer taste with typical sweet aftertaste of soju 4% ABV",barley,Drink directly or after chilling,"Store at room temperature, in a cool, dry place.""",,330,ml
Tiger Soju Cheeky Plum Beer Can 4% (330ml),0,VND,"""Sự kết hợp giữa nền tảng bia tiger crystal và tinh chất soju
mang đến một vị bia đậm chất lager đắng nhẹ, sảng khoái với
hậu vị ngọt êm đằm đặc trưng của soju
nồng độ cồn 4% """,barley,Drink directly or after chilling,"""
Store at room temperature, in a cool, dry place.""",crystal va,330,ml
Fever-Tree Light Medit Tonic Water (200ml),0,VND,"By blending the essential oils from the flowers, fruits and herbs that Fever Tree has gathered from around the Mediterranean shores with the highest quality quinine from the 'fever trees', Fever Tree has created a unique, delicate, floral tonic. Created to accompany the finest vodkas or to enjoy as a sophisticated soft drink.","Carbonated Spring Water, Sugar, Acid: Citric Acid, Natural Flavours Including Natural Quinine",Use directly,Store away from direct light in a cool & dry place,Mediterranean,200,ml
Fever-Tree Light Ginger Ale 200ml,0,VND,"By brewing a blend of three gingers from Nigeria, Cochin and the Ivory Coast, Fever Tree have created an award-winning ginger beer that has been highly acclaimed by gastronomes and critics alike. Not too sweet on the palate and with a deep, long-lasting ginger character. Perfect in a Dark & Stormy, Moscow Mule or simply as a soft drink on its own. Pack of 4.","Carbonated Spring Water, Fructose (Fruit Sugar), Ginger Root, Natural Ginger Flavoring With Other Natural Flavorings, Acid: Tartaric Acid, Antioxidant: Ascorbic Acid",Use directly,Store away from direct light in a cool & dry place,Nigeria,200,ml
Fever-Tree Indian Tonic Water 200ml,0,VND,"By blending subtle botanicals flavours with spring water and quinine of the highest quality from the fever trees of the Democratic Republic of the Congo, we have created a delicious tonic water with a uniquely refreshing taste and aroma.","Carbonated Spring Water, Cane Sugar, Acid: Citric Acid, Natural Flavours Including Natural Quinine",Use directly,Store away from direct light in a cool & dry place,Republic of the Congo,200,ml
Fever-Tree Light Tonic Water (200ml),0,VND,"We use naturally occurring fruit sugars to develop our lighter tonic water. The blending of subtle botanical flavours with spring water and highest-quality quinine gives it the distinctively clean, crisp character of Premium Indian Tonic Water, but with 57% fewer calories.","Carbonated Spring Water, Fructose (Fruit Sugar), Acid: Citric Acid, Natural Flavors including Quinine",Use directly,"Store in a cool, dry place.",,200,ml
Fever-Tree Light Ginger Beer 200ml,0,VND,"Not too sweet on the palate, this bold and refreshing non-alcoholic Ginger Beer has a deep, long-lasting ginger character. Perfectly balanced to complement the finest spirits, but equally as delicious on its own as a soft drink.","Water, Malted Barley, Hops, Yeast",Use directly,"Store in a cool, dry place.",,200,ml
My Café Latte Vanilla Icream Mix (220ml),0,VND,"Maeil's ""My Cafe Latte Vanilla Ice Cream Mix"" is a ready-to-use beverage made from a coffee latte mix with Vanilla Ice Cream flavor. This is a product of the company Maeil, a One of the famous manufacturers of beverage products, especially coffee, in Korea. Flavor: Vanilla Ice Cream Mix is a delicate combination of the rich flavor of coffee and the sweetness of vanilla ice cream, creating a unique and delicious cup of coffee latte.","Cream mixture (water, cream, skimmed milk powder, deproteinized whey)(38%), water, Mocha Espresso coffee extract (water, coffee) (7.1%), sugar, Colombian coffee extract (water, coffee)(1.4%), acidity regulator Sodium Bicabonate, emulsifier Sucrose ester with fatty acids, artificial flavor, cocoa powder, carrageenan (thickening agent), flavoring natural (vanilla).",Drink directly. More delicious cold drink,"Do not put the product in the microwave or other types of cabinets or heating appliances. - Store in refrigerator (0-10oC) - Avoid direct sunlight""",Maeil,220,ml
"Paulaner Weissbier Beer Can, 500ml",72000,VND,"Brings the unique Bavarian way of life to the whole world. Our master brewers have been brewing the beer specialties with a lot of know-how, dedication and passion since 1634. Purity and great taste do not contradict each other: Our brewmasters brew strictly according to the Bavarian Purity Law, but create a masterpiece of taste experiences","Hops, malt, water and yeast",Drink directly or after chilling,"Store at room temperature, in a cool, dry place.",Lot,500,ml
Lavie (5L)/(6L),26000,VND,"LaVie Natural Mineral Water 5L/6L is perfect for on-the-go, easy-to-grip for class or work. LaVie keeps your body hydrate & replenish minerals during a long active day.
With no sugar & no calories, LaVie natural mineral water with 06 essential minerals is a smart alternatives to other sugary drinks, helping you maintain your healthy lifestyle",Natural mineral water,Can be used instantly.,"Keep in a cool, dry, clean place, away from direct sunlight, strong odours or chemicals",,5,L
Huggies Swim Pants size 3-4 / Baby 7-15kg (x12),0,VND,"Huggies Little Swimmers have unique absorbent material that ensures these nappies don't swell in the water, protecting your little one and allowing them to swim and splash comfortably. The Little Swimmers swim nappies are designed with unique easy open sides for quick removal when baby is wet, as well as leak guards to help stop leaks around the legs. They come in fun, colourfast Disney designs so you can use them the same way you would use a swimsuit with a back label to identify back from front. Huggies Little Swimmers help keep the pool and the water a more hygienic and pleasant environment, protecting against accidents for non-stop fun.","Permeable Membrane: Polypropylene Non-Woven Fabric, Absorbent Core: Cellulose Fiber From Wood, Bottom Membrane: Polythylene, Elastic Fiber: Polyurethane, Glue, Printing Color",you can use them the same way you would use a swimsuit with a back label to identify back from front.,Store away from direct light in a cool & dry place.,Pool,15,kg
Douce Nature Organic cotton baby wipes (40pcs),0,VND,"Biodegradable, these wipes 100% organic cotton contribute to the well-being of baby but also to preserving the environment.Soft and durable, they are suitable for washing infants and young children (seat, face and hands) and do not require rinsing.They have a mild pH and formulated based on active ingredients from plants.","Water, Chamomilla Recutita Water *, Lauramidopropyl Betaine, Sodium Benzoate, Potassium Sorbate, Calendula Officinalis Extract *, Citrus Reticulata Oil *, Limonene","Soft and durable, they are suitable for washing infants and young children (seat, face and hands) and do not require rinsing.",Store in a dry place away from sunlight.,,40,pcs
Douce Nature Red berry toothpaste for Kids 50ml,0,VND,"Fruit flavored organic toothpaste without fluoride specially adapted for children over 3 years.Contains mineral silica (cleans teeth gently), aloe vera*. This toothpaste is gentle on gums and tooth enamel.","Aqua, Hydrogenated Starch Hydrolysate, Aloe Barbadensis Leaf Juice, Hydrated Silica, Glycerin, Xylitol, Xanthan Gum, Chondrus Crispus Powder, Carthamus Tinctorius Flower Powder, maltodextrin, glucose, Sodium Cocoyl Glutamate, Disodium Cocoyl Glutamate, silica, Sodium Chloride, Potassium Sorbate, Sodium Benzoate, aroma.",It is recommended to brush your child’s teeth at least 2 times a day and under adult supervision. Use in small quantities. Do not ingest.,Store in a dry place away from sunlight.Keep out of reach of children,Glycerin,50,ml
Douce Nature Cotton buds with baby security (56pcs),0,VND,"Paper shaft, organic cotton tips, especially designed to safely clean a baby’s outer ear canal.Sticks of paper are not bleached in chlorine but in oxygen water, therefore the sticks and their packing are biodegradable.",Organic Baby Cotton Buds.,Cotton buds specially adapted to carefully clean baby's ears.Introduce into baby's ear canal with care and clean delicately.,Store in a dry place away from sunlight.,,56,pcs
Douce Nature Mint toothpaste for Kids 50ml,0,VND,"Mint flavored toothpaste without fluoride specially adapted for children over 3 years.Contains mineral silica (cleans teeth gently), aloe vera*. This toothpaste is gentle on gums and tooth enamel.","Aqua, Hydrogenated Starch Hydrolysate, Aloe Barbadensis Leaf Juice, Hydrated Silica, Glycerin, Xylitol, Xanthan Gum, Chondrus Crispus Powder, Disodium Cocoyl Glutamate, Sodium Cocoyl Glutamate, Glucose, Sodium Chloride, Sodium Benzoate, Potassium sorbate, Aroma.",It is recommended to brush your child’s teeth at least 2 times a day and under adult supervision. Use in small quantities. Do not ingest.,Store in a dry place away from sunlight.Keep out of reach of children,Glycerin,50,ml
Douce Nature Shampoo-shower gel Kiwi for Kids 300ml,0,VND,"This 2-in-1 Shampoo & Shower Gel for kids is formulated with coconut and contains no sulfates.Specially designed for children from 3 to 10 years. Hair and skin are thoroughly cleaned without any fuss.Aloe vera for hydration, and kiwi for a touch of freshness.","Aqua (Water), Cocamidopropyl Betaine, Coco-glucoside, Decyl Glucoside, Sodium Cocoyl Glutamate, Lactic Acid, Disodium Lauryl sulfosuccinate, Sodium Chloride, Glycerin, Sodium Benzoate, Hydrolyzed Wheat Protein, Parfum (Fragrance), Glyceryl Laurate, Dicaprylyl Ether, Lauryl Alcohol, Geraniol, Aloe Barbadensis Leaf Juice Powder, Ribes Nigrum (Black Currant) Leaf Water, Sodium Hydroxide, Simmondsia Chinensis (Jojoba) Seed Oil, Lithospermum Erythrorhizon Root Extract, Fragaria Vesca Fruit Extract, Citric Acid, Potassium sorbate.",Specially designed for children from 3 to 10 years.,Store in a dry place away from sunlight.Keep out of reach of children,Glycerin,300,ml
Douce Nature Eco shampoo - normal hair 85g,0,VND,"Acts like a real shampoo, no soap / Environmentally friendly Fewer plastics, no water for production / Less transport effort and emissions / Economical 1 flower = 400ml liquid shampoo / Gentle surfactants Derivatives of palm or coconut oil from sustainable cultivation","Disodium Lauryl Sulfosuccinate, Cetearyl Alcohol, Triticum Vulgare (Wheat) Starch, Glycerin, Hydrogenated Castor Oil, Stearic Acid, Cocamidopropyl Betaine, Aqua (Water), Coco Glucoside, Butyrospermum Parkii (Shea) Butter*, Perfume (Fragrance), Bentonite, Illite, Behenyl/Stearyl Aminopropanediol Esters, Hydrolized Wheat Protein, Limonene, Eugenol, Citral, Linalool",Moisten hair well- Massage scalp directly with flower shampoo- Rinse with plenty of clear waterNormal hair Rich in minerals for the scalp; helps to keep hair healthy and in shape despite daily wear and tear.,Store in a dry place away from sunlight.Keep out of reach of children,Triticum Vulgare,85,g
Douce Nature Organic Baby Pads 60pcs,179000,VND,"These cotton squares for your baby / child are made of 100% organic cotton and are completely biodegradable. Better for you, better for the environment!",100% organic cotton,The cotton wool squares are ideal for cleaning your baby's face or body or for applying baby products.,Store in a dry place away from sunlight.,,60,pcs
Douce Nature Eco Shampoo Oily Hair 85g,0,VND,"Committed by love of nature and faithful to its values ​​since 1985, Douce Nature is an organic, ethical and militant brand of hygiene and body care products.","Disodium Lauryl Sulfosuccinate, Cetearyl Alcohol, Triticum Vulgare (Wheat) Starch*, Hydrogenated Castor Oil, Glycerin**, Cocamidopropyl Betaine, Coco Glucoside, Stearic Acid, Butyrospermum Parkii (Shea) Butter*, Bentonite, Parfum (Fragrance), Illite, Kaolin , Montmorillonite, Sodium Chloride, Limonene, Eugenol, Aqua / Water / Eau.",Use for daily hygiene,Store away from direct light in a cool & dry place,Triticum Vulgare,85,g
DN Feminine Wipes Hypoallergenic Biodegradable,0,VND,"These completely natural wipes can slip into your bags and serve you in all circumstances.They are based on lemon balm extract, well known for its cleansing effect and cleansing and soothing cornflower floral water.","Melissa Officinalis Flower / Leaf / Stem Water *, Coco-Glucoside, Sodium Benzoate, Potassium Sorbate, Levulinic Acid, Sodium Levulinate, Perfume, Citric Acid.",well known for its cleansing effect and cleansing and soothing cornflower floral water.,Store in a dry place away from sunlight.,Perfume,,
Douce Nature Men’s deodorant Spray 125ml,0,VND,This natural deodorant puts the bacteria responsible for bad odors out of the game. It does this without disrupting the natural process of transpiration. Protects against bad smells for 8 hours (depending on activity).,"Alcohol, Aqua, Symphytum Officinale Root Extract, Glycerin, Parfum, Lactic Acid, Potassium sorbate, Citral, Geraniol, Limonene, Linalool, Citonellol.",Protects against bad smells for 8 hours (depending on activity).,Store in a dry place away from sunlight.Keep out of reach of children,Glycerin,125,ml
Douce Nature Deodorant Spray 125ml,0,VND,"Blocks the action of bacteria responsible for bad odors. Does not block perspiration. With extract of sage (anti-inflammation), perfumed with verbena from India","Alcohol, Salvia Officinalis Extract, Glycerin, Parfum, Lactic Acid, Potassium Sorbate, Citral, Geraniol, Limonene, Linalool.",Make a few short sprays. Avoid any contact with the eyes.,Store in a dry place away from sunlight.Keep out of reach of children,India,125,ml
Douce Nature Roll on for sensitive skins 50ml,0,VND,"Deodorant for sensitive skin without aluminium salts.This deodorant soothes and moisturises without blocking the natural process of perspiration.Roll-on deodorant without aluminium salts, practical, modern and easy to carry. With organic aloe vera with a moisturising effect, bamboo powder, does not block the natural process of perspiration.","Aqua (Water), Alcohol, Propanediol, Triethyl Citrate, Polyglyceryl-3 Caprylate, Caprylyl / Capryl Glucoside, Glyceryl Caprylate, Parfum (Fragrance), Xanthan Gum, Candida Bombicola / Glucose / Methyl Rapeseedate Ferment, Donkey Milk, Zinc Pca, Sodium Benzoate, Bambusa Arundinacea (Stem) Extract, Aloe Barbadensis Leaf Juice Powder, Lactic Acid, Mentha Viridis (Spearmint Leaf) Oil, Limonene, Potassium Sorbate, Citronellol, Linalool.",Apply on a clean dry skin.,Store in a dry place away from sunlight.Keep out of reach of children,Linalool,50,ml
Douce Nature Roll on for normal skin 50ml,0,VND,"This deodorant contains Douce Nature deodorant active plant-based and does not block the natural sweating process. A bamboo powder and peppermint, refreshing and cleansing, it does not stain clothing.","Aqua (Water), Alcohol propanediol, Triethyl Citrate, Polyglyceryl-3 caprylate, Caprylyl / Capryl Glucoside, Glyceryl caprylate, Parfum (Fragrance), Xanthan Gum, Candida bombicola / Glucose / Methyl Rapeseedate Ferment, Zinc Pca, Sodium Benzoate, Bambusa Arundinacea (Stem) Extract, Mentha Piperita (Peppermint) Oil, Mentha Viridis (Spearmint Leaf) Oil, Aloe Barbadensis Leaf Juice Powder, Limonene, Lactic Acid, Potassium sorbate, Citronellol, Linalool.",Apply on a clean dry skin.,Store in a dry place away from sunlight.Keep out of reach of children,Candida,50,ml
Ecodoo Recycled Tissues 100pcs,105000,VND,"The four-ply handkerchiefs from Ecodoo ensure suppleness, comfort and robustness and at the same time take the environment into account - practically in every type of small bag or handbag. - The self-adhesive strip with which it can be opened and closed again remains in effect until the last handkerchief. - The handkerchiefs are made from cellulose fibers made from recycled reusable material.",100% recycled fibers.,for the care and well-being of your body,Store in a dry place away from sunlight.,,100,pcs
Douce Nature Organic oval cosmetic pads 50pcs,99000,VND,"These cotton pads from Douce Nature are made of 100% organic cotton and are completely biodegradable. Better for you, better for the environment!",100% organic cotton,"These cotton pads are ideal for cleansing the face / body or removing make-up from the face, eyes and neck.",Store in a dry place away from sunlight.Keep out of reach of children,,50,pcs
Ecodoo Pocket tissues 15pcs,0,VND,15 packs of 9 tissues made from recycled paper Triple thickness 100% recycled Unbleached Box made from recycled cardboard printed with vegetable ink Soft & strong,100% recycled fibers.,for the care and well-being of your body,Store in a dry place away from sunlight. Keep out of reach of children,,15,pcs
Lil-Lets Regular Tampon x10 (Pc),0,VND,"Our SmartFit™ Non-Applicator Regular tampons gently expand all the way round for great comfort, fit and protection against leaks and are smooth, with a rounded tip, to ensure insertion is easy and comfortable.",Tampons Made Of 100% Organic Cotton.,"Place the end of the tampon (not the end with the string) into the vaginal opening. Push the tampon up and back. After use, roll the tape into a bag and throw it in the trash. Change tampons every 4-8 hours to ensure hygiene and prevent bacteria from damaging the intimate area.",Store away from direct light in a cool & dry place. Keep away from reach of children,,,
Ecodoo Compact recycled kitchen roll 2pcs,0,VND,Recycled eco-friendly compact paper towel. 2 rolls equal to 4!,100% recycled paper,for cleaning areas,Store in a dry place away from sunlight.Keep out of reach of children,,2,pcs
Ecoleaf Jumbo Kitchen Towel (Pc),0,VND,"this kitchen towel is made from 100% recycled fibre sourced exclusively from the UK. It's produced from a mix of consumer and trade waste using chlorine-free processing. The tissue comes in 100% compostable wrap making the packaging sustainable, renewable, non-polluting and non-toxic. .",100% Recycled Paper,Perfect for any eco-conscious family.,Store away from direct light in a cool & dry place. Keep away from reach of children,UK,,
Ecoleaf Toilet Tissue Rolls x9 (Pc),289000,VND,"As with other Ecoleaf paper products, their toilet tissue is made from 100% recycled fibre sourced BPLA Free, exclusively from the UK. It's produced from a mix of consumer and trade waste using chlorine-free processing. The tissue comes in 100% compostable wrap making our packaging sustainable, renewable, non-polluting and non-toxic.",Made From 100% Recycled Paper.,"High quality, eco-friendly toilet tissue",Store away from direct light in a cool & dry place. Keep away from reach of children,UK,,
Always Dailies Indiv Pantyliner Fresh x20 (Pc),0,VND,"No matter where life takes you, Always Dailies Singles Normal To Go panty liners will keep you fresh and protected. Individually wrapped for additional hygiene so you can carry them with you on the go and still feel fresh throughout the day. Ideal for vaginal discharge, as added protection for irregular and light days of your period or for any light losses.",Cotton,"Ideal for vaginal discharge, as added protection for irregular and light days of your period or for any light losses.",Store away from direct light in a cool & dry place. Keep away from reach of children,,,
Gillette Razor Blade Fusion Pro (2pcs),300000,VND,"Gillette Razor Blade Fusion Pro , with 5 lubricated blades for an easy and comfortable shave. Five blades are positioned close together to reduce pressure on the skin and reduce skin irritation. Allows for a close shave.","PEG-115M, PEG-7M, PEG-100, Silica, Tocopheryl Acetate, Pentaerythrityl Tetra-Di-T-butyl Hydroxyhydrocinnamate, Tris (Di-T-butyl) Phosphite, Aloe Barbadensis Dầu, Persea Gratissima (bơ) Dầu, Glycol","Store in a cool, dry place.

Clean the blade after use.

Do not wipe the blade.","Store in a cool, dry place.

Clean the blade after use.

Do not wipe the blade.",,2,pcs
Nivea Extra White Firming Body Lotion (350ml),158000,VND,"Visibly brightens dull skin in just 2 weeks.

Improves skin condition and helps repair skin frequently exposed to sunlight.

Lightweight, non-sticky texture with 40X Vitamin C from 8 powerful brightening ingredients to help protect the skin from UV rays and environmental pollution.

Infused with Vitamin C micro-particles that penetrate deep into the skin layers, providing moisture while restoring dull skin for a visibly brighter and smoother complexion.

SPF30 PA++ offers effective protection against UV damage and pollution.

Enriched with grape seed oil to soften and smooth the skin.

Provides long-lasting hydration for up to 24H+.

Responsible:
Beiersdorf Vietnam Co., Ltd. – 18th Floor, 72-74 Nguyen Thi Minh Khai Street, Xuan Hoa Ward, Ho Chi Minh City, Vietnam.","Aqua, Octocrylene, Phenylbenzimidazole Sulfonic Acid, Butyl Methoxydibenzoylmethane, Glycerin, C12-15 Alkyl Benzoate, Isopropyl Palmitate, Distarch Phosphate, Polyglyceryl-3 Methylglucose Distearate, Alcohol Denat., Cetyl Alcohol, Phenoxyethanol, Sodium Hydroxide, Carbomer, Methylparaben, Hydroxyethylcellulose, Trisodium EDTA, Sodium Polyacrylate, Ethylparaben, Sodium Ascorbyl Phosphate, Propylene Glycol, Creatine, Persea Gratissima Oil, Vitis Vinifera Seed Oil, Maltodextrin, Citrus Limon Juice, Disodium Phosphate, Sodium Phosphate, Citric Acid, Trideceth-9, Mangifera Indica Juice, Fragaria Ananassa Fruit Juice, Malpighia Glabra Fruit Juice, Rubus Fruticosus Juice, \nRubus Idaeus Juice, Vaccinium Myrtillus Fruit Juice, Sodium Benzoate, Bisabolol, Glycyrrhiza Glabra Root Extract, Camellia Sinensis Leaf Extract, Citrus Sinensis Fruit  Extract, Myrciaria Dubia Fruit Juice, Potassium Sorbate, Ascorbic Acid, Parfume",Apply the body lotion evenly all over your body and gently massage in upward circular motions. Use NIVEA Body Lotion daily for best results.,CAUTION: Keep out of reach of children. Discontinue use if irritation occurs.,Ho Chi Minh,350,ml
Nivea Body Night Whitening Serum (200ml),0,VND,"Formulated with pure Vitamin C micro-particles that deeply penetrate the skin** to repair damaged skin and nourish a brighter, more even, and smoother complexion in just 2 weeks with regular nightly use.

Enriched with 40x* Vitamin C from 8 powerful brightening ingredients, combined with Q10 to enhance skin firmness and elasticity. Vitamin E helps keep skin soft, smooth, and hydrated.

Provides intense moisture for up to 24H+.

Responsible:
Beiersdorf Vietnam Co., Ltd. – 18th Floor, 72-74 Nguyen Thi Minh Khai Street, Xuan Hoa Ward, Ho Chi Minh City, Vietnam.","Aqua, Ethylhexyl Methoxycinnamate, Isopropyl Palmitate, Paraffinum Liquidum, Cetyl Alcohol, Dimethicone, Palmitic Acid, Stearic Acid, Glycerin, Cetyl Palmitate, Glyceryl Stearate, Tapioca Starch, Butyl Methoxydibenzoylmethane, Carbomer, Phenoxyethanol, Sodium Hydroxide, Trisodium EDTA, Methylparaben, Propylparaben, Myristic Acid, Sodium Ascorbyl Phosphate, Arachidic Acid, Propylene Glycol, Creatine, Oleic Acid, Persea Gratissima Oil, Vitis Vinifera Seed Oil, Tocopheryl Acetate, Hydrolyzed Pearl, Ubiquinone, BHT, Citric Acid, Trideceth-9, Lycium Barbarum Fruit Extract, Glucose, Malpighia Glabra Fruit Juice, Myrciaria Dubia Fruit Juice, PEG-40 Hydrogenated Castor Oil, Sodium Benzoate, Potassium Sorbate, Lactic Acid, Camellia Sinensis Leaf Extract, Citrus Sinensis Fruit Extract, Panax Ginseng Root Extract, Glycyrrhiza Glabra Root Extract, Bisabolol, Sorbic Acid,Caramel, Parfum",Apply the body lotion evenly all over your body and gently massage in upward circular motions. Use NIVEA Body Lotion daily for best results.,CAUTION: Keep out of reach of children. Discontinue use if irritation occurs.,Ho Chi Minh,200,ml
Nivea Men Deodorant Invisible Black & White (50ml),99000,VND,"Nivea Men Invisible For Black & White is an advanced formula containing aluminum salts, which reduces perspiration and effectively prevents odors for up to 48 hours, leaving you feeling dry all day long. . A masculine fragrance that gives you a confident, seductive look all day long. Compact design, convenient to carry anywhere.","Aqua, Glycerin, Myristic Acid, Palmitic Acid, Stearic Acid, Lauric Acid,…",Shake the bottle and roll it over the underarms every day.,"Store in a cool, dry place, away from direct sunlight",,50,ml
Nivea Men Deodorant Cool Kick (50ml),92000,VND,"Cooling formula with an energetic fragrance, helps reduce sweat and provides up to 72-hour odor protection*.","Aqua, Alcohol Denat., Aluminum Chlorohydrate, Glycerin, Parfum, Palmitamidopropyltrimonium 
Chloride, Laureth-7 Citrate, Propylene Glycol, Tocopherol, 
Hydroxyethylcellulose, Citric Acid, Disodium Phosphate, Sodium Phosphate, Hydrogenated Palm
Glycerides Citrate","DIRECTIONS FOR USE
- Roll onto underarm skin daily.
- Best used immediately after showering. Allow product to dry before putting on clothes.","NOTES: Discontinue use if irritation or a burning sensation occurs. Store in a dry place.
CAUTION: Keep out of reach of children. Stop use if any sign of irritation appears.",Glycerin,50,ml
Nivea Men Deodorant Dry Impact (50ml),0,VND,"The antiperspirant roll-on helps to reduce sweat and prevent odors effectively for 48 hours, giving an instant dry feeling. Nivea Men Dry Antiperspirant Roller 50ml keeps you dry for 48 hours. Nivea deodorant spray helps you shine confidently, without worrying about body odor","Aqua, Aluminum Chlorohydrate, PPG-15 Stearyl Ether, Steareth-2, Steareth-21, Parfum, Aluminum Sesquichlorohydrate, Magnesium Aluminum Silicate, Persea Gratissima Oil, Trisodium EDTA, BHT.","Use daily, after bathing. Roll on the skin under the arm every day, wait for the solution to dry and then put on a shirt","Preserved in dry, cool place. Avoid direct exposure to the sun",,50,ml
Nivea Men Deodorant Silver Protect (50ml),0,VND,"The Silver Molecule formula helps eliminate 99.9% of odor-causing bacteria and provides up to 72 hours of effective odor protection*
* Based on testing results conducted by proDERM Germany, July 2010.","Aqua, Alcohol Denat., Aluminum
Chloro hydrate, Glycerin, Parfum, Palmitamidopropyltri -
monium Chloride, Laureth-7 Citrate, Silver Citrate, Propylene Glycol, Tocopherol, Hydroxyethylcellulose, Citric
Acid, Disodium Phosphate, Sodium Phosphate,
Hydrogenated Palm Glycerides Citrate","DIRECTIONS FOR USE
- Roll onto underarm skin daily.
- Best used immediately after showering. Allow product to dry before putting on clothes.","NOTES: Discontinue use if irritation or a burning sensation occurs. Store in a dry place.
CAUTION: Keep out of reach of children. Stop use if any sign of irritation appears.",Germany,50,ml
Nivea Men Silver Protect Dynamic Power (150ml),116000,VND,"-Silver Molecule formula helps reduce odor-causing bacteria on the skin and provides effective odor protection.
- Eliminates up to 99.9% of odor-causing bacteria
- Quick-drying spray format","Butane, Isobutane, Propane, Isopropyl Palmitate, Aluminum Chlorohydrate, Dicaprylyl Ether, Caprylic/Capric Triglyceride, Silver Citrate, Octyldodecanol, Persea Gratissima Oil, Disteardimonium Hectorite, Propylene Carbonate, Aqua, Citric Acid, Tocopherol, Parfum","DIRECTIONS FOR USE
Shake well before use.
Hold the can 15 cm away from the underarm and spray evenly.
Allow the product to dry before putting on clothes. Avoid spraying into eyes.",CAUTION: Keep out of reach of children. Discontinue use if irritation occurs.,Isobutane,150,ml
Nivea Deodorant Whitening (50ml),92000,VND,"Brightening the underarm skin
Pore minimizing
72H Odor & sweat protection",": Aqua, Aluminum Chlorohydrate, PPG-15 Stearyl Ether, 
Steareth-2, Steareth-21, Parfum, Trisodium EDTA, Glycerin, Sodium Ascorbyl 
Phosphate, Aloe Barbadensis Leaf Juice Powder, Persea Gratissima Oil, 
Maltodextrin, Citrus Limon Juice, Propylene Glycol, Glycyrrhiza Glabra
Root Extract, Tocopherol, Cucumis Sativus Juice, Lycium Barbarum 
Fruit Extract, Glucose, PEG-40 Hydrogenated Castor Oil, Punica 
Granatum Fruit Extract, Trideceth-9, Sodium Benzoate, 
Potassium Sorbate, Lactic Acid, Camellia Sinensis Leaf
Extract, Citric Acid, Panax Ginseng Root Extract,
Sorbic Acid, Ascorbic Acid, Carame","DIRECTIONS FOR USE
- Roll onto underarm skin daily.
- Best used immediately after showering. Allow product to dry before putting on clothes.","NOTES: Discontinue use if irritation or a burning sensation occurs. Store in a dry place.
CAUTION: Keep out of reach of children. Stop use if any sign of irritation appears.",Limon,50,ml
Nivea Deodorant Dry Comfort (50ml),79000,VND,"72H protection
No irritation",":Aqua, Aluminum Chlorohydrate, PPG-15
Stearyl Ether, Steareth-2, Steareth-21, Aluminum Sesquichlorohydrate, Parfum, Trisodium EDTA, Persea Gratissima
Oil, Pentaerythrityl Tetra-di-t-butyl Hydroxyhydrocinnamate, Magnesium Aluminum Silicate,
Tocopherol","DIRECTIONS FOR USE
- Roll onto underarm skin daily.
- Best used immediately after showering. Allow product to dry before putting on clothes.","NOTES: Discontinue use if irritation or a burning sensation occurs. Store in a dry place.
CAUTION: Keep out of reach of children. Stop use if any sign of irritation appears.",,50,ml
Nivea Deodorant Extra Whitening (50ml),95000,VND,"Nivea Anti-Perspirant Roll On 48h Anti-Perspirant Roll On of the Nivea brand is a roll-on deodorant for smooth, bright underarm skin, providing a feeling of freshness and energy. At the same time, effectively reducing sweat and odor with the formula of microscopic particles that will penetrate extremely quickly and deeply to help whiten skin and effectively deodorize with a light, dry fragrance for 48 hours give you confidence for all activities","Aqua, Aluminum Chlorohydrate, PPG-15 Stearyl Ether, Steareth-2, Steareth-21, Parfum, Trisodium EDTA, Persea Gratissima Oil...",Roll onto underarm skin every day. Best used right after bathing. Wait for the product to dry and then put the shirt on.,"Store in a cool, dry place, away from direct sunlight",,50,ml
Nivea Deodorant Energy Fresh (50ml),79000,VND,"Nivea Energy Fresh Deodorant Roll-On Deodorant is extracted from lemongrass and aluminum salt essence, easily eliminating unpleasant odors under the arms, effectively preventing sweat secretion, giving you a dry feeling for 48 hours. At the same time, the combination of micro-nutrient particles in Nivea Energy Fresh will penetrate deep into the skin to create a natural feeling of freshness for you to be carefree throughout the day. The seductive scent from lemongrass will help limit sweat secretion, reduce dark spots so that you feel dry when using the product. Free of alcohol, colorants, preservatives, so it is suitable for all skin types","Aqua, Aluminum Chlorohydrate, Isoceteth-20, Paraffinum Liquidum, Butylene Glycol, Glyceryl Isostearate, Parfum, Persea Gratissima Oil, PEG-150 Distearate, Propylene Glycol, Cymbopogon Citratus Extract.","Apply product directly to underarm skin.
Avoid using when skin is broken.","Store in a cool, dry place, away from direct sunlight",,50,ml
Nivea Deodorant Invisible Black & White (50ml),92000,VND,"72H protection
Anti-stain
No residue","Aqua,
Aluminum Chlorohydrate, Isoceteth-20,
Dicaprylyl Ether, Butylene Glycol, Glyceryl
Isostearate, Parfum, Palmitamidopropyltrimonium Chloride, Laureth-7 Citrate, PEG-150 Distearate, Propylene Glycol, Tocopherol, Citric Acid, Hydrogenated Palm Glycerides Citrate","DIRECTIONS FOR USE
- Roll onto underarm skin daily.
- Best used immediately after showering. Allow product to dry before putting on clothes.","NOTES: Discontinue use if irritation or a burning sensation occurs. Store in a dry place.
CAUTION: Keep out of reach of children. Stop use if any sign of irritation appears.",,50,ml
Nivea Deodorant Pearl & Beauty (50ml),92000,VND,"Formulated according to NIVEA's unique formula, NIVEA Pearl & Beauty antiperspirant roll-on easily eliminates unpleasant underarm odor, effectively prevents perspiration, provides a seductive fragrance, and leaves you feeling dry. Active, confident, active all day long.
Contains pearl extract and avocado oil to help nourish the skin, smooth, beautiful and sexy.
Reduces sweat and odor effectively for up to 48 hours","Aqua, Aluminum Chlorohydrate, PPG-15 Stearyl Ether, Steareth-2, Steareth-21, Parfum, Hydrolyzed Pearl, Persea Gratissima Oil, Trisodium EDTA, BHT","Roll onto underarm skin every day, Best to use right after shower, Wait for product to dry then put on","Store in a cool, dry place, away from direct sunlight",,50,ml
Nivea Pearl & Beauty Spray (150ml),108000,VND,"Formulated with pearl extract and avocado oil to help nourish and brighten the skin. Effectively reduces sweat and controls odor for up to 72 hours*. Alcohol-free**.

*Does not affect the body's natural physiological processes. Based on research conducted by proDERM, Germany, in June 2021.
**Refers to Ethyl Alcohol.**",": Butane, Isobutane, Propane, Isopropyl Palmitate, Aluminum Chlorohydrate, Dicaprylyl Ether, Caprylic/Capric Triglyceride, Parfum, Hydrolyzed Pearl,
Octyldodecanol, Persea Gratissima Oil, Disteardimonium Hectorite, Propylene Carbonate, Tocophero","DIRECTIONS FOR USE
Shake well before use.
Hold the can 15 cm away from the underarm and spray evenly.
Allow the product to dry before putting on clothes. Avoid spraying into eyes.",CAUTION: Keep out of reach of children. Discontinue use if irritation occurs.,Germany,150,ml
Nivea Invisible Black & White Spray (150ml),107000,VND,"Advanced formula for underarm skin care with 5 benefits:
(1) Odor protection*
(2) Sweat reduction*
(3) Leaves no residue on clothes**
(4) Minimizes yellow stains on clothes**
(5) Gentle on skin^

*Does not affect the body's natural physiological processes. Based on research conducted by proDERM, Germany, July–August 2021.
**Based on research conducted by Consumer & Clinical Science, Beiersdorf AG, August 2021.
^Based on research conducted by proDERM, November 2019.",": Butane, Isobutane, Propane, Isopropyl Palmitate, Aluminum Chlorohydrate, Dicaprylyl Ether, Caprylic/Capric Triglyceride, Octyldodecanol,
Triethyl Citrate, Parfum, Palmitamidopropyltrimonium Chloride, Propylene Glycol, Disteardimonium Hectorite, Propylene Carbonate, Tocopherol","DIRECTIONS FOR USE
Shake well before use.
Hold the can 15 cm away from the underarm and spray evenly.
Allow the product to dry before putting on clothes. Avoid spraying into eyes.",CAUTION: Keep out of reach of children. Discontinue use if irritation occurs.,Germany,150,ml
Nivea Extra Whitening Spray (150ml),108000,VND,"Reduce stubborn and dullness after 5 days
72H protection","Butane, Isobutane, Propane, Isopropyl Palmitate, Aluminum Chlorohydrate, Dicaprylyl Ether, Caprylic/Capric Triglyceride, Disteardimonium Hectorite, Octyldodecanol, Propylene Carbonate, Persea Gratissima Oil, Glycyrrhiza Glabra Root Extract, Sodium Ascorbyl Phosphate, Hydrolyzed Pearl, Aqua, Glycerin, Aloe Barbadensis Leaf Juice Powder, Maltodextrin, Citrus Limon Juice, Propylene Glycol, Cuminum Sativus Juice, Cymbopogon Citratus Extract, Glucose, PEG-40 Hydrogenated Castor Oil, Punica Granatum Fruit Extract, Trideceth-9, Sodium Benzoate, Lactic Acid, Potassium Sorbate, Camellia Sinensis Leaf Extract, Citric Acid, Panax Ginseng Root Extract, Ascorbic Acid, Sorbic Acid, Caramel, Tocopherol, Parfum","DIRECTIONS FOR USE
Shake well before use.
Hold the can 15 cm away from the underarm and spray evenly.
Allow the product to dry before putting on clothes. Avoid spraying into eyes.",CAUTION: Keep out of reach of children. Discontinue use if irritation occurs.,Limon,150,ml
Nivea Fruity Shine Strawberry (4.8g),79000,VND,"NIVEA Strawberry Shine Lip Balm is a tinted lip balm made with natural extracts, free from lead, making it safe even for sensitive lips.
Enriched with Strawberry Extract and Shea Butter, it nourishes and hydrates your lips, keeping them soft, smooth, and moisturized.
It also helps protect lips from the harmful effects of UV rays.
The sweet, fruity scent of strawberries adds a touch of charm and sensuality to your smile.

Responsible:
Beiersdorf Vietnam Co., Ltd. – 18th Floor, 72-74 Nguyen Thi Minh Khai Street, Xuan Hoa Ward, Ho Chi Minh City, Vietnam.","Ricinus Communis Seed Oil, Polyisobutene, Octyldodecanol, Pentaerythrityl Tetraisostearate, Hydrogenated Polydecene, Candelilla Cera, Butyrospermum Parkii Butter, Cera Microcristallina, Isopropyl Palmitate, Synthetic Wax, Polyglyceryl-3 Diisostearate, Glycerin, Glyceryl Glucoside, Aqua, Fragaria Ananassa Fruit Juice, Mica, Propylene Glycol, BHT, Aroma, CI 15985, CI 77891, CI 15850",Apply evenly to lips daily.,CAUTION: Keep out of reach of children. Discontinue use if irritation occurs.,Ho Chi Minh,4.8,g
Nivea Men Facial Foam Anti-Acne (100g),89000,VND,"BENEFITS

Magnolia root extract helps prevent acne.

Carnitine provides optimal oil control without drying or tightening the skin.

Glycerin naturally hydrates the skin, keeping it soft and smooth.","Aqua, Glycerin, Potassium Myristate, Potassium Palmitate, Potassium Stearate, Potassium Laurate, Glyceryl Stearate, PEG-8, Cera Alba, Magnolia Officinalis Bark Extract, Carnitine, Menthol, Camellia Sinensis Leaf Extract, Glyceryl Glucoside, Acrylates Copolymer, Sodium Methyl Cocoyl Taurate, Potassium Arachidate, Potassium Oleate, Alcohol Denat, Trisodium EDTA, Parfum, CI 42090, CI 47005.","DIRECTIONS FOR USE

1. Wet your face, lather the product, and gently massage onto your skin. Avoid direct contact with eyes.

2. Rinse thoroughly with water.",CAUTION: Keep out of reach of children. Discontinue use if irritation occurs.,Alba,100,g
Nivea Essential Care (4.8g),77000,VND,"NIVEA Intensive Moisture Lip Balm keeps your lips soft, smooth, and deeply moisturized—even in dry weather or air-conditioned environments.

Provides up to 48h of moisture and hydration balance

Prevents moisture loss from the lips

Helps repair dry, damaged lips caused by frequent dehydration

Safe for lips with a lead-free formula

Can be used as an intensive lip balm or as a base before applying colored lipstick

Deeply hydrates and restores moisture balance

Responsible:
Beiersdorf Vietnam Co., Ltd. – 18th Floor, 72-74 Nguyen Thi Minh Khai Street, Xuan Hoa Ward, Ho Chi Minh City, Vietnam.","Cera Microcristallina, Octyldodecanol, Hydrogenated Polydecene, Cetyl Palmitate, Ricinus Communis Seed Oil, Myristyl Myristate, VP/Hexadecene Copolymer, Cetearyl Alcohol, Polyglyceryl-3 Diisostearate, Butyrospermum Parkii Butter, Caprylic/Capric Triglyceride, Pentaerythrityl Tetraisostearate, VP/Eicosene Copolymer, C20-40 Alkyl Stearate, Panthenol, Copernicia Cerifera Cera, Cera Alba, Aqua, Glycerin, Parfum",Apply evenly to lips daily.,CAUTION: Keep out of reach of children. Discontinue use if irritation occurs.,Ho Chi Minh,4.8,g
Nivea Men Mud Foam Extra Whitening (100g),0,VND,"Nivea Men Detox Mud facial cleanser is gentle and does not cause skin irritation because it does not contain chemicals. Nivea Men Brightening Oil Control Facial Cleanser 100g helps brighten skin and clean oil in just one step, providing moisture for smooth skin, does not cause dry skin, and minimizes pores.","Aqua, Glycerin, Potassium Myristate, Potassium Palmitate, Potassium Stearate, Potassium Laurate, Glyceryl Stearate, PEG-8, Cera Alba, Carnitine, Menthol, Acrylates Copolymer, Sodium Methyl Cocoyl Taurate, Potassium Arachidate, Potassium Oleate, Trisodium EDTA, Parfum, Calcium Carbonate, Sodium Salicylate, CI 77266, 4-Butylresorcinol, Magnesium Chloride, Caprylic/Capric Triglyceride, CI 61570, CI 16035, CI 10316, Fucus Vesiculosus Extract, Glycyrrhiza Glabra Root Extract.","Wet face, use a sufficient amount of cleanser to create foam and massage onto face, then rinse with water. Use at least twice a day, morning and evening.","Cool place, avoid high temperature and direct sunlight.",Alba,100,g
Maitre Savon de Marseille Authentic Marseille Soaps 300g,126000,VND,"Genuine Marseille soap, which is cooked in a cauldron, is made in Marseille and follows a tradition that is based on 100% vegetable oils. It is ideal for washing delicate fabrics by hand; it effectively loosens the most stubborn stains while leaving clothes feeling soft.","Sodium Olivate,Sodium Cocoate, Aqua (Water),Glycerin,Sodium Chloride,Sodium hydroxides","It can be used as a natural household cleaner, body soap or laundry agent.",Store in a dry place away from sunlight.Keep out of reach of children,,300,g
Maitre Savon de Marseille Authentic Marseille Soaps without Palm 100g,0,VND,"Rediscover Marseille Soap faithful to its origins: Pure olive and palm-free and copra, it is a very soft soap and very healthy, pure olive and without chemicals.","Sodium Olivate,Sodium Cocoate,Aqua (Water),Glycerin,Sodium Chloride,Sodium hydroxides","It can be used as a natural household cleaner, body soap or laundry agent.",Store in a dry place away from sunlight.Keep out of reach of children,,100,g
Maitre Savon de Marseille Beige Authentic Marseille Soaps 300g,126000,VND,"Genuine Marseille soap, which is cooked in a cauldron, is made in Marseille and follows a tradition that is based on 100% vegetable oils. It is ideal for washing delicate fabrics by hand; it effectively loosens the most stubborn stains while leaving clothes feeling soft.","Sodium Palmate, Aqua (Water), Sodium Palm Kernelate, Sodium Chloride, Sodium Hydroxide",Lather on damp skin. Rinse thoroughly.,Store in a dry place away from sunlight. Keep out of reach of children,,300,g
Skinny Coconut Oil (60ml),95000,VND,"Skinny & Co. Coconut Oil is uniquely created with oil extracted from coconuts without using heat. The result is a pure, natural, slightly sweet coconut oil that can be used to prepare any food or dish, and give a boost of energy in the process.",100% coconut oil,"Skinny & Co. Coconut Oil is a smooth, versatile oil that can be used in place of butter or other oils in cooking and baking recipes. In most cases, use a 1:1 ratio for substitution.",To store in a cool place away from sunlight,,60,ml
Skinny Coconut Oil (250ml),360000,VND,"Skinny & Co. Coconut Oil is uniquely created with oil extracted from coconuts without using heat. The result is a pure, natural, slightly sweet coconut oil that can be used to prepare any food or dish, and give a boost of energy in the process.",100% coconut oil,"Skinny & Co. Coconut Oil is a smooth, versatile oil that can be used in place of butter or other oils in cooking and baking recipes. In most cases, use a 1:1 ratio for substitution.",To store in a cool place away from sunlight,,250,ml
Skinny Green Tea Moisturizing Soap (150g),95000,VND,"Handcrafted in Vietnam by soap artisans, we begin with our 100% raw coconut oil. That oil is then crafted into a luxurious and nourishing bar. It is made with a combination of the best natural ingredients the earth has to offer. The Raw Soaps are gentle enough to use on the delicate skin on the face, even near the eyes, yet effective to penetrate and hydrate the thicker skin on our bodies. Remember that no chemicals or fillers are ever a part of our products, so we guarantee the best quality ingredients.","Skinny coconut oil, green tea powder, almond oil, grape seed oil, Glycerin.","Run Under Warm Water To Create A Healthy LatherGentle Enough To Use On Hands, Body, And FaceMassage Into Skin And Rinse With Warm Water",To store in a cool place away from sunlight,Bar,150,g
Skinny LemonGrass Moisturizing Soap (150g),95000,VND,"Handcrafted in Vietnam by soap artisans, we begin with our 100% raw coconut oil. That oil is then crafted into a luxurious and nourishing bar. It is made with a combination of the best natural ingredients the earth has to offer. The Raw Soaps are gentle enough to use on the delicate skin on the face, even near the eyes, yet effective to penetrate and hydrate the thicker skin on our bodies. Remember that no chemicals or fillers are ever a part of our products, so we guarantee the best quality ingredients.","Skinny coconut oil, lemongrass powder, almond oil, grape seed oil, Glycerin.","Run Under Warm Water To Create A Healthy LatherGentle Enough To Use On Hands, Body, And FaceMassage Into Skin And Rinse With Warm Water",To store in a cool place away from sunlight,Bar,150,g
Skinny Facial Oil (62ml),349000,VND,"If you are looking for an essential product in your morning or evening beauty arsenal, this is it. Perfect for all skin types, the Skinny Facial Oil with natural anti-microbial properties from the 100% RAW & pure coconut oil paired with calming lavender and chamomile essential oils has everything you need to cleanse, moisturize, & protect your skin.","Skinny&Co. Coconut Oil, Proprietary Blend of Essential Oils, Lavender and Roman Chamomile Extract.","After washing your face, use an adequate amount of serum, massage your face for 10 minutes, then lie down for about 20 minutes to allow the oil to penetrate into your face.
Wash your face with warm water and do it 3 times a week.",To store in a cool place away from sunlight,,62,ml
Skinny Facial Oil (125ml),0,VND,"If you are looking for an essential product in your morning or evening beauty arsenal, this is it. Perfect for all skin types, the Skinny Facial Oil with natural anti-microbial properties from the 100% RAW & pure coconut oil paired with calming lavender and chamomile essential oils has everything you need to cleanse, moisturize, & protect your skin.","Skinny&Co. Coconut Oil, Proprietary Blend of Essential Oils, Lavender and Roman Chamomile Extract.","After washing your face, use an adequate amount of serum, massage your face for 10 minutes, then lie down for about 20 minutes to allow the oil to penetrate into your face.
Wash your face with warm water and do it 3 times a week.",To store in a cool place away from sunlight,,125,ml
Skinny Peppermint Oil Pulling (60ml),105000,VND,"Your reason to smile more! A centuries-old technique, oil pulling removes buildup from your mouth that can contain bacteria, plaque, and other toxins that brushing can't reach.","Skinny Coconut Oil, Peppermint Essential Oil","Swish 1 tbsp in mouth for 2- 20 minutes to remove toxins, particles and debris from your mouth. Spit into trash can when finished. Rinse, then finish your daily routine. Great for persistent bad breath and dry mouth.",To store in a cool place away from sunlight,,60,ml
Skinny Jojoba Rose Body Butter (255g),550000,VND,"Treat your skin! Created with Skinny Coconut Oil, kokum butter, and nourishing oils for specific skin types, each Essential Body Butter is a powerful, long-lasting full body moisturizer that leaves your skin with a beautiful glow from head to toe. Rose - For dry/aging skin","Skinny Coconut Oil, Garcinia Indica (Kokum Butter), Citrus Bergamia (Bergamot), Pelargonium Graveolens (Geranium) Oil, Rosa Damascena Flower Oil","Massage liberally into skin for deeply nourishing hydration. Experience full-body bliss!
After Shower - Lock in moisture to give your skin long-lasting hydration
After Sun - Gently soothe sunburns after sun exposure
After Shave - Hydrate skin after shaving to minimize risk of razor burn or irritation",To store in a cool place away from sunlight,,255,g
Skinny Peppermint Oil Pulling (250ml),390000,VND,"Your reason to smile more! A centuries-old technique, oil pulling removes buildup from your mouth that can contain bacteria, plaque, and other toxins that brushing can't reach.","Skinny Coconut Oil, Peppermint Essential Oil","Swish 1 tbsp in mouth for 2- 20 minutes to remove toxins, particles and debris from your mouth. Spit into trash can when finished. Rinse, then finish your daily routine. Great for persistent bad breath and dry mouth.",To store in a cool place away from sunlight,,250,ml
Sonett Hand Soap Neutral (300ml),0,VND,"The oils and essentials oils used for these hand soaps are 100 % derived from certified organic cultivation or collection from wild-growing plants. The coconut oil originates from a Fair-Trade-Project in the Dominican Republic. The olive oil is supplied by cooperatives in Spain, Italy, and Greece.","Aqua, potassium olivate, potassium cocoate, alkylpolyglucoside C8–C16 (coco glucoside, lauryl glucoside), alcohol denat., glycerin, sodium / potassium citrate",Mild soaps for washing your hands and your entire body.,"Keep in its original packaging, in a dry place, away from light and pests",Dominican Republic,300,ml
Skinny Vanilla Scent Body Scrub (255g),432000,VND,"Our one-step wonder to uncover your glow! Our Vanilla Sugar Body Scrub is a moisturizing exfoliant that cleanses, exfoliates, and moisturizes at once. Plus, its rich, sweet vanilla scent makes you look forward to using it again and again! 
We recommend using 1-2 times weekly to slough away dead skin and uncover healthy, radiant skin. Because our hydrating coconut oil is the base, there is no need to moisturize afterward!","Skinny Coconut Oil, Coconut Sugar, and Vanilla Beans","Massage liberally onto clean, damp skin 1-2 times weekly to slough away dead skin and uncover healthy, radiant skin; rinse with warm water and pat dry. Great for around the mouth, eyes, and ears. Because our hydrating coconut oil is the base, there is no need to moisturize afterward!",To store in a cool place away from sunlight,Slough,255,g
Sonett Hand Soap Neutral refill bottle (1L),0,VND,"The oils and essentials oils used for these hand soaps are 100 % derived from certified organic cultivation or collection from wild-growing plants. The coconut oil originates from a Fair-Trade-Project in the Dominican Republic. The olive oil is supplied by cooperatives in Spain, Italy, and Greece.","Aqua, potassium olivate, potassium cocoate, alkylpolyglucoside C8–C16 (coco glucoside, lauryl glucoside), alcohol denat., glycerin, sodium / potassium citrate",Mild soaps for washing your hands and your entire body.,"Keep in its original packaging, in a dry place, away from light and pests",Dominican Republic,1,L
Sonett Hand Soap Citrus refill bottle (1L),0,VND,"The oils and essentials oils used for these hand soaps are 100 % derived from certified organic cultivation or collection from wild-growing plants. The coconut oil originates from a Fair-Trade-Project in the Dominican Republic. The olive oil is supplied by cooperatives in Spain, Italy, and Greece.","Aqua, potassium olivate, potassium cocoate, alkylpolyglucoside C8–C16 (coco glucoside, lauryl glucoside), alcohol denat., glycerine, sodium/potassium citrate, parfum: Cymbopogon flexuosus oil (contains citral), dipterocarpus turbinatus balm extract, balsamic additives (laurus nobilis leaf extract, boswellia serrata gum, gold, commiphora myrrha, oleo europaea oil, viscum album, rosa damascena)",Mild soaps for washing your hands and your entire body.,"Keep in its original packaging, in a dry place, away from light and pests",Dominican Republic,1,L
Sonett Hand Soap Lavender (300ml),0,VND,"The oils and essentials oils used for these hand soaps are 100 % derived from certified organic cultivation or collection from wild-growing plants. The coconut oil originates from a Fair-Trade-Project in the Dominican Republic. The olive oil is supplied by cooperatives in Spain, Italy, and Greece.","Aqua, potassium olivate, potassium cocoate, alkylpolyglucoside C8–C16 (coco glucoside, lauryl glucoside), alcohol denat., glycerine, sodium/potassium citrate, parfum: Cymbopogon flexuosus oil (contains citral), dipterocarpus turbinatus balm extract, balsamic additives (laurus nobilis leaf extract, boswellia serrata gum, gold, commiphora myrrha, oleo europaea oil, viscum album, rosa damascena)",Mild soaps for washing your hands and your entire body.,"Keep in its original packaging, in a dry place, away from light and pests",Dominican Republic,300,ml
Sonett Hand Soap Citrus (300ml),0,VND,"The oils and essentials oils used for these hand soaps are 100 % derived from certified organic cultivation or collection from wild-growing plants. The coconut oil originates from a Fair-Trade-Project in the Dominican Republic. The olive oil is supplied by cooperatives in Spain, Italy, and Greece.","Aqua, potassium olivate, potassium cocoate, alkylpolyglucoside C8–C16 (coco glucoside, lauryl glucoside), alcohol denat., glycerine, sodium/potassium citrate, parfum: Cymbopogon flexuosus oil (contains citral), dipterocarpus turbinatus balm extract, balsamic additives (laurus nobilis leaf extract, boswellia serrata gum, gold, commiphora myrrha, oleo europaea oil, viscum album, rosa damascena)",Mild soaps for washing your hands and your entire body.,"Keep in its original packaging, in a dry place, away from light and pests",Dominican Republic,300,ml
Sonett Hand Soap Lavender refill bottle (1L),0,VND,"The oils and essentials oils used for these hand soaps are 100 % derived from certified organic cultivation or collection from wild-growing plants. The coconut oil originates from a Fair-Trade-Project in the Dominican Republic. The olive oil is supplied by cooperatives in Spain, Italy, and Greece.","Aqua, potassium olivate, potassium cocoate, alkylpolyglucoside C8–C16 (coco glucoside, lauryl glucoside), alcohol denat., glycerine, sodium/potassium citrate, parfum: Cymbopogon flexuosus oil (contains citral), dipterocarpus turbinatus balm extract, balsamic additives (laurus nobilis leaf extract, boswellia serrata gum, gold, commiphora myrrha, oleo europaea oil, viscum album, rosa damascena)",Mild soaps for washing your hands and your entire body.,"Keep in its original packaging, in a dry place, away from light and pests",Dominican Republic,1,L
Sonett Hand Soap Rose (300ml),0,VND,"The oils and essentials oils used for these hand soaps are 100 % derived from certified organic cultivation or collection from wild-growing plants. The coconut oil originates from a Fair-Trade-Project in the Dominican Republic. The olive oil is supplied by cooperatives in Spain, Italy, and Greece.","Aqua, potassium olivate, potassium cocoate, alkylpolyglucoside C8–C16 (coco glucoside, lauryl glucoside), alcohol denat., glycerine, sodium/potassium citrate, parfum: Cymbopogon flexuosus oil (contains citral), dipterocarpus turbinatus balm extract, balsamic additives (laurus nobilis leaf extract, boswellia serrata gum, gold, commiphora myrrha, oleo europaea oil, viscum album, rosa damascena)",Mild soaps for washing your hands and your entire body.,"Keep in its original packaging, in a dry place, away from light and pests",Dominican Republic,300,ml
Skinny Body Scrub - Vanilla Scent (57g),96000,VND,"Our one-step wonder to uncover your glow! Our Vanilla Sugar Body Scrub is a moisturizing exfoliant that cleanses, exfoliates, and moisturizes at once. Plus, its rich, sweet vanilla scent makes you look forward to using it again and again! 
We recommend using 1-2 times weekly to slough away dead skin and uncover healthy, radiant skin. Because our hydrating coconut oil is the base, there is no need to moisturize afterward!","Skinny Coconut Oil, Coconut Sugar, and Vanilla Beans","Massage liberally onto clean, damp skin 1-2 times weekly to slough away dead skin and uncover healthy, radiant skin; rinse with warm water and pat dry. Great for around the mouth, eyes, and ears. Because our hydrating coconut oil is the base, there is no need to moisturize afterward!",To store in a cool place away from sunlight,Slough,57,g
Genie Detergent Hand Wash Gel (200ml),0,VND,"For small daily washes, Génie gel is the effective and practical solution to offer you a quick and optimal cleaning of your favorite textiles.","5% -15% anionic surfactants. Perfumes, limonene, linalool, coumarin, preservatives (2-bromo-2-nitropropane-1, 3-diol).","To pre-treat stubborn stains before hand or machine washing, genie gel can also be easily applied for impeccable laundry.","Keep away from food, drink and animal feed. Properly ventilated premises.",,200,ml
Vania Pantyliner pocket x30 (Pc),0,VND,"Pleasant to wear every day, the soft and supple panty-liner protects you while remaining practical with its individual pocket, it is easy to carry and discreet.","Polyethylene, Polypropylene, Polyester, Silicone coated paper, Cellulose fibers of vegetable origin.","Press the sticky surface of the panty liner onto the center patch of your underwear. If the liner has wings, fold these wings underneath the center patch of your underwear to secure it to your panties. Put the underwear on with the panty liner facing toward your body.",Store in a cool & dry place. Do not flush down the toilet.,,,
Vania Maxi Comfort Super Fresh Pad x14 (Pc),0,VND,"The VANIA® Maxi Comfort Super Plus towel is longer and more absorbent **, to give you protection adapted to very heavy rules. With its fins that allow a better support and its extra soft cotton touch veil, it ensures incredible comfort and optimal protection. Up to 4x more absorbent than the needs of your body *, it gives you effective protection thanks to: its bulging heart that helps to absorb the flow quickly for an optimal feeling of drynessits 4 protective barriers that help prevent leaks","Dermatologically tested veil in synthetic fibers (polyethylene, polypropylene), an absorbent core made of cellulosic fibers of plant origin and superabsorbent polymers, a lower layer of synthetic fibers (polyethylene) that protects the underwear, a paper band that protects the adhesive tape (silicone coated paper), an individual bag (polypropylene).",Peel off the protection of the towel and apply the sticky part on his dry and clean underwear,Store in a cool & dry place.Do not flush down the toilet.,,,
Huggies Swim Pants x11 Size 5-6 baby 12-18Kg,646000,VND,"Huggies® Little Swimmers® swim pants, now have an all round stretchy waistband for a comfortable fit during water play. They have special absorbent material that won't swell up like a nappy. Plus, Leak Guards to stop leaks and protect from little accidents. The fun, colourful Disney designs mean you can use them just like a swimsuit. And when water play is finished, you can tear the sides for easy removal, making change time a breeze.","Permeable Membrane: Polypropylene Non-Woven Fabric, Absorbent Core: Cellulose Fiber From Wood, Bottom Membrane: Polythylene, Elastic Fiber: Polyurethane, Glue, Printing Color",can use them just like a swimsuit,Store away from direct light in a cool & dry place.,,18,kg
Demak'up Original Cotton Pads x105,126000,VND,"Discover Demak'Up Original cotton make-up removal pads: the secret of a good make-up removal thanks to their two complementary sides. The striated side removes effectively the make-up, and the smooth side eliminates softly the last residues.",100% pure cotton fibres,"After removing your make-up, spray your face with thermal water, then dab it lightly with cottonwool in order to dry it. The last impurities are removed, and your skin is clear and soft!",Store in a cool & dry place.Do not flush down the toilet.,,,
Maitre Savon de Marseille Extra Pur Soaps 5*100g,137000,VND,"Genuine Marseille soap, which is cooked in a cauldron, is made in Marseille and follows a tradition that is based on 100% vegetable oils. It is ideal for washing delicate fabrics by hand; it effectively loosens the most stubborn stains while leaving clothes feeling soft.","Sodium Olivate,Sodium Cocoate,Aqua (Water),Glycerin,Sodium Chloride,Sodium hydroxides",It is ideal for washing delicate fabrics by hand; it effectively loosens the most stubborn stains while leaving clothes feeling soft.,Store in a dry place away from sunlight.Keep out of reach of children,,100,g
Maitre Savon de Marseille Soap Lavender 300g,0,VND,"This lavender soap cube has a gorgeously summery fragrance and a bold purple hue to match. It will bring authentic French style to even the most boring of bathrooms. Plus, the whopping 300g size means your cube will last longer than your vow to stay off the rosé.","sodium palmate, sodium palm kernelate, aqua (water), parfum (fragrance), butyrospermum parkii (shea) butter,glycerin, sodium chloride, tetrasodium EDTA, tetrasodium etdronate, geraniol, limonene, linalool, CI 74160, CI 777891 (inorganic pigment), CI77007 (ultramarine)",ideal for splish-splashing with in the bath and they look rather chic on your sink too.,Store in a dry place away from sunlight.Keep out of reach of children,EDTA,300,g
La Corvette Marseille Liquid Soap 500ml,0,VND,"Our liquid Marseille Olive soap is made from 100% vegetable oils and enriched with natural glycerin, an active ingredient known for its moisturizing properties. It gently cleanses your skin, leaving it healthy, supple and fragrant with olive which will transport you to Provence.","Aqua (Water), Potassium Cocoate, Potassium Olivate, Sodium Chloride, Glycerin, PEG-4 Rapeseedamide, Potassium Carbonate, Olea Europaea (Olive) Fruit Oil, Parfum (Fragrance), Citric Acid, Tetrasodium Glutamate Diacetate, CI 19140 (Yellow 5), CI 15510, CI 42051, Linalool.","Our liquid soap is a daily cleanser for hands and body, ideal for the whole family! External use only. Avoid contact with eyes. If splashed in the eyes, rinse with clear water.",Store in a dry place away from sunlight.Keep out of reach of children,Glycerin,500,ml
La Corvette Marseille Lavender Liquid Soap 500ml,222000,VND,"Our Marseille Lavender liquid soap is made from 100% vegetable oils and enriched with natural glycerin, an active ingredient known for its moisturizing properties. It gently cleanses your skin leaving it healthy, supple and fragrant with its floral and Provencal scent.","Aqua (Water), Potassium Cocoate, Potassium Oleate, Sodium Chloride, PEG-4-Rapeseedamide, Glycerin, Parfum (Fragrance), Potassium Carbonate, Citric Acid, Tetrasodium Glutamate Diacetate, CI 42051, CI 45190, Sodium Sulfate, Linalool, Coumarin","Our liquid soap is a daily cleanser for hands and body, ideal for the whole family! External use only. Avoid contact with eyes. If splashed in the eyes, rinse with clear water.",Store in a dry place away from sunlight.Keep out of reach of children,PEG-4,500,ml
La Corvette Marseille Verbena-Lemon Liq. Soap 500ml,0,VND,"Our Marseille Verbena-Lemon liquid soap is made from 100% vegetable oils and enriched with natural glycerin, an active ingredient known for its moisturizing properties. It gently cleanses your skin leaving it healthy, supple and fragrant with its floral and Provencal scent.","Aqua (Water), Potassium Cocoate, Potassium Oleate, Sodium Chloride, PEG-4-Rapeseedamide, Glycerin, Parfum (Fragrance), Potassium Carbonate, Citric Acid, Tetrasodium Glutamate Diacetate, CI 19140 (Yellow 5), CI 15985, Citral, Limonene","Our liquid soap is a daily cleanser for hands and body, ideal for the whole family! External use only. Avoid contact with eyes. If splashed in the eyes, rinse with clear water.",Store in a dry place away from sunlight.Keep out of reach of children,PEG-4,500,ml
La Corvette Marseille Verbena-Lemon Liquid Soap 1L,0,VND,"Our Marseille Verbena-Lemon liquid soap is made from 100% vegetable oils and enriched with natural glycerin, an active ingredient known for its moisturizing properties. It gently cleanses your skin leaving it healthy, supple and fragrant with its floral and Provencal scent.","Aqua (Water), Potassium Cocoate, Potassium Oleate, Sodium Chloride, PEG-4-Rapeseedamide, Glycerin, Parfum (Fragrance), Potassium Carbonate, Citric Acid, Tetrasodium Glutamate Diacetate, CI 19140 (Yellow 5), CI 15985, Citral, Limonene","Our liquid soap is a daily cleanser for hands and body, ideal for the whole family! External use only. Avoid contact with eyes. If splashed in the eyes, rinse with clear water.",Store in a dry place away from sunlight.Keep out of reach of children,PEG-4,1,L
La Corvette Marseille Lavender Liquid Soap 1L,0,VND,"Our Marseille Lavender liquid soap is made from 100% vegetable oils and enriched with natural glycerin, an active ingredient known for its moisturizing properties. It gently cleanses your skin leaving it healthy, supple and fragrant with its floral and Provencal scent.","Aqua (Water), Potassium Cocoate, Potassium Oleate, Sodium Chloride, PEG-4-Rapeseedamide, Glycerin, Parfum (Fragrance), Potassium Carbonate, Citric Acid, Tetrasodium Glutamate Diacetate, CI 42051, CI 45190, Sodium Sulfate, Linalool, Coumarin","Our liquid soap is a daily cleanser for hands and body, ideal for the whole family! External use only. Avoid contact with eyes. If splashed in the eyes, rinse with clear water.",Store in a dry place away from sunlight.Keep out of reach of children,PEG-4,1,L
La Corvette Marseille Liquid Soap 1L,0,VND,"Our liquid Marseille Olive soap is made from 100% vegetable oils and enriched with natural glycerin, an active ingredient known for its moisturizing properties. It gently cleanses your skin, leaving it healthy, supple and fragrant with olive which will transport you to Provence.","Aqua (Water), Potassium Cocoate, Potassium Olivate, Sodium Chloride, Glycerin, PEG-4 Rapeseedamide, Potassium Carbonate, Olea Europaea (Olive) Fruit Oil, Parfum (Fragrance), Citric Acid, Tetrasodium Glutamate Diacetate, CI 19140 (Yellow 5), CI 15510, CI 42051, Linalool.","Our liquid soap is a daily cleanser for hands and body, ideal for the whole family! External use only. Avoid contact with eyes. If splashed in the eyes, rinse with clear water.",Store in a dry place away from sunlight.Keep out of reach of children,Glycerin,1,L
La Corvette Organic Sweet Almond Soap 100g,0,VND,"This natural soap from La Corvette is made of organic vegetable oils and mildly scented with a natural sweet almond fragrance. Specially designed for softness and affinity with the skin, it is suitable for all skin types. 99% of its ingredients are natural and 76% come from organic resources, free from artificial dye, parabens and EDTA. Manufactured in the historic Savonnerie du Midi soap factory in Marseille, France.","Palm Oil (Sodium Palmate)*, Palm Kernel Oil (Sodium Palm Kernelate)*, Water (Aqua), Glycerin*, Fragrance (Parfum)**, Tetrasodium Glutamate Diacetate, Salt (Sodium Chloride), Lye (Sodium Hydroxide), Citric Acid, Linalool, Limonene, Geraniol.","Lather on damp skin. Rinse thoroughly. 
Gently cleans the skin leaving it soft and mildly scented. Suitable for all skin types.",Store in a dry place away from sunlight.Keep out of reach of children,France,100,g
La Corvette Organic Argan Oil Soap 100g,0,VND,"This natural soap from La Corvette is made of organic vegetable oils and enriched with argan oil. Specially designed for softness and affinity with the skin, it is suitable for all skin types. Rich in beneficial nutrients like fatty acids and vitamin E, argan oil gently moisturizes and softens the skin, making this soap a great choice for people with dry, irritated or damaged skin. 99% of its ingredients are natural and 75% come from organic resources, free from artificial dye, parabens and EDTA.","Palm Oil (Sodium Palmate)*, Palm Kernel Oil (Sodium Palm Kernelate)*, Water (Aqua), Glycerin*, Fragrance (Parfum)**, Tetrasodium Glutamate Diacetate, Argan Oil (Argania Spinosa Kernel Oil)*, Salt (Sodium Chloride), Lye (Sodium Hydroxide), Citric Acid, Geraniol.","Lather on damp skin. Rinse thoroughly. 
Gently cleans the skin leaving it soft and mildly scented. Suitable for all skin types.",Store in a dry place away from sunlight.Keep out of reach of children,Glycerin,100,g
La Corvette Organic Fig Leaf Soap 100g,0,VND,"This natural soap from La Corvette is made of organic vegetable oils and mildly scented with a natural fig leaf fragrance. Specially designed for softness and affinity with the skin, it is suitable for all skin types. 99% of its ingredients are natural and 75% come from organic resources, free from artificial dye, parabens and EDTA. Manufactured in the historic Savonnerie du Midi soap factory in Marseille, France.","Palm Oil (Sodium Palmate)*, Palm Kernel Oil (Sodium Palm Kernelate)*, Water (Aqua), Glycerin*, Fragrance (Parfum)**, Tetrasodium Glutamate Diacetate, Salt (Sodium Chloride), Lye (Sodium Hydroxide), Citric Acid, Linalool, Limonene, Eugenol.","Lather on damp skin. Rinse thoroughly. 
Gently cleans the skin leaving it soft and mildly scented. Suitable for all skin types.",Store in a dry place away from sunlight.Keep out of reach of children,France,100,g
La Corvette Organic Aloe Vera Soap 100g,0,VND,"This natural soap from La Corvette is made of organic vegetable oils and mildly scented with a natural aloe vera fragrance. Specially designed for softness and affinity with the skin, it is suitable for all skin types. 99% of its ingredients are natural and 75% come from organic resources, free from artificial dye, parabens and EDTA. Manufactured in the historic Savonnerie du Midi soap factory in Marseille, France.","Palm Oil (Sodium Palmate)*, Palm Kernel Oil (Sodium Palm Kernelate)*, Water (Aqua), Glycerin*, Fragrance (Parfum)**, Tetrasodium Glutamate Diacetate, Aloe Vera (Aloe Barbadensis) Leaf Juice Powder, Sodium Benzoate, Potassium Sorbate, Salt (Sodium Chloride), Lye (Sodium Hydroxide), Citric Acid, Linalool, Limonene, Geraniol.","Lather on damp skin. Rinse thoroughly. 
Gently cleans the skin leaving it soft and mildly scented. Suitable for all skin types.",Store in a dry place away from sunlight.Keep out of reach of children,France,100,g
La Corvette Organic Pomegranate W/Shea Butt. Soap 100g,0,VND,La Corvette Gentle Soap Organic Pomegranate Enriched with Shea Butter 100g is a skin-friendly and planet-friendly soap with a natural scent.,"Sodium Palmate**, Sodium Palm Kernelate**, Aqua (Water), Parfum (Fragrance), Glycerin**, Tetrasodium Glutamate Diacetate, Butyrospermum Parkii (Shea) Butter*, Sodium Chloride, Sodium Hydroxide, Citric Acid, Citronellol, Limonene, Linalool.","Lather on damp skin. Rinse thoroughly. 
Gently cleans the skin leaving it soft and mildly scented. Suitable for all skin types.",Store in a dry place away from sunlight.Keep out of reach of children,Glycerin,100,g
La Corvette Organic Olive Oil & Blossom Hand Balm 75ml,0,VND,"Our Olive Flower hand cream, enriched with organic olive oil, deeply nourishes your skin while delicately scenting it with these delicate and subtle scents of olive flowers. Its melting and non-greasy texture makes it a daily care, to use at any time of the day!","Aqua (Water), Butyrospermum Parkii (Shea) Oil, Glycerin, Sodium Polyacrylate, Olea Europaea (Olive) Fruit Oil*, Parfum (Fragrance), Phenoxyethanol, Triticum Vulgare (Wheat) Starch, 1,2-Hexanediol, Caprylyl Glycol, Citric Acid, Sodium Hydroxide, Tropolone, Butylphenyl Methylpropional, Linalool, Hexyl Cinnamal, Limonene.","Our olive oil fondant cream, enriched with organic olive oil, nourishes and cares for your hands while leaving them delicately scented. Its travel size allows you to take it everywhere with you!",Store in a dry place away from sunlight.Keep out of reach of children,Glycerin,75,ml
La Corvette Organic Shea But Olive Oil Body Balm 200ml,0,VND,"This body balm, enriched with organic olive oil and organic shea butter, is a moisturizing and nourishing treatment for the skin. This cream, with a velvety texture and a subtle scent of olive blossom, gently protects your skin.","Aqua (water), Caprylic / capric triglyceride, Glyceryl Stearate Se, Butyrospermum Parkii (Shea) Butter, Glycerin, Glyceryl stearate, Cera Alba (Beeswax), Cetyl Alcohol, Olea Europaea (Olive) Fruit Oil, Anthemis Nobilis (Chamomile) Flower Extract , Cyclopentasiloxane, Parfum (Fragrance), Palmitic Acid, Cyclohexasiloxane, Stearic Acid, Dimethicone, Chlorphenesin, 1,2-Hexanediol, Caprylyl Glycol, Xanthan Gum, Dimethicone Crosspolymer, Citric Acid, Sodium Hydroxane Coproxane, Hydroxaloyethylethylolymate / Sodium Hydroxide, Troxaloyethyl Acrylimate / Sodium Hydroxide , Aloe Barbadensis Leaf Juice Powder, Tocopherol, Polysorbate 60, Benzyl Alcohol, Olus (Vegetable) Oil, Tropolone, Sorbitan Isostearate, Dehydroacetic Acid, Butylphenyl Methylpropional, Linalool, Limonene, Hydroxycitronellal, Citronellol.","Apply your body balm daily to dry skin. Its non-greasy texture allows you to dress directly after application. Avoid contact with eyes. In case of contact, rinse thoroughly with clean water. Do not expose yourself to direct sunlight after application.",Store in a dry place away from sunlight.Keep out of reach of children,Alba,200,ml
Veet Hair Removal Cream (50g),0,VND,"Hair removal cream from the Veet brand for normal skin with shea butter extract 50g. In addition to the effectiveness of Veet hair removal cream, this product is also trusted for its safe, benign ingredients, nourishes the skin and is suitable for all skin types.","Potassium thioglycolate & Calcium hydroxide
Glycerin, Sorbitol.
Aloe vera and vitamin E for sensitive skin
Lotus and jasmine essential oils for normal skin
Titanium Dioxide","Using a spoon, spread the cream evenly over the hair, do not RUB THE CREAM ONTO THE SKIN. 
Leave the cream on the skin for 3 minutes, no more than 6 minutes. 
Use a spoon to remove the remaining cream.
Rinse with water, then pat skin dry.","Store in a cool place, away from sunlight.

Read the instructions carefully before use.

Do not use the product on the face, do not use on skin with varicose veins, scars, moles, freckles, scratches, sunburn,...",Glycerin,50,g
Veet Hair Removal Cream Sensitive Skin (50g),0,VND,"Veet Pure Hair Removal Cream - Sensitive Skin For Sensitive Skin (New) is a hair removal cream  product   from the  Veet brand  - UK. The product is extracted from aloe vera, Veet Pure hair removal cream for sensitive skin is effective in 5 minutes*, even for short hair with a pleasant refreshing fragrance and long-lasting moisturizing effect.","Aqua, Cetearyl Alcohol, Paraffinum Liquidum, Potassium Thioglycolate, Calcium Hydroxide, Ceteareth-20, Talc, Glycerin, Parfum, Polyethylene, Sodium Gluconate, Aloe Barbadensis Leaf Juice, Hexyl Cinnamal, Linalool, Citric Acid, Potassium Sorbate, Sodium Benzoate.","Apply the cream evenly on skin, wait for 5 minutes, remove cream and hair with the spatula for smooth skin up to a week.","Store in a cool, dry place.

Avoid direct sunlight, high temperature or humid places.

Close lid tightly after use.",UK,50,g
Organic Care Anti Dandruff Shampoo (400ml),165000,VND,"Shampoo containing coconut oil strengthens and nourishes hair, restores damaged hair, and turns damaged hair into a strong, silky hair.
This product is suitable for those who have a dandruff scalp, scalp and greasy hair.
Responsible organization: Red Wood Distribution Co., Ltd. - Address: No. 1B Street No. 30, Quarter 1, An Khanh Ward, Thu Duc City, Ho Chi Minh City, Vietnam 
Origin: Australia","Water (Water - Purified), Sodium Laureth Sulfate, Cocamidopropyl Betaine, Cocamide MIPA, Sodium Chloride, Glycol Distearate, Phenoxyethanol, Piroctone Olamine, Dimethicone, Fragrance, Xanthan Gum, Tetrasodium Glutamate Diacetate, Citric Acid, Sodium Benzoate, Hydroxypropyl Guar Hydroxypropyltrimonium Chloride, Panthenol, Potassium Sorbate, Glyceryl Oleate, Glycerin, Triticum Vulgare (Wheat) Protein, Rosa Canina Fruit Oil (Organic Rosa Canina Fruit Oil), Rosmarinus Officinalis (Rosemary) Extract,  Triticum Vulgare (Wheat) Germ Oil, Maltodextrin, Chamomilla Recutita (Matricaria) Flower Extract","Wet your hair.
Take a sufficient amount of OC Naturals hair soft shampoo and apply it evenly to the hair, massaging the hair roots for about 2-3 minutes so that the nutrients penetrate into the hair roots.
Rinse your hair with clean water. J20","Room temperature conditions, cool place, avoid direct sunlight.
Close the product lid tightly after use.",Australia,400,ml
OC Naturals Kids 3IN1 Fruit Blast (400ml),165000,VND,"Gently take care of your baby's skin and hair at the same time.

An all-in-one shampoo, conditioner and shower gel with ingredients rich in Vitamin E, Pro-Vitamin B5, green apple extract and watermelon combined in a light, sweet, fun-loving formula that leaves your baby's skin clean and fully moisturized for a feeling of enjoyment.  have fun every day.

The characteristic fragrance has a fresh taste of fruit blended with a fluffy soft foam that easily cleanses the body easily when the baby is in a hurry in his bathing, this lovely fragrance will keep the baby's feet longer, making him yearn to clean his limbs and whole body to enjoy that cute scent happily without fear of stinging the eyes.
The gentle milk-based formula leaves the skin soft and moisturized in proportion to the child's natural skin balance.","Water, Sodium Coco-Sulfate , Coco-Glucoside , Glycerin , Lauryl Lactyl Lactate , Phenoxyethanol, Glyceryl Oleate , Polyquaternium-10 , Cocamidopropyl Betaine , Fragrance, Sodium Benzoate, Panthenol, Potassium Sorbate, Citric Acid , Sodium Sulfate, Tocopherol , Pyrus Malus (Apple) Fruit Extract","Wet the body and bath cotton, put a moderate amount of Bathshop children's bath cotton or go out and rub evenly to lather, gently rub the whole body to clean.
Use it daily at important times of the day such as: after going out, after school, before going to bed in the evening (Note not to bathe the baby after 9 pm).
Rinse the body with clean water and dry it.","Make sure to close the lid after use
Do not store in extremely hot or cold places or in direct sunlight",Glycerin,400,ml
SVR Sebiaclear Eau Micellaire (400ml),475000,VND,"SVR SEBIACLEAR Eau Micellaire (Micellar water) purifies, cleanses and removes make-up in a single step, even waterproof make-up. It eliminates impurities and excess sebum without drying out the skin, leaving it clear and fresh. A truly refreshing experience!
For sensitive acne-prone skin and combination to oily skin.
Gently removes impurities : 92% *
Does not dry out the skin : 92% *
Respects even the most sensitive skin : 96% *
For sensitive acne-prone skin and combination to oily skin.
HIGH DOSES OF DERMATOLOGICAL ACTIVE INGREDIENTS:
- Gluconolactone: Purifies and unclogs the pores. 
- Micelles: Remove make-up and purify the skin.
Soap-free – Alcohol-free – Colorant-free – Paraben-free – Hypoallergenic
* % of satisfaction, 24 volunteers, twice daily application, 28 days","AQUA (PURIFIED WATER), POLOXAMER 184, PEG-7 GLYCERYL COCOATE, PENTYLENE GLYCOL, PROPANEDIOL, GLUCONOLACTONE, 1,2-HEXANEDIOL, CITRIC ACID, SODIUM HYDROXIDE, CETRIMONIUM BROMIDE, PARFUM (FRAGRANCE)",Apply morning and/or evening to the face and eyes using a cotton pad.,Store in a dry and cool place.,SODIUM HYDROXIDE,400,ml
SVR Sebiaclear Gel Moussant (200ml),390000,VND,"SVR SEBIACLEAR Gel Moussant (Foaming Gel) is a soap-free cleanser that purifies and unclogs the skin gently. Its creamy foam eliminates impurities and excess sebum without drying out the skin. It is easy to rinse and leaves the skin perfectly clear, fresh and matte.
The skin is purified : 100% *
Excess sebum is eliminated : 100% *
Pores are unclogged : 100% *
The skin is soft : 100% *
For sensitive acne-prone skin and combination to oily skin.
HIGH DOSES OF DERMATOLOGICAL ACTIVE INGREDIENTS:
- Gluconolactone: Purify and unclog the pores. 
- Mat SR (2%): Normalizes and regulates the sebum production to mattify the skin. 
- Gentle cleansing agents: Cleanse and purify while respecting the balance of sensitive skin.  
Soap-free – Alcohol-free – Colorant-free – Paraben-free – Hypoallergenic
* % of satisfaction, 20 volunteers, twice daily application, 21 days","AQUA (PURIFIED WATER), DISODIUM LAURETH SULFOSUCCINATE, COCO-BETAINE, PEG-7 GLYCERYL COCOATE, GLYCERIN, SODIUM LAURETH SULFATE, GLUCONOLACTONE, PEG-120 METHYL GLUCOSE DIOLEATE, CALCIUM GLUCONATE, SARCOSINE, BUTYLENE GLYCOL, LACTIC ACID, PENTYLENE GLYCOL, SODIUM CHLORIDE, SODIUM HYDROXIDE, XANTHAN GUM, SODIUM BENZOATE, PARFUM (FRAGRANCE)","Apply to wet skin, lather and rinse.",Store in a dry and cool place.,PENTYLENE GLYCOL,200,ml
SVR Hydraliane Light (40ml),0,VND,"SVR HYDRALIANE Legere (Light cream) is designed for normal to combination skin. This feather-light lotion melts into the skin and instantly embraces it. Quickly absorbed, leaving behind a radiant and matt complexion, the comfortable feeling it creates remains all day long. The skin is 24-hour* moistured.
HIGH DOSAGE DERMATOLOGICAL ACTIVE INGREDIENTS
- Physio-adapted water: Continuously infuses the cells with essential water
- Physiological sugars: Durably fixes water into the skin.
For normal to combination skin, even sensitive.
Rich, silky and non-greasy texture. Velvet finish.
Non-comedogenic. Hypoallergenic.
* Corneometric measurements - 10 volunteers.","AQUA (PURIFIED WATER), PROPANEDIOL, CYCLOPENTASILOXANE, CAPRYLIC/CAPRIC TRIGLYCERIDE, CORN STARCH MODIFIED, DIMETHICONE, GLYCERIN, BUTYROSPERMUM PARKII (SHEA) BUTTER, GLYCERYL STEARATE, CETYL ALCOHOL, MAGNESIUM GLUCONATE, MANGANESE GLUCONATE, ZINC GLUCONATE, SACCHARIDE ISOMERATE, SQUALANE, 1,2- HEXANEDIOL, ARACHIDYL ALCOHOL, ARACHIDYL GLUCOSIDE, BEHENYL ALCOHOL, C12-16 ALCOHOLS, CETETH-20, CITRIC ACID, HYDROGENATED LECITHIN, HYDROXYETHYL ACRYLATE/SODIUM ACRYLOYLDIMETHYL TAURATE COPOLYMER, PALMITIC ACID, PEG-75 STEARATE, POLYACRYLATE CROSSPOLYMER-6, POLYSORBATE 60, SODIUM CITRATE, SODIUM LACTATE, SORBITAN ISOSTEARATE, STEARETH-20, XANTHAN GUM, CHLORPHENESIN, O-CYMEN-5-OL, PARFUM (FRAGRANCE)","Apply to the face and neck, morning and/or evening. Excellent make-up base",Store in a dry and cool place.,,40,ml
SVR Physiopure Gelée Moussante (200ml),405000,VND,"SVR PHYSIOPURE Gelee Moussante (Foaming Gel) is designed for women looking for purity and who prefer cleansing their skin with water. This extra light and delicious gel transforms into a creamy and generous foam for highly sensorial cleansing and easy rinsing.
WOMEN ADORED IT, AND DECLARE THAT:
100%* of women found it pleasant to use
95%* found that it preserved their skin’s hydrolipidic film
For all skin types, even sensitive.
HIGH DOSES OF DERMATOLOGICAL ACTIVE INGREDIENTS:
- Oxygenating Magnesium : Energizes and reoxygenates the cells while detoxifying the skin.
- Cleansing agents: Perfectly cleanses and purifies without drying out the skin
- Exclusive moisturizing complex : Provides comfort, softness and suppleness for the skin, prevents sensations of tightness.
Paraben-free. Alcohol-free. Soap-free. Colorant-free. Physiological pH. Fragrance with floral and marine notes.
100% tested on sensitive skin under dermatological and ophthalmological control.
*  % of satisfaction – 21 volunteers, twice daily application, 21 days.","AQUA (PURIFIED WATER), DISODIUM LAURETH SULFOSUCCINATE, GLYCERIN, SODIUM LAURETH SULFATE, COCO-BETAINE, SODIUM METHYL COCOYL TAURATE, PEG-7 GLYCERYL COCOATE, CALCIUM GLUCONATE, GLUCONOLACTONE, MAGNESIUM PCA, TOCOPHEROL, CITRIC ACID, GLYCERYL OLEATE, HYDROGENATED PALM GLYCERIDES CITRATE, LACTIC ACID, PEG-120 METHYL GLUCOSE DIOLEATE, POLYQUATERNIUM-7, SODIUM CHLORIDE, SODIUM HYDROXIDE, COCO-GLUCOSIDE, SODIUM BENZOATE, PARFUM (FRAGRANCE)",Apply morning and/or evening to a wet face. Rinse thoroughly. Dab dry without rubbing.,Store in a dry and cool place.,SODIUM CHLORIDE,200,ml
SVR Physiopure Eau Micellaire (200ml),375000,VND,"SVR PHYSIOPURE Eau Micellaire  (Micellar water) is ideal for busy women looking for perfect make-up removal in a single step. Pollutant particles are removed, make-up is erased. Nothing but absolutely radiant skin remains!
WOMEN ADORED IT, AND DECLARED THAT:
100% * of them were won over by its use
95% * found their skin cleansed and purified
For all skin types, even sensitive – All types of make-up, even waterproof
HIGH DOSES OF DERMATOLOGICAL ACTIVE INGREDIENTS:
- Micelles: Attract and trap make-up and impurities in a flash, while respecting the skin’s hydrolipidic film.
- Oxygenating Magnesium : Energizes and reoxygenates the cells while detoxifying the skin.
- Exclusive moisturizing complex : Provides comfort, softness and suppleness for the skin, prevents sensations of tightness.
Pure and fresh crystalline water, non-sticky finish
Paraben-free. Alcohol-free. Soap-free. Colorant-free. Physiological pH. Fragrance with floral and marine notes.
100% tested on sensitive skin under dermatological and ophthalmological control.
* % of satisfaction – 23 volunteers, twice daily application, 21 days.","AQUA (PURIFIED WATER), PEG-6 CAPRYLIC/CAPRIC GLYCERIDES, PEG-7 GLYCERYL COCOATE, PENTYLENE GLYCOL, PROPANEDIOL, MAGNESIUM PCA, 1,2-HEXANEDIOL, CITRIC ACID, CETRIMONIUM BROMIDE, PARFUM (FRAGRANCE)","Apply morning and/or evening on face, eyes and lips using a cotton pad. Non-rinse.",Store in a dry and cool place.,,200,ml
Bioderma Sebium Hydra (40ml),450000,VND,"Sébium Hydra - Ultra-moisturising compensating care. Nourishing and intensively rehydrating care for a better compliance of ultra-drying treatments (in dermatotherapy prescribed with Isotretinoin). Intensely moisturises, limits sensation of tightness, soothes redness and relieves the skin
Very good tolerance - Non-comedogenic - Can be used as make-up base

Biological mode of action:
Sébium Hydra is specifically formulated to biologically counteract temporary side effects of dermatological treatments:
- The moisturising (glycerine, vaseline và xylitol) and biomimetic restructuring (ceramides) agents combat desquamation and sensation of tightness.
- The anti-irritating properties of enoxolone and allantoin soothe and reduce redness.
- The patented Fluidactiv™ complex biologically regulates sebum quality, keeping pores from becoming clogged and limiting the formation of blemishes.
- The patented natural complex D.A.F™ raised the skin's tolerance threshold.","AQUA (WATER), GLYCERIN, MINERAL OIL (PARAFFINUM LIQUIDUM), ETHYLHEXYL PALMITATE, DIPROPYLENE GLYCOL, XYLITOL, BIS-PEG/PPG-16/16 PEG/PPG-16/16 DIMETHICONE, SODIUM ACRYLATE/SODIUM ACRYLOYLDIMETHYL TAURATE COPOLYMER, MANNITOL, RHAMNOSE, FRUCTOOLIGOSACCHARIDES, LAMINARIA OCHROLEUCA EXTRACT, GLYCYRRHETINIC ACID, ALLANTOIN, CERAMIDE 3, TOCOPHERYL ACETATE, ISOHEXADECANE, CAPRYLIC/CAPRIC TRIGLYCERIDE, POLYSORBATE 80, DISODIUM EDTA, CETRIMONIUM BROMIDE, GINKGO BILOBA LEAF EXTRACT, DODECYL GALLATE, PROPYLENE GLYCOL, FRAGRANCE (PARFUM).","Morning and/or evening  to skin cleansed with Sébium Gel moussant (Foaming gel) or Sébium H2O.
- Gently massage until absorbed.
Can be used before makeup
(*) If any irritation occurs, please get advice from the dermatologist.",To store in a cool place away from sunlight,ALLANTOIN,40,ml
Bioderma Sebium H2O (250ml),420000,VND,"Sébium H2O - Purifying cleansing micelle solution. Cleanses without drying out the skin, purifies the skin and limits sebum secretion. Offers an immediate sensation of freshness. Removes make-up from face
Very good tolerance - Non-comedogenic - Non-rinse

Biological mode of action:
Sébium H2O is a specific make-up removing micellar water for combination to oily skin that:
- Micellar technology: Mimics the natural composition of the skin for perfect make-up removal and total respect for even the most sensitive skin.
- Extract of Ginkgo Leaf (Ginkgo Biloba Leaf) has anti-oxidation and free radicals, prevent aging effect.
- Enriched with purifying agents, zinc gluconate and copper sulphate, Sébium H2O purifies the skin and limits sebaceous secretion. 
- The patented natural complex D.A.F™ raises the skin's tolerance threshold.","AQUA/WATER/EAU, PEG-6 CAPRYLIC/CAPRIC GLYCERIDES, SODIUM CITRATE, ZINC GLUCONATE, COPPER SULFATE, GINKGO BILOBA LEAF EXTRACT, MANNITOL, XYLITOL, RHAMNOSE, FRUCTOOLIGOSACCHARIDES, PROPYLENE GLYCOL, CITRIC ACID, DISODIUM EDTA, CETRIMONIUM BROMIDE, FRAGRANCE (PARFUM).","Morning and/or evening – 7 days a week
- Soak a cotton pad with Sébium H2O.
- Gently cleanse and/or remove make-up from your face.
- Repeat the above steps until there is no dirt on the cotton pad
- No rinsing required.
*Do not use for eyes and lips",To store in a cool place away from sunlight,,250,ml
Bioderma Sebium Foaming Gel (200ml),0,VND,"Sébium Gel moussant - Purifying cleansing foaming gel. Removes impurities, controls shine. Gently cleanses and purifies. Limits sebum secretion. Keeps pores from becoming clogged. Guarantees good skin and eye tolerance
Non-comedogenic - Non-drying - Soap-free

Biological mode of action:
Sébium Gel moussant gently cleanses and purifies the skin without drying it: 
- Containing zinc sulphate and copper sulphate, it cleanses the epidermis, reduces the number of blemishes, and limits sebum secretion. 
- Methylpropandediol helps to deeply hydrate, enhance the absorption of other nutrients
- Extract of Ginkgo Leaf (Ginkgo Biloba Leaf) has anti-oxidation and free radicals, prevent aging effect.
- Its ultra-gentle, soap free formula respects the skin's balance and the physiological pH is maintained. 
- The patented natural complex D.A.F™ raised the skin's tolerance threshold.","AQUA/WATER/EAU, SODIUM COCOAMPHOACETATE, SODIUM LAURETH SULFATE, METHYLPROPANEDIOL, DISODIUM EDTA, MANNITOL, XYLITOL, RHAMNOSE, FRUCTOOLIGOSACCHARIDES, ZINC SULFATE, COPPER SULFATE, GINKGO BILOBA LEAF EXTRACT, PEG-90 GLYCERYL ISOSTEARATE, LACTIC ACID , LAURETH-2, POTASSIUM SORBATE, SODIUM CHLORIDE, PROPYLENE GLYCOL, SODIUM HYDROXIDE, FRAGRANCE (PARFUM). [BI 418]","Morning and/or evening – 7 days a week
- Apply on wet skin then work into a foam.
- Gently massage and rinse well.
- Gentlly dry
*Can be used as a shaving foam and for acne-prone body skin.",To store in a cool place away from sunlight,SODIUM HYDROXIDE,200,ml
Bioderma Sebium Pore Refiner (30ml),0,VND,"SEBIUM PORE REFINER - The dermatological corrector of persistent enlarged pores. Tightens pores. Refines skin texture. Preserves the skin's natural radiance. Good tolerance - Non-comedogenic - Good make-up base.

Biological mode of action:
Sébium Pore finer is specifically formulated to reduce the appearance of pores of combination to oily skin: 
- The patented Fluidactiv™ complex biologically regulates sebum quality, keeping pores from becoming clogged and limiting the formation of blemishes.
- The patented natural complex D.A.F™ raises the skin's tolerance threshold.
- Agaric acid, an astringent  ingredient, in combination with a smoothing active ingredients salicylic acid và AHA esters refine skin texture and preserve its natural radiance.
- Mattifying powders reduce shine.","AQUA/WATER/EAU, METHYL METHACRYLATE CROSSPOLYMER, DIPROPYLENE GLYCOL, CYCLOPENTASILOXANE, CYCLOHEXASILOXANE, DIMETHICONE, GLYCERIN, BUTYLENE GLYCOL, FOMES OFFICINALIS (MUSHROOM) EXTRACT, SODIUM POLYACRYLATE, SALICYLIC ACID, DODECYL GALLATE, GINKGO BILOBA LEAF EXTRACT, MANNITOL, XYLITOL, RHAMNOSE, FRUCTOOLIGOSACCHARIDES, LAMINARIA OCHROLEUCA EXTRACT, SILICA, TRIDECETH-6, C30-45 ALKYL CETEARYL DIMETHICONE CROSSPOLYMER, LAURYL PEG/PPG-18/18 METHICONE, CAPRYLIC/CAPRIC TRIGLYCERIDE, MINERAL OIL (PARAFFINUM LIQUIDUM), PENTYLENE GLYCOL, 1,2-HEXANEDIOL, PEG/PPG-18/18 DIMETHICONE, CAPRYLYL GLYCOL, PROPYLENE GLYCOL, SODIUM HYDROXIDE, CITRIC ACID, DISODIUM EDTA, FRAGRANCE (PARFUM).","Once or twice a day
- Use on skin purified with Sébium Gel moussant (Foaming gel) or Sébium H2O.
- Apply on its own or before applying your skincare cream, either all over the face for oily skin, or locally on the T-zone for combination skin: Forehead, nose, chin.
* Using combination with Sébium H2O and Sébium Gel Moussant for better result.
* Do not use for children under 3 years old",To store in a cool place away from sunlight,TRIDECETH-6,30,ml
Bioderma Sensibio H2O (100ml),235000,VND,"Make-up removing micelle solution. Cleanses the skin from impurities and pollution particles. Removes make-up from face and eyes. Soothes. Prevents the risks of skin reaction. Preserves the skin’s natural balance
Very good tolerance - Non-rinse - Unfragranced.

Biological mode of action:
Sensibio H2O is a specific cleansing and make-up removing micellar water for sensitive skin.
- Formulated with micelles with excellent cleansing and make-up removing properties, Sensibio H2O deeply cleanses the face in the morning and evening, thus preventing pollutants likely to exacerbate skin sensitivity from penetrating the skin.
- The micellar technology developed by Laboratoire BIODERMA is inspired by the cellular lipids found in the skin. In perfect harmony with the skin, it preserves the natural protective film. Formulated with a physiological pH of around 5.5, Sensibio H2O respects the skin’s biological balance, which is essential to maintain healthy skin.
- It soothes and prevents pro-inflammatory risks. Sensibio H2O contains highly purified and pharmaceutical-grade water. It also features a complex of 3 biomimetic soothing sugars (D.A.F™) which prevent the inflammatory process.
- The high selection of ingredients ensures perfect tolerance and guarantees that any remaining traces of product on the skin pose no risk of damage.","WATER (AQUA), PEG-6 CAPRYLIC/CAPRIC GLYCERIDES, CUCUMIS SATIVUS (CUCUMBER) FRUIT EXTRACT, MANNITOL, XYLITOL, RHAMNOSE, FRUCTOOLIGOSACCHARIDES, PROPYLENE GLYCOL, DISODIUM EDTA, CETRIMONIUM BROMIDE.","Morning and/or evening – 7 days a week
- Soak a cotton pad with Sensibio H2O.
- Gently cleanse and/or remove make-up from your face and eyes.
- Repeat the above steps until there is no dirt on the cotton pad
No rinsing required
- No rinsing required.
*Can be used in combination with Sensibio Tonique, Sensibio Light and Sensibio Eye for best results.",To store in a cool place away from sunlight,,100,ml
Bioderma Sebium H2O (100ml),235000,VND,"Sébium H2O - Purifying cleansing micelle solution. Cleanses without drying out the skin, purifies the skin and limits sebum secretion. Offers an immediate sensation of freshness. Removes make-up from face
Very good tolerance - Non-comedogenic - Non-rinse

Biological mode of action:
Sébium H2O is a specific make-up removing micellar water for combination to oily skin that:
- Micellar technology: Mimics the natural composition of the skin for perfect make-up removal and total respect for even the most sensitive skin.
- Extract of Ginkgo Leaf (Ginkgo Biloba Leaf) has anti-oxidation and free radicals, prevent aging effect.
- Enriched with purifying agents, zinc gluconate and copper sulphate, Sébium H2O purifies the skin and limits sebaceous secretion. 
- The patented natural complex D.A.F™ raises the skin's tolerance threshold.","AQUA/WATER/EAU, PEG-6 CAPRYLIC/CAPRIC GLYCERIDES, SODIUM CITRATE, ZINC GLUCONATE, COPPER SULFATE, GINKGO BILOBA LEAF EXTRACT, MANNITOL, XYLITOL, RHAMNOSE, FRUCTOOLIGOSACCHARIDES, PROPYLENE GLYCOL, CITRIC ACID, DISODIUM EDTA, CETRIMONIUM BROMIDE, FRAGRANCE (PARFUM).","Morning and/or evening – 7 days a week
- Soak a cotton pad with Sébium H2O.
- Gently cleanse and/or remove make-up from your face.
- Repeat the above steps until there is no dirt on the cotton pad
- No rinsing required.
*Do not use for eyes and lips",To store in a cool place away from sunlight,,100,ml
Bioderma Cicabio Cream (40ml),0,VND,"Cicabio Crème - A repairing and soothing cream. Increases the speed of repairing damaged skin 3 times faster. Cicabio Crème is extremely tolerant for irritable skin, and effectively improves damaged skin structure after a process like peel, laser,...

Biological mode of action: 
- Its antibacterial agents (copper-zinc) purify the epidermis.
- The patented active ingredient, ANTALGICINE™, quickly relieves the feeling of discomfort and reduces the urge to scratch.
- Resveratrol, copper and centella asiatica have effect on repairing damaged skin
- Its “dressing effect” texture combined with hyaluronic acid and moisturising active ingredients forms a breathable film for excellent skin protection and optimal comfort.
- The patented natural complex D.A.F™ raised the skin's tolerance threshold.","AQUA (WATER), GLYCERIN, ETHYLHEXYL PALMITATE, FRUCTOOLIGOSACCHARIDES, ZINC OXIDE, OCTYLDODECANOL, BUTYLENE GLYCOL, POLYACRYLAMIDE, MANNITOL, XYLITOL, RHAMNOSE, LAMINARIA OCHROLEUCA EXTRACT, COPPER SULFATE, ZINC SULFATE, SODIUM HYALURONATE , VITIS VINIFERA (GRAPE) VINE EXTRACT, ASIATICOSIDE, ASIATIC ACID, MADECASSIC ACID, C13-14 ISOPARAFFIN, OCTYLDODECYL XYLOSIDE, PEG-30 DIPOLYHYDROXYSTEARATE, CAPRYLIC/CAPRIC TRIGLYCERIDE, LAURETH-7, LAURETH-3, HYDROXYETHYLCELLULOSE, ACETYL DIPEPTIDE-1 CETYL ESTER, POTASSIUM SORBATE.","Once or twice daily until your skin is fully repaired.
Cleanse the skin and dry well.
Apply to the irritated area.
* Consult a dermatologist if skin irritated",To store in a cool place away from sunlight,C13,40,ml
Bioderma Sensibio H2O (250ml),420000,VND,"Make-up removing micelle solution. Cleanses the skin from impurities and pollution particles. Removes make-up from face and eyes. Soothes. Prevents the risks of skin reaction. Preserves the skin’s natural balance
Very good tolerance - Non-rinse - Unfragranced.

Biological mode of action:
Sensibio H2O is a specific cleansing and make-up removing micellar water for sensitive skin.
- Formulated with micelles with excellent cleansing and make-up removing properties, Sensibio H2O deeply cleanses the face in the morning and evening, thus preventing pollutants likely to exacerbate skin sensitivity from penetrating the skin.
- The micellar technology developed by Laboratoire BIODERMA is inspired by the cellular lipids found in the skin. In perfect harmony with the skin, it preserves the natural protective film. Formulated with a physiological pH of around 5.5, Sensibio H2O respects the skin’s biological balance, which is essential to maintain healthy skin.
- It soothes and prevents pro-inflammatory risks. Sensibio H2O contains highly purified and pharmaceutical-grade water. It also features a complex of 3 biomimetic soothing sugars (D.A.F™) which prevent the inflammatory process.
- The high selection of ingredients ensures perfect tolerance and guarantees that any remaining traces of product on the skin pose no risk of damage.","WATER (AQUA), PEG-6 CAPRYLIC/CAPRIC GLYCERIDES, CUCUMIS SATIVUS (CUCUMBER) FRUIT EXTRACT, MANNITOL, XYLITOL, RHAMNOSE, FRUCTOOLIGOSACCHARIDES, PROPYLENE GLYCOL, DISODIUM EDTA, CETRIMONIUM BROMIDE.","Morning and/or evening – 7 days a week
- Soak a cotton pad with Sensibio H2O.
- Gently cleanse and/or remove make-up from your face and eyes.
- Repeat the above steps until there is no dirt on the cotton pad
No rinsing required
- No rinsing required.
*Can be used in combination with Sensibio Tonique, Sensibio Light and Sensibio Eye for best results.",To store in a cool place away from sunlight,,250,ml
Solgar Glucosamine MSM 1000 (60 tablets),2688000,VND,"- supports joint health: 
   - protection
   - repair
   - reduction of pain and imflammatioin","Serving Size: 2 tablets
Shelfish - free Glucosamine Hydrochloride =1500mg
Sodium Chondrointin Sulfate = 1200mg
MSM ( as methylsulfonymethane ) = 700mg","As a food 
supplement for adults, take two (2) tablets daily, preferably at 
mealtime, or as directed by a healthcare practitioner.","Store in a cool place, away from sunlight",,,
Solgar Ester-C Plus 500mg Vitamin C (50 Cap),624000,VND,"- Patented Vitamin C formula   
- 24 hour immune support
- gentle on stomach
- 2 times better absoprtion rate than regular vitamin C
- promotes skin health
- Vegetable capsule
- suitable for vegetarian


FREE OF: Gluten, Wheat, Dairy, Soy, Yeast, Sugar, Sodium, Artificial Flavor, Sweetener, Preservatives and Color.","Serving Size: 1 Vegetable Capsule
Vitamin C ( as Ester-C Calcium Ascorbate ) = 500mg
Citrus Bioflavonoid Complex = 25mg
Acerola = 10mg
Rose Hips ( fruit ) = 10mg
Rutin = 5mg","As a dietary supplement for adults, take one (1)vegetable capsule two 
times daily, preferably with meals or as directed by a healthcare 
practitioner.
The product should be used within 25 days from the date the lid starts opening.","Store in a cool place, away from sunlight.
The product is sensitive to humidity and temperature, so there will be pellet cracking or discoloration of the product.It should be tightly closed after opening",Dairy,,
Solgar Omega-3 Fish Oil Concentrate (120 Cap),1129000,VND,"- Strict quality and purity under GOED monograph standard
   · Molecular distillation to remove mecury and other contaminants
- promotes cardiovascular health
- immune support

FREE OF: Gluten, Wheat, Dairy, Yeast, Sugar, Sodium, Artificial Flavor, Sweetener, Preservatives and Color.","Serving Size: 2 Softgels
Omega 3 = 600mg
Fish Oil = 2000mg
EPA: 320mg
LHA: 200mg","As a dietary supplement for adults, take two (2) softgels three times 
daily, preferably with meals or as directed by a healthcare 
practitioner.","Store in a cool place, away from sunlight",Sugar,,
Solgar Calcium Magnesium Plus Zinc (100 Tablets),648000,VND,"- Calcium: 
   - support bone health
   - reduce the risk of osteoporosis
- Magnesium: 
   - helps to regulate calcium transport
   - supports nerve and muscle function
- Zinc:
   - promotes skin heath
   - immune support
- suitable for vegetarian

FREE OF: Gluten, Wheat, Dairy, Soy, Yeast, Sugar, Sodium, Artificial Flavor, Sweetener and Preservatives.","Serving Size: 3 tablets
Calcium = 1000mg
Magnesium = 400mg
Zinc = 15mg","As a dietary supplement for adults, take three (3) tablets daily with a 
meal. May be distributed throughout the day, or as directed by a 
healthcare practitioner.","Store in a cool place, away from sunlight",Dairy,,
Solgar Vitamin C 500mg Rose Hips (100 Cap),650000,VND,"- Vitamin C formula with Rose hips herb
- promotes skin health
-  immune support
- Suitable for vegetarian

FREE OF: Gluten, Wheat, Dairy, Soy, Yeast, Sugar, Sodium, Artificial Flavor, Sweetener, Preservatives and Color.","Serving Size: 1 tablets
Vitamin C = 500mg
Rose Hips ( Fruit ):= 75mg","As a dietary supplement for adults, take one (1) tablet one to two times
 daily, preferably at mealtime, or as directed by a healthcare 
practitioner.
Note: The product should be used within 50-100 days from the date the lid starts opening.","Store in a cool place, away from sunlight.
The product is sensitive to humidity and temperature, so there will be pellet cracking or discoloration of the product.It should be tightly closed after opening",Dairy,,
Para'Kito Mosquito Repellent Star Clip (x2Tabs),0,VND,"The patented DiffuControl-System technology, notably using vanillin, regulates the essential oils’ volatility, enabling their sustained release and continuous diffusion 24 hours a day, up to 15 consecutive days per pellet. This unique diffusion system is waterproof, and resistant to repeated swimming sessions.
It provides continuous mosquito protection, with no skin contact, thus perfectly safe and particularly adapted to children, pregnant
women and sensitive people.","Geraniol, Clove, Peppermint, Rosemary, Citronella
DEEP free, alcohol free, Parabens free, Phthalates free
No animal testing, Dermatologically tested","Insert the active pellet into the mesh on the Parakito band or Clip and wear it with the mesh facing outside. Do not cover th mesh.
Suitable for pregnant women and young children  and recommended for individuals suscepttible to skin allergies and irritations.
Worn around wrist or ankle,
all PARA’KITO® bands are
made of neoprene (wetsuit
material) and are therefore
waterproof. Comfortable and refillable, they
can easily be adjusted to any size, thanks
to a hook and loop fastening system.
Suitable for babies if attached out of thier reach.",To store in a cool place away from sunlight,Para,,
Para'Kito Mosquito Repellent Black Clip (x2Tabs),0,VND,"The patented DiffuControl-System technology, notably using vanillin, regulates the essential oils’ volatility, enabling their sustained release and continuous diffusion 24 hours a day, up to 15 consecutive days per pellet. This unique diffusion system is waterproof, and resistant to repeated swimming sessions.
It provides continuous mosquito protection, with no skin contact, thus perfectly safe and particularly adapted to children, pregnant
women and sensitive people.","Geraniol, Clove, Peppermint, Rosemary, Citronella
DEET free, alcohol free, Parabens free, Phthalates free
No animal testing, Dermatologically tested.","Insert the active pellet into the mesh on the Para'kito band or Clip and wear it with the mesh facing outside. Do not cover the mesh.
Suitable for pregnant women and young children  and recommended for individuals susceptible to skin allergies and irritations.
Worn around wrist or ankle, all Para’Kito® bands are made of neoprene (wetsuit material) and are therefore waterproof. Comfortable and refillable, they can easily be adjusted to any size, thanks to a hook and loop fastening system.
Suitable for babies if attached out of their reach.",To store in a cool place away from sunlight.,Para,,
Para'Kito Mosquito Repellent Yellow Wristband (2 Tabs),0,VND,"The patented DiffuControl-System technology, notably using vanillin, regulates the essential oils’ volatility, enabling their sustained release and continuous diffusion 24 hours a day, up to 15 consecutive days per pellet. This unique diffusion system is waterproof, and resistant to repeated swimming sessions.
It provides continuous mosquito protection, with no skin contact, thus perfectly safe and particularly adapted to children, pregnant
women and sensitive people.","Geraniol, Clove, Peppermint, Rosemary, Citronella
DEET free, alcohol free, Parabens free, Phthalates free
No animal testing, Dermatologically tested.","Insert the active pellet into the mesh on the Para'kito band or Clip and wear it with the mesh facing outside. Do not cover the mesh.
Suitable for pregnant women and young children  and recommended for individuals susceptible to skin allergies and irritations.
Worn around wrist or ankle, all Para’Kito® bands are made of neoprene (wetsuit material) and are therefore waterproof. Comfortable and refillable, they can easily be adjusted to any size, thanks to a hook and loop fastening system.
Suitable for babies if attached out of their reach.",To store in a cool place away from sunlight,Para,,
Para'Kito Mosquito Repellent Blue Wristband (2 Tabs),0,VND,"The patented DiffuControl-System technology, notably using vanillin, regulates the essential oils’ volatility, enabling their sustained release and continuous diffusion 24 hours a day, up to 15 consecutive days per pellet. This unique diffusion system is waterproof, and resistant to repeated swimming sessions.
It provides continuous mosquito protection, with no skin contact, thus perfectly safe and particularly adapted to children, pregnant
women and sensitive people.","Geraniol, Clove, Peppermint, Rosemary, Citronella
DEET free, alcohol free, Parabens free, Phthalates free
No animal testing, Dermatologically tested.","Insert the active pellet into the mesh on the Para'kito band or Clip and wear it with the mesh facing outside. Do not cover the mesh.
Suitable for pregnant women and young children  and recommended for individuals susceptible to skin allergies and irritations.
Worn around wrist or ankle, all Para’Kito® bands are made of neoprene (wetsuit material) and are therefore waterproof. Comfortable and refillable, they can easily be adjusted to any size, thanks to a hook and loop fastening system.
Suitable for babies if attached out of their reach.",To store in a cool place away from sunlight.,Para,,
Para'Kito Mosquito Repellent Black Wristband (x2Tabs),0,VND,"The patented DiffuControl-System technology, notably using vanillin, regulates the essential oils’ volatility, enabling their sustained release and continuous diffusion 24 hours a day, up to 15 consecutive days per pellet. This unique diffusion system is waterproof, and resistant to repeated swimming sessions.
It provides continuous mosquito protection, with no skin contact, thus perfectly safe and particularly adapted to children, pregnant
women and sensitive people.","Geraniol, Clove, Peppermint, Rosemary, Citronella
DEET free, alcohol free, Parabens free, Phthalates free
No animal testing, Dermatologically tested.","Insert the active pellet into the mesh on the Para'kito band or Clip and wear it with the mesh facing outside. Do not cover the mesh.
Suitable for pregnant women and young children  and recommended for individuals susceptible to skin allergies and irritations.
Worn around wrist or ankle, all Para’Kito® bands are made of neoprene (wetsuit material) and are therefore waterproof. Comfortable and refillable, they can easily be adjusted to any size, thanks to a hook and loop fastening system.
Suitable for babies if attached out of their reach.",To store in a cool place away from sunlight,Para,,
Para'Kito Mosquito Repellent Pink Wristband (x2Tabs),0,VND,"The patented DiffuControl-System technology, notably using vanillin, regulates the essential oils’ volatility, enabling their sustained release and continuous diffusion 24 hours a day, up to 15 consecutive days per pellet. This unique diffusion system is waterproof, and resistant to repeated swimming sessions.
It provides continuous mosquito protection, with no skin contact, thus perfectly safe and particularly adapted to children, pregnant
women and sensitive people.","Geraniol, Clove, Peppermint, Rosemary, Citronella
DEET free, alcohol free, Parabens free, Phthalates free
No animal testing, Dermatologically tested.","Insert the active pellet into the mesh on the Para'kito band or Clip and wear it with the mesh facing outside. Do not cover the mesh.
Suitable for pregnant women and young children  and recommended for individuals susceptible to skin allergies and irritations.
Worn around wrist or ankle, all Para’Kito® bands are made of neoprene (wetsuit material) and are therefore waterproof. Comfortable and refillable, they can easily be adjusted to any size, thanks to a hook and loop fastening system.
Suitable for babies if attached out of their reach.",To store in a cool place away from sunlight,Para,,
Para'Kito Mosquito Repellent Wristband Hawaii (2 Tabs),0,VND,"The patented DiffuControl-System technology, notably using vanillin, regulates the essential oils’ volatility, enabling their sustained release and continuous diffusion 24 hours a day, up to 15 consecutive days per pellet. This unique diffusion system is waterproof, and resistant to repeated swimming sessions.
It provides continuous mosquito protection, with no skin contact, thus perfectly safe and particularly adapted to children, pregnant
women and sensitive people.","Geraniol, Clove, Peppermint, Rosemary, Citronella
DEET free, alcohol free, Parabens free, Phthalates free
No animal testing, Dermatologically tested.","Insert the active pellet into the mesh on the Para'kito band or Clip and wear it with the mesh facing outside. Do not cover the mesh.
Suitable for pregnant women and young children  and recommended for individuals susceptible to skin allergies and irritations.
Worn around wrist or ankle, all Para’Kito® bands are made of neoprene (wetsuit material) and are therefore waterproof. Comfortable and refillable, they can easily be adjusted to any size, thanks to a hook and loop fastening system.
Suitable for babies if attached out of their reach.",To store in a cool place away from sunlight,Hawaii,,
Para'Kito Mosquito Repellent Kids Wristband Princess (2 Tabs),0,VND,"The patented DiffuControl-System technology, notably using vanillin, regulates the essential oils’ volatility, enabling their sustained release and continuous diffusion 24 hours a day, up to 15 consecutive days per pellet. This unique diffusion system is waterproof, and resistant to repeated swimming sessions.
It provides continuous mosquito protection, with no skin contact, thus perfectly safe and particularly adapted to children, pregnant
women and sensitive people.","Geraniol, Clove, Peppermint, Rosemary, Citronella
DEET free, alcohol free, Parabens free, Phthalates free
No animal testing, Dermatologically tested.","Insert the active pellet into the mesh on the Para'kito band or Clip and wear it with the mesh facing outside. Do not cover the mesh.
Suitable for pregnant women and young children  and recommended for individuals susceptible to skin allergies and irritations.
Worn around wrist or ankle, all Para’Kito® bands are made of neoprene (wetsuit material) and are therefore waterproof. Comfortable and refillable, they can easily be adjusted to any size, thanks to a hook and loop fastening system.
Suitable for babies if attached out of their reach.",To store in a cool place away from sunlight,Para,,
Para’Kito Mosquito Repellent Crosscodile Kids,0,VND,"The patented DiffuControl-System technology, notably using vanillin, regulates the essential oils’ volatility, enabling their sustained release and continuous diffusion 24 hours a day, up to 15 consecutive days per pellet. This unique diffusion system is waterproof, and resistant to repeated swimming sessions.
It provides continuous mosquito protection, with no skin contact, thus perfectly safe and particularly adapted to children, pregnant
women and sensitive people.","Geraniol, Clove, Peppermint, Rosemary,
Citronella

DEEP free
alcoho free
Parabens free
Phthalates free
No animal testing
Dermatologically tested","Insert the active pellet into the mesh on the Parakito band or Clip and wear it with the mesh facing outside. Do not cover th mesh.
Suitable for pregnant women and young children  and recommended for individuals suscepttible to skin allergies and irritations.
Worn around wrist or ankle,
all PARA’KITO® bands are
made of neoprene (wetsuit
material) and are therefore
waterproof. Comfortable and refillable, they
can easily be adjusted to any size, thanks
to a hook and loop fastening system.
Suitable for babies if attached out of thier reach.",To store in a cool place away from sunlight,Para,,
Para'Kito Mosquito Repellent Wristband Star (2 Tabs),429000,VND,"The patented DiffuControl-System technology, notably using vanillin, regulates the essential oils’ volatility, enabling their sustained release and continuous diffusion 24 hours a day, up to 15 consecutive days per pellet. This unique diffusion system is waterproof, and resistant to repeated swimming sessions.
It provides continuous mosquito protection, with no skin contact, thus perfectly safe and particularly adapted to children, pregnant
women and sensitive people.","Geraniol, Clove, Peppermint, Rosemary, Citronella
DEET free, alcohol free, Parabens free, Phthalates free
No animal testing, Dermatologically tested.","Insert the active pellet into the mesh on the Para'kito band or Clip and wear it with the mesh facing outside. Do not cover the mesh.
Suitable for pregnant women and young children  and recommended for individuals susceptible to skin allergies and irritations.
Worn around wrist or ankle, all Para’Kito® bands are made of neoprene (wetsuit material) and are therefore waterproof. Comfortable and refillable, they can easily be adjusted to any size, thanks to a hook and loop fastening system.
Suitable for babies if attached out of their reach.",To store in a cool place away from sunlight.,Para,,
Para’Kito Mosquito Repellent Monkey Kids,0,VND,"The patented DiffuControl-System technology, notably using vanillin, regulates the essential oils’ volatility, enabling their sustained release and continuous diffusion 24 hours a day, up to 15 consecutive days per pellet. This unique diffusion system is waterproof, and resistant to repeated swimming sessions.
It provides continuous mosquito protection, with no skin contact, thus perfectly safe and particularly adapted to children, pregnant
women and sensitive people.","Geraniol, Clove, Peppermint, Rosemary,
Citronella

DEEP free
alcoho free
Parabens free
Phthalates free
No animal testing
Dermatologically tested","Insert the active pellet into the mesh on the Parakito band or Clip and wear it with the mesh facing outside. Do not cover th mesh.
Suitable for pregnant women and young children  and recommended for individuals suscepttible to skin allergies and irritations.
Worn around wrist or ankle,
all PARA’KITO® bands are
made of neoprene (wetsuit
material) and are therefore
waterproof. Comfortable and refillable, they
can easily be adjusted to any size, thanks
to a hook and loop fastening system.
Suitable for babies if attached out of thier reach.",To store in a cool place away from sunlight,Para,,
Para'Kito Mosquito Repellent Spray (75ml),0,VND,"Using mineral (clay) and vegetal (cennulose) binders, with no alcohol or synthetic surfactants, the patented ClayCell -complex formulation technology reduces the repellent actives' penetration into the epidermis, enhancing their  efficacy.","PMD rich botanic oil. Biocidal products repellent
cymbopogon winterianus, fractionated, hydrated, cyclized: 260g/kg","Spray evenly onto exposed skin from a distance of 15-20 cm. For the face, spray on hands and then apply on the forehead and checks.",To store in a cool place away from sunlight,Para,75,ml
Para'Kito Mosquito Repellent Refill (x2 Tabs),0,VND,"The patented DiffuControl-System technology, notably using vanillin, regulates the essential oils’ volatility, enabling their sustained release and continuous diffusion 24 hours a day, up to 15 consecutive days per pellet. This unique diffusion system is waterproof, and resistant to repeated swimming sessions.
It provides continuous mosquito protection, with no skin contact, thus perfectly safe and particularly adapted to children, pregnant
women and sensitive people.","Geraniol, Clove, Peppermint, Rosemary, Citronella
DEET free, alcohol free, Parabens free, Phthalates free
No animal testing, Dermatologically tested.","Insert the active pellet into the mesh on the Para'kito band or Clip and wear it with the mesh facing outside. Do not cover the mesh.
Suitable for pregnant women and young children  and recommended for individuals susceptible to skin allergies and irritations.
Worn around wrist or ankle, all Para’Kito® bands are made of neoprene (wetsuit material) and are therefore waterproof. Comfortable and refillable, they can easily be adjusted to any size, thanks to a hook and loop fastening system.
Suitable for babies if attached out of their reach.",To store in a cool place away from sunlight,Para,,
Ecoleaf Compostable Toilet Tissue Rolls x4 (Pc),0,VND,Ecoleaf is a luxuriously soft tissue made with 100% selected recycled paper. Intensively washed to remove inks and other residues. Water used in this process is specially cleaned and returned to source.,Made From 100% Recycled Paper.,"High quality, eco-friendly toilet tissue",Store away from direct light in a cool & dry place. Keep away from reach of children,,,
Himalaya Purifying Neem Face Wash (100ml),0,VND,"Himalayan Herbals Purifying neem face wash with specially formulated to provide a healthy, soft, daily use that cleanses the skin, removes excess oil, dirt without drying the skin.
NEEM is known for its ability to cleanse and antimicrobial, eliminating problems caused by bacteria.
Combined with Turmeric, it helps control boils and acne, providing a soft, clean, fresh, youthful and smooth complexion.","Neem
Turmeric
Melia Azadirachta Leaf Extract 0.005%, Curcuma Longa Root Extract 0.005%, Aqua/Water 73.08345%, Ammonium Lauryl Sulfate 16%, Cocamidopropyl Betaine 5%, Sodium Cocoyl Glutamate and Disodium Cocoyl Glutamate 3%, Glycerin 1%, Acrylates/C10-30 Alkyl Acrylate Crosspolymer 0.8%, Phenoxyethanol 0.3%, Sodium Hydroxide 0.3%, Perfume 0.25%, Methylchloroisothiazolinone 0.00105%, Methylisothiazolinane 0.00035%, Sodium Metabisulfite 0.1%, Citric Acid 0.075%, Disodium EDTA 0.05%, Tocopheryl Acetate 0.025%, CI 19140 0.005%, CI 42090 0.00015%.","Moisten face, apply Purifying Neem Foaming Face Wash and gently work up a lather using a circular motion. Wash off and pat dry. Use twice daily.",Store in a cool and dry place,Glycerin,100,ml
Para'Kito Tropical Roll-on Mosquito & Tick Repellent Gel,0,VND,"EXTRA STRONG ROLL-ON – An innovative formulation without chemical active ingredients!
Botanically derived repellent actives based: PMD- Citrepel® (derived from citronella java essential oil), the unique formula of PARA'KITO Extra Strong Roll-on, specially developed for tropical areas, provides intense protection in high-risk areas.
Its formula is also enriched with a unique essential oils cocktail, which is why it’s not recommended to pregnant women and children under 36 months of age.
1. REINFORCED SAFETY: Patented Formulation Technology without alcohol or chemical binder for maximum reduction of the repellent actives' penetration into the skin and thus an enhanced efficacy.
2. PROVEN EFFICACY of 10 hours against tiger mosquitoes, up to 6 hours against anopheles (malaria vector) and 7 hours against ticks (tests performed in independent laboratories)

Using a mineral (clay) and a vegetal extract (cellulose) as binders, with no alcohol or synthetic surfactants, the patented ClayCell-Complex™ Formulation Technology reduces the repellent actives’ penetration into the epidermis, enhancing their efficacy.
Very handy thanks to its pocket size, PARA'KITO Extra Strong Roll-on allows an easy and targeted application on exposed parts of the body (neck, wrists, ankles). When going for a walk in the grass for instance, the roll-on must be applied all around the ankles to avoid ticks climbing up.
FEATURES
Complete protection for 10 hours against tiger mosquitoes, up to 6 hours against anopheles (malaria vector) and 7 hours against ticks
Botanical repellent actives’ ingredient, alcohol-free, surfactant-free, DEET free
As efficient against tiger mosquito as a 50% DEET formula
Specially formulated for ‘tropical areas’
For adults and children from 36 months of age
Lovely light perfume
Targeted application on exposed parts of the body (neck, wrists, ankles).
Patent pending - Formula Made in France","PMD-CITREPEL® 30% + essential oils
Contains:
PMD rich botanical oil
Biocidal product repellent
Cymbopogon winterianus oil, fractionated, hydrated, cyclized: 300/kg.
Linalool, Citronellal, d-Limonene, 2-hydroxy-α,α,4-trimethylcyclohexanemethanol, Combava Petitgrain oil, dl-Citronellol, Monarda oil, Ravintsara essential oil.","Applied directly to exposed areas of skin, such as the ankles, wrists and neck, it immediately forms a physical barrier between you and the mosquito. As the oils’ active ingredients are released into the air around you, they also help to mask the scents of your breath and body, making it harder for mosquitoes to find you in the first place.
Shake before use and roll on the skin
PRECAUTIONS: Read instructions before use. Do not apply close to the eyes, the mouth, or on wounded or irritated areas of the skin. Owing to essential oils ingredients, the gel is not recommended for pregnant women and children below 36 months. Keep out of reach of children. May cause an allergic skin reaction.",To store in a cool place away from sunlight,France,,
Himalaya Oil Control Lemon Face Wash (100ml),0,VND,"Himalayan Herbal Oil Control Lemon Face Wash with specially formulated Herbals cleanses, removes excess oil from your skin.
Face Cleansing Milk with Vitamin Lemon, astringent and coolant, together with Natural Honey, deeply cleanses, stimulates pores, unlike soap, which will tighten and dry the skin.
Lemon has a calming and astringent effect. Citric acid in lemon lightens and softens the skin. It also helps to fade freckles and age spots and remove blackheads. Lemon helps remove dirt and dirt and makes your skin soft and smooth.
Honey is beneficial for the skin as it attracts water to maintain moisture as well as provide nutrients to the skin. It is also a natural antiseptic because it contains antiseptic.
Use regularly to have clean, fresh and healthy skin","Lemon
Honey
Nước, Ammonium Lauryl sulfate, Citrus medica limonum fruit extract, Cocamidopropyl betaine, Sodium cocoyl glutamate & Disodium cocoyl glutamate, Glycerin, Honey (Low HMF), Perfume, Sodium Hydroxide, Citric Acid, Sodium metabisulphite, Methylchloroisothiazolinone & Methylisothiazolinone, Disodium EDTA, Phenoxyethanol,  Hydrogenated jojoba oil, Acrylates/c10-30 alkyl acrylate crosspolymer.","Moisten face, apply a small quantity of Oil Clear Lemon Face Wash and gently work up a lather using a circular motion. Wash off and pat dry. Use twice daily.",Store in a cool and dry place,Cocamidopropyl,100,ml
Himalaya Purifying Neem Foam FaceWash (150ml),0,VND,"Himalayan Herbal Purifying Neem Foaming Face Wash (150ml) with a special formula for a healthy complexion.
Use daily foaming cleanser to soften skin and remove excess oil, dirt without drying the skin.
NEEM is known for its ability to cleanse and antimicrobial, eliminating problems caused by bacteria.
Combined with Turmeric, it helps control boils and acne, providing a soft, clean, fresh, youthful and smooth complexion.","Neem
Turmeric
Water 66.2718%, Ammonium Lauryl sulfate 16%, Decyl Glucoside 4%, Cocamidopropyl Betaine 4%, Glycerin 2%, Polysorbate 20 1%, Perfume 0.3%, Phenoxyethanol 0.3%, Methylchloroisoth iazolinone 0.001125%, Methylisothiazolinone 0.000375%, Disodium EDTA 0.05%, Citric Acid 0.05%, BHT 0.025%, Cl 19140 0.001%, Cl 19140 and 42090 0.0007%.","Moisten face, apply Purifying Neem Foaming Face Wash and gently work up a lather using a circular motion. Wash off and pat dry. Use twice daily.

Suitable for all skin types.",Store in a cool and dry place,Glycerin,150,ml
Himalaya ClearComplex Whiten FaceScrub(100g),0,VND,"Himalayan Herbals CLEAR COMPLEXION WHITENING FACE SCRUB(100ml) helps to improve skin tone and gently cleanses dead skin, double action, natural balance regulates melanin synthesis to bring a natural white skin. ball.
Cam Thao helps regulate pigment synthesis and White Dammer leaves moisturize the skin, while Sunflower Mole gently removes dead cells, acne and impurities deep under the skin.
Improves your complexion, leaving your skin glowing and soft","Licorice, White Dammer, Apricot
Nước, Stearic acid, Caprylic/Capric triglyceride, Cetyl alcohol, Sorbitan stearate & Sucrose cocoate, Polyethylene, Prunus americana seed Powder, Carbomer, Glyceryl stearate SE, Phenoxyethanol, Perfume, Sodium hydroxide, Benzyl alcohol, Methylchloroisothiazolinone , Methylisothiazolinone, Tocopheryl acetate, Glycyrrhiza glabra root extract, Disodium EDTA, Vateria indica bark extract, CI 14700.","Apply Clear Complexion Whitening Face Scrub in a circular motion on the face and neck. Rinse with water and pat dry. Use at least once a week for clear, glowing skin",Store in a cool and dry place,Phenoxyethanol,100,g
Himalaya Purifying Neem Scrub (100g),0,VND,"Himalaya Herbals Purifying Neem Scrub (100ml) with a special formula for healthy skin.
NEEM is renowned for its purifying and antimicrobial properties with dual action exfoliating and skin cleansing, killing pathogenic bacteria to the skin.
Combined with Moist Gums, it gently cleanses dead skin, blackheads and impurities, leaving the skin soft, clean and fresh, fresh and smooth.","Neem, Apricot
Prunus Armeniaca (Apricot) seed powder 0.5%, Melia Azadirachta leaf Extract 0.0225%, Curcuma Longa (Turmeric) Rhizome Extract 0.0025%, Aqua/ Water 85.625%, Stearic Acid 4%, Caprylic/Capric Triglyceride 2%, Cetyl Alcohol 2%, Microcrystalline Cellulose 1.76%, CI 77891 0.1%, CI 77289 0.08%, CI 77492 0.06%, Sorbitan Stearate 1.35%, Sucrose Cocoate 0.15%, Phenoxyethanol 0.72%, Ethylhexylglycerin 0.08%.","Apply Purifying Neem Scrub in a circular motion on the face and neck. Rinse with water and pat dry. Use at least once a week for clear, acne-free skin.",Store in a cool and dry place,CI,100,g
Himalaya Neem Face Pack (100g),0,VND,"Himalaya Herbals NEEM FACE PACK(Mask) helps regulate excess oil, cleanse pores, and prevent acne.
NEEM is known for its cleansing and antimicrobial properties, which help control acne and the return of acne.
Combined with the West to help remove acne caused by bacteria.
Fuller's Earth (Multani Mitti) is a popular clay used in India, which helps to cool and soothe the skin, promote cell formation, improve skin appearance,","Neem
Turmeric
water 51.85%, Kaolin 15%, Melia Azadirachta Leaf Extract 10%, Propylene Glycol 8%, Bentonite 7%, Fuller's Earth 4%, Curcuma Long Root Extract 2%, Perfume 0.7%, Sodium Methylparaben 0.3%, Imidazolidinyl Urea 0.3%, DMDM Hydantoin 0.3%, Xanthum Gum 0.2%, Disodium EDTA 0.1%, Sodium Propylparaben 0.1%, Citric acid 0.1%, Sodium Lauryl Sulphate 0.05%.","Apply Purifying Neem Pack evenly over cleansed face and neck, avoiding the area around the eyes and mouth. Let the mask dry for 10-15 minutes, and remove with a wet sponge or towel. Rinse with cool water. For optimal results, use once a week.",Store in a cool and dry place,India,100,g
Himalaya Protecting Neem Tumeric Soap (75g),0,VND,"Himalaya Herbals Protecting Neem & Tumeric Soap, Himalayan Herbals Fresh Herbals are enriched with Azadirachta indica (Neem) and Curcuma longa (turmeric) to help eliminate bacteria and mold problems. protects the skin.
Improved with Nem and Turmeric to help protect the skin from bacterial activity and keep the skin fresh, healthy.
Soaps made with botanicals and herbs can be used with facial, cleansing and skin care","Neem
Turmeric
 Sodium Palmate and Sodium Palm Kernelate 97.35%, Perfume 1.2%, Glycerin 0.5 %, Water 0.5%, CI 77288 0.2%, Tetrasodium EDTA 0.1%, Melia Azadirachta Seed Oil 0.07%, Tetradibutyl Pentaerithrityl Hydroxyhydrocinnamate 0.05%, Citrus Medica Limonum (Lemon) Peel Oil 0.02%, Curcuma Longa (Turmeric) Root Oil 0.01%.","Wet the body, apply Neem & Turmeric Soap generously, work up a lather and rinse.",Store in a cool and dry place,Perfume,75,g
Himalaya Complete Care Toothpaste (100g),0,VND,"Himalaya Herbals Complete Care Toothpaste (100g) contains papaya extract, pineapple, almond peel and bright white teeth in just two weeks.
Healthy teeth are the key to healthy teeth and good oral hygiene. The herbal toothpaste contains Miswak, a natural astringent that helps maintain good health and protects the gums, preventing and reducing bleeding gums.
Based on the enzymatic technology of papaya and pineapple, gently removes stains on the teeth for 2 weeks, helping to whiten teeth effectively.
Almond flour is a natural, fast-acting, natural astringent.
Methane is a naturally occurring substance that helps fight gum disease.","Arabian acacia
Neem
Sorbitol  47 %,  Water  21.807%, Hydrated Silica  16%, Glycerin  4%, Silica  3%, Sodium Lauryl Sulphate  2.43%, Xanthan Gum  1%, Titanium Dioxide  1%, Flavor  1%, Sodium Saccharin  0.5 %, Menthol  0.4%, Sodium Benzoate  0.3%, Punica Granatum Pericarp Extract  0.254, Potassium Sorbate  0.2%,Calcium Fluoride  0.01%, 16 Zanthoxylum Alatum Fruit Extract  0.178%, Acacia Arabica Stem Bark Extract  0.169%, Embelia Ribes Fruit Extract  0.169%, Azadirachta indica Bark Extract  0.144%, Vitex Negundo Extract  0.113%, Thymol  0.1%, Terminalia Chebula Fruit Extract  0.0564%, Terminalia Bellerica Fruit Extract  0.0564%, Emblica Officinalis Fruit Extract  0.0562%, Citric Acid  0.045%, Salvodora Persica Stem Extract  0.003%, Acacia Farnesiana Flower/Stem Extract  0.003%, Acacia Catechu Bark Powder  0.003%, Mimosops Elengi Flower Extract  0.003%","brush thoroughly, at least twice a day, or as directed by dentist or physician. Children 6 years and below should have adult supervision and use only a pea-sized amount. Do not swallow. Spit and rinse thoroughly after brushing.
Store: Store in a cool and dry place",Store in a cool and dry place,Glycerin,100,g
Himalaya Sparkling White Toothpaste (100g),0,VND,"Himalaya Herbals Sparkling White Toothpaste (100g) contains natural herbal ingredients that help brighten and whiter teeth.
Toothpaste contains Miswak, a natural astringent that helps maintain good health and protects the gums.
Sparking White is an improved herbal formula that protects teeth for 12 hours from harmful bacteria and prevents plaque.
Neem and Babool help prevent inflammation and reduce bleeding gums. Neem is a natural antimicrobial agent against germs and germs.","Papain 
Bromelain
Menthol
Sorbitol  46%, Aqua  20.555%, Hydrated Silica  18%, Glycerine  4%, Silica  3%, Sodium Lauryl Sulfate  2.43%, Bromelain  1.25%, Titanium Dioxide  1%, Flavor  1 %, Xanthan Gum  1%, Sodium Saccharin  0.5%, Sodium Benzoate  0.3%, Potassium Sorbate  0.2%, Papain  0.17%, Menthol  0.15%, Salvadora Persica Stem Extract  0.1%, Sodium Citrate  0.1%, Cinnamon Zeylanicum Bark oil  0.05%, Eugenia Caryphyllus Bud oil  0.05%, Prunus amygdalus Dultis Shell extract  0.05%, Thymol  0.05%, Citric Acid  0.045%.","brush thoroughly, at least twice a day, or as directed by dentist or physician. Children 6 years and below should have adult supervision and use only a pea-sized amount. Do not swallow. Spit and rinse thoroughly after brushing.
Store: Store in a cool and dry place",Store in a cool and dry place,Babool,100,g
Himalaya Fresh Herbal Toothpaste (100g),0,VND,"Himalaya Herbals Active Fresh Herbal Toothpaste (100g) contains natural herbal ingredients that keep your teeth healthy, prevent bad breath, and keep your breath fresh.
Healthy teeth are the key to healthy teeth and good oral hygiene. The herbal toothpaste contains Miswak, a natural astringent that helps maintain good health and protects the gums, preventing and reducing bleeding gums.
Toothpaste with improved herbal formula protects the teeth for 12 hours from harmful bacteria and prevents plaque.
Mint extracts keep the breath fresh, long lasting, against bacteria. Cumin and cloves, astringent gums and halitosis prevention.","Indian Dil
Fennel
Clove
Sorbitol  50.7%, Water  14.6227%, Glycerin  13%, Hydrated Silica  11.5%, Silica  3.5%, Sodium Lauryl Sulphate  2.43%, Peucedanum Graveolens (Dill) Extract  1%, Flavor  1%, Sodium Carboxy Methyl Cellulose  0.8%, Menthol  0.3%, Sodium Saccharin  0.3%, Foeniculum vulgare (Fennel) Fruit Extract  0.225%, Sodium Benzoate  0.2%, Potassium Sorbate  0.2 %, Salvadora Persica Stem Extract  0.1%, Eugenia Caryophyllus (Clove) Bud Extract  0.045%, Citric Acid  0.045%  pH adjuster, Elettaria cardamomum (Cardamom) Fruit Extract  0.03%, CI 19140  0.002%, CI 42053  0.0003% .","brush thoroughly, at least twice a day, or as directed by dentist or physician. Children 6 years and below should have adult supervision and use only a pea-sized amount. Do not swallow. Spit and rinse thoroughly after brushing.
Store: Store in a cool and dry place",Store in a cool and dry place,Glycerin,100,g
Himalaya Lip Balm (10g),0,VND,"Himalaya Herbals Lip Balm(10g) Caramelized Honey and Carrot Seed Oil is rich in Carrot Seed Oil and Rice Germ Oil. It is rich in Vitamin E, which nourishes lips.
Contains carrot seed oil, a natural sunscreen, to protect your lips from the ultraviolet rays of the sun.
Ingredients of benign nature","Carrot seed oil
WheatGerm oil
Petrolatum 53.95%, Mineral Oil 18.5%, Ceresin 10%, Microcrystalline wax 7%, Cetyl Palmitate 2%, Isopropyl Myristate 2%, Fragrance 1%, Ricinus Communis Seed oil 1%, Cocos Nucifera oil 1%, Triticum Vulgare Germ Oil 1%, Wrightia Tincrotia Leaf Oil 1%, Daucus Carota Sativa Seed Oil 1%, Dimethicone 0.5%, Butylated Hydroxy Toluene 0.05%.","Apply a thin, smooth layer of Lip Balm on your lips. Reapply throughout the day as needed for supple, smooth lips.

Best for dry, chapped lips",Store in a cool and dry place,Ceresin,10,g
Bioderma Sensibio Tonique (100ml),0,VND,"Soothing moisturising toning lotion. Instantly tones and refreshes. Moisturises and improves skin comfort. Soothes the skin. Maximises the efficacy of skincare. Very good cutaneous and ocular tolerance - Non-comedogenic - Lightweight texture - Non-rinse - Unfragranced.

Biological mode of action:
To meet the specific needs of sensitive skin, Sensibio Tonique contains an active ingredient that minimises the sudden appearance of redness and feelings of discomfort.
- Allantoin and cucumber extract helps sooth the epidermis.
- The combination of Xylitol and Glycerine significantly increases the hydrating power.
- Sensibio Tonique is specifically perfect for sensitive skin, guaranteeing them immediate soothing, together with genuine cutaneous comfort, and perfect tolerance.
- The patented natural complex D.A.F™ raised the skin's tolerance threshold.","AQUA/WATER/EAU, GLYCERIN, XYLITOL, POLYSORBATE 20, MANNITOL, RHAMNOSE, FRUCTOOLIGOSACCHARIDES, CUCUMIS SATIVUS (CUCUMBER) FRUIT EXTRACT, PEG-40 HYDROGENATED CASTOR OIL, ALLANTOIN, PROPYLENE GLYCOL, DISODIUM EDTA, CETRIMONIUM BROMIDE, SODIUM HYDROXIDE, CITRIC ACID.","Morning and/or evening
- Drop a few drops in the palm of your hands or on a cotton pad.
- Apply onto the face and eyes.
- Lightly massage.",To store in a cool place away from sunlight,,100,ml
Bioderma Sensibio H2O (500ml),535000,VND,"Make-up removing micelle solution. Cleanses the skin from impurities and pollution particles. Removes make-up from face and eyes. Soothes. Prevents the risks of skin reaction. Preserves the skin’s natural balance
Very good tolerance - Non-rinse - Unfragranced.

Biological mode of action:
Sensibio H2O is a specific cleansing and make-up removing micellar water for sensitive skin.
- Formulated with micelles with excellent cleansing and make-up removing properties, Sensibio H2O deeply cleanses the face in the morning and evening, thus preventing pollutants likely to exacerbate skin sensitivity from penetrating the skin.
- The micellar technology developed by Laboratoire BIODERMA is inspired by the cellular lipids found in the skin. In perfect harmony with the skin, it preserves the natural protective film. Formulated with a physiological pH of around 5.5, Sensibio H2O respects the skin’s biological balance, which is essential to maintain healthy skin.
- It soothes and prevents pro-inflammatory risks. Sensibio H2O contains highly purified and pharmaceutical-grade water. It also features a complex of 3 biomimetic soothing sugars (D.A.F™) which prevent the inflammatory process.
- The high selection of ingredients ensures perfect tolerance and guarantees that any remaining traces of product on the skin pose no risk of damage.","WATER (AQUA), PEG-6 CAPRYLIC/CAPRIC GLYCERIDES, CUCUMIS SATIVUS (CUCUMBER) FRUIT EXTRACT, MANNITOL, XYLITOL, RHAMNOSE, FRUCTOOLIGOSACCHARIDES, PROPYLENE GLYCOL, DISODIUM EDTA, CETRIMONIUM BROMIDE.","Morning and/or evening – 7 days a week
- Soak a cotton pad with Sensibio H2O.
- Gently cleanse and/or remove make-up from your face and eyes.
- Repeat the above steps until there is no dirt on the cotton pad
No rinsing required
- No rinsing required.
*Can be used in combination with Sensibio Tonique, Sensibio Light and Sensibio Eye for best results.",To store in a cool place away from sunlight,,500,ml
