name,price,currency,description,ingredients,instruction_for_use,storage_instructions,country
Volvic Volcanic Mineral Water PET 500ml,0,VND,"""SUITABLE FOR: Conferences, office meetings, formal receptions, events, or hand-held, travel, school, office, sports, and other occasions that require the use of lightweight, easy-to-handle products.
 PRODUCT INFORMATION: Volvic is a natural mineral water formed from deep inside the volcanic moutain located in the heart of France and has been purified for 5 years through 6 geological layers of the volcano. Unique flavor with high silica content, which is essential for bones, hair, skin and nails""",,,,France
Volvic Volcanic Mineral Water PET (1.5L),0,VND,"""SUITABLE FOR: picnics, travel, daily hydration at home, at school, work, and activities that use large amounts of water
 PRODUCT INFORMATION: Volvic is a natural mineral water formed from deep inside the volcanic moutain located in the heart of France and has been purified for 5 years through 6 geological layers of the volcano. Unique flavor with high silica content, which is essential for bones, hair, skin and nails""",,,,France
Evian Natural Mineral Water Glass 750ml,72000,VND,100% natural mineral water,,,,
Evian Water PET Water (500ml),33000,VND,"""SUITABLE FOR: Conferences, office meetings, formal receptions, events, or hand-held, travel, school, office, sports, and other occasions that require the use of lightweight, easy-to-handle products.
 PRODUCT INFORMATION: Evian is a premium natural water filtered over 15 years in the French Alps, with a neutral pH (7.2), with unique and natural ingredients, suitable for all people of all ages. The product is 100% exploited, bottled and imported from one single source in France and is always committed to provide consumers with the same quality throughout the world""",,,,France
Evian Sport Cap (750ml),67000,VND,"""SUITABLE FOR: sports activities
 PRODUCT INFORMATION: Evian is a premium natural water filtered over 15 years in the French Alps, with a neutral pH (7.2), with unique and natural ingredients, suitable for all people of all ages. The product is 100% exploited, bottled and imported from one single source in France and is always committed to provide consumers with the same quality throughout the world""",,,,France
7Up Zero Sugar Pet (1.5L),0,VND,"Diet 7UP is now 7UP Zero Sugar! The light crisp, iconic flavor of 7UP Lemon Lime Zero Sugar soda offers a unique, balanced taste that will leave you feeling refreshed. ... Now known simply as 7UP, it's caffeine-free, low in sodium, and delivers great-tasting lemon lime flavor with zero sugar.",,,,
Canada Dry Ginger Ale Pet (1.5L),0,VND,"Without a doubt your favorite drink! Enjoy the intense flavor of Ginger Ale in all its versions; classic, light and zero. Perfect to take it the way you prefer.",,,,Canada
Pietra Beer 6% Bottle (330ml),0,VND,"Pietra is a handcrafted beer from the island of Corsica. It’s brewed with a blend of selected malts and chestnut flour. Chestnuts are a traditional fruits in Corsica, handpicked in the Castagniccia mountain. This unique blend in the world gives Pietra an exceptional personality.",,,,Pietra
Tuborg Skoll Beer 6% Can (500ml),0,VND,"Tuborg Green is a bottom-fermented lager beer. It's brewed on lager malt, a slightly roasted, bright type of malt which results in the well-known mild, fresh taste and aroma of flowers and grain.",,,,
Jenlain Ambrée Beer 7.5% Can (500ml),0,VND,The beer presents a mix of autumnal flower and lightly toasted malt notes to give a beer fit for connoisseurs.,,,,
Budweiser Beer 5% Can (500ml),0,VND,Excellent quality consistent for 143 years and available in over 80 countries,,,,
Old Jamaica Light Ginger Beer Can (330ml),0,VND,Carbonated Ginger Beer Flavour Soft Drink with Sugar and Sweetener.,,,,Jamaica
Itoen Oi Ocha Green Tea (500ml),0,VND,"Revive yourself the Japanese way with a bottle of Itoen Ooi Ocha Unsweetened Green Tea. This Japanese green tea has a delicate, fresh flavour with just a hint of refreshing bitterness. This tea is enjoyed by millions of Japanese people every day and is a winner among lovers of unsweetened drinks. This tea is best enjoyed chilled, with or without ice.",,,,
Itoen Oi Ocha Green Tea With Roasted Rice (500ml),0,VND,"Enjoy the flavour benefits of two different types of green tea with Itoen's ready-to-drink genmaicha with added matcha. Genmaicha is a nutty, soothing, almost savoury tea, made by combining green tea leaves with kernels of roasted brown rice. Matcha green tea powder, on the other hand, boasts a refreshing, leafy taste and aroma.",,,,
Hakatakaju Orange Juice Mikan (500ml),0,VND,"Our juice uses generous amounts of pure, perfectly ripe mandarin oranges. Both the delicate sweetness and mellow sour of the oranges are preserved, creating a smooth, refreshing finish. Children and older people alike will love how easy it is to drink, even for those of us who don't normally enjoy juice.",,,,
Hakatakaju Orange Juice Mikan (1L),0,VND,"Our juice uses generous amounts of pure, perfectly ripe mandarin oranges. Both the delicate sweetness and mellow sour of the oranges are preserved, creating a smooth, refreshing finish. Children and older people alike will love how easy it is to drink, even for those of us who don't normally enjoy juice.",,,,
St Stefanus Beer 7% Bottle (330ml),0,VND,"Known simply as 'Augustijn' within Belgium and St Stefanus Blonde Beer (7% ABV, 330ml bottle) elsewhere, this blonde ale from Van Steenberge Brewery is matured in the brewery for up to two years and continues to do so in the bottle. Open it young for a fruity flavour, or let it age for a more complex and aromatic experience.",,,,Belgium
Delirium Tremens Beer 8.5% Bottle (330ml),0,VND,"The particular character and the unique taste of ""Delirium Tremens"" result from the use of three different kinds of yeast. Its very original packing, which resembles cologne ceramics, and the colourful label contribute to its success.",,,,
Westmalle Triple Beer 9% Bottle 330ml,0,VND,"An exceptional beer, with a great deal of finesse and elegance. And with a splendid long aftertaste.",,,,
DESPERADOS Beer PK 5.9% from France (330ml),0,VND,"Desperados PK 5.9% (330ml) is a unique beer with the world’s first Tequila flavor, blending refreshing beer with the bold spiciness of Tequila. It offers a sweet, balanced experience of sour and spicy flavors. Perfect for any celebration, Desperados is the ideal choice to elevate your party atmosphere.",,,,France
Val de Rance L'Authentique Dry Cider 4.5% (330ml),0,VND,L'Authentique Dry cider is a well balanced cider with natural aromas of ripe apples. Strong notes of bittersweet apples wih medium sweetness from the natural sugars of apples.,,,,
Val de Rance Ginger/Lemon Cider 4.5% Bottle (330ml),0,VND,"Naturally sweet with sugars contains in the fruits. Well balanced mix between ginger, lemon & apple.",,,,
Val de Rance Pear Cider 4.5% Bottle (330ml),0,VND,Round and sweet in mouth with medium acidity. Naturally acidulated with sugars contains in the fruits.,,,,
CocaCola Zero Bottle (1.5L),20000,VND,"Coca Cola Zero makes the body feel lighter, eats better, no sugar, no calories, suitable for those who love soft drinks but still want to keep healthy eating habits.",,,,
Fanta Bottle (1.5L),0,VND,"Fanta soft drink helps to quench thirst after outdoor activities, relieve stress and fatigue when studying and working. Fanta soft drink with sassafras flavor 1.5 liter bottle stimulates the taste buds, providing energy for the body.",,,,
Schweppes Soda Dry Ginger Ale Can (320ml),11000,VND,"Schweppes uses flavors extracted from nature, a separate formula combines mildly spicy ginger, carbonated soft drinks with a strong taste to bring a feeling of refreshment. Schweppes Dry Ginger Ale Soda Drink 320ml can be used immediately or used to prepare attractive drinks",,,,
Minute Maid Teppy Orange Bottle (327ml),0,VND,"Teppy orange juice 327ml is extracted from succulent oranges along with naturally attractive fresh orange cloves. And produced according to modern technology, no harmful substances do not affect the health of consumers.",,,,
Dasani Bottle (350ml),4000,VND,"Dasani Purified Water is sterilized with optimal technology, ensuring a clean source of water and good for the health of consumers.
Dasani bottled water is produced from groundwater, through reverse osmosis system and sterilization by ozone, ensuring purity in every drop of water. The product has a natural cool sweet taste, giving instant refreshing feeling",,,,
Dasani Mineral Water Bottle (510ml),6000,VND,"Dasani Purified Water is sterilized with optimal technology, ensuring a clean source of water and good for the health of consumers.
Dasani bottled water is produced from groundwater, through reverse osmosis system and sterilization by ozone, ensuring purity in every drop of water. The product has a natural cool sweet taste, giving instant refreshing feeling",,,,
Aquarius Water bottle (390ml),8000,VND,Aquarius Isotonic Water bottle (390ml),,,,
East West East West Pale Ale Beer Bottle (330ml),51000,VND,"With inspirations from both sides of the world, our award-winning flagship East West Pale Ale provides a perfect balance of malts with hops. This delightfully crisp and handcrafted ale is the toast of Saigon.",,,,West
East West Far East IPA Beer Bottle (330ml),51000,VND,"This full-bodied India Pale Ale is loaded with malt, hops, and yeast from all over the world. Our award-winning Far East IPA provides a beautiful inter-pacific aroma that is enjoyable all year round.",,,,India
East West Summer Hefe Weizen Beer Bottle (330ml),0,VND,"Our award-winning Summer Hefeweizen delivers a bold, refreshing, clean flavor and expressive aroma that is perfect for Vietnam’s warm climate",,,,West
East West Modern Belgian Dark Beer Bottle 8.1% (500ml),90000,VND,"Our award-winning Modern Belgian Dark takes on a traditional approach with a dose of local ingredients. Complex with rich malts that delivers strong aromas of caramel and baked bread, with a hint of spiciness. We switched out the traditional use of Belgian candy for local Vietnamese palm sugar to give a vanilla and toffee depth.",,,,West
East West Independence Stout Beer Bottle 12% (500ml),100000,VND,"Our award-winning Independence Stout is an intense dark ale that encompasses a range of rich and complex flavor profiles. The malts, fruit esters, hops, and alcohol are harmoniously in balance. Not for the faint of heart due to its aggressive nature and high alcohol content, therefore this beer is to be savored and respected.",,,,West
Pilsner Urquell Beer Can (500ml),69000,VND,"Josef Groll was able to look beyond what was possible and combine his knowledge of an innovative new bottom fermenting process, known as 'lagering', with his access to the finest local ingredients at Pilsen: a special type of two-row fine-husk barley and of course the uniquely soft local water.",,,,
Pilsner Urquell Beer Bottle (330ml),62000,VND,"Josef Groll was able to look beyond what was possible and combine his knowledge of an innovative new bottom fermenting process, known as 'lagering', with his access to the finest local ingredients at Pilsen: a special type of two-row fine-husk barley and of course the uniquely soft local water.",,,,
Whisky Label 5 Blend Scotch Bottle 40% 200ml,0,VND,"Distributed in more than 100 countries around the world, Whiskty Label 5 has won many awards and is the 9th largest whiskey brand in the world.",,,,
Whisky Label 5 Blend Scotch Bottle (700ml),0,VND,"Label 5 Classic Black is a unique Whiskey made from the most selective malt, creating a sophisticated Whiskey with a smoky flavor and a hint of flowers and fruit. Label 5 is the 9th largest whiskey brand in the world.",,,,
Gibson's Gin Bottle 37.5% 700ml,0,VND,"Gibson's Gin is bestowed with the best medals. Currently, this Gin line represents the ultimate quality that the company makes.",,,,
Vodka Cruiser Lemon Lime 4.6% Bottle 275ml,59000,VND,"With natural ingredients, no preservatives, and ingredients from twice-fermented fruit - Cruiser has been leading the Australian market with this delicious drink.",,,,Cruiser
Vodka Cruiser  Blueberry 4.6% Bottle 275ml,0,VND,"With natural ingredients, no preservatives, and ingredients from twice-fermented fruit - Cruiser has been leading the Australian market with this delicious drink.",,,,Cruiser
Vodka Cruiser  Raspberry 4.6% Bottle 275ml,59000,VND,"With natural ingredients, no preservatives, and ingredients from twice-fermented fruit - Cruiser has been leading the Australian market with this delicious drink.",,,,Cruiser
Vodka Cruiser Bold Berry 4.6% Bottle 275ml,59000,VND,"With natural ingredients, no preservatives, and ingredients from twice-fermented fruit - Cruiser has been leading the Australian market with this delicious drink.",,,,Cruiser
Vodka Cruiser Juicy Watermelon 4.6% Bottle (275ml),59000,VND,"The characteristic fresh, sweet scent of ripe watermelon. The refreshing sweetness of watermelon fills the mouth. Faint notes of vodka, subtle and not overpowering the fruity smell. The mellow Vodka flavor, mixed with watermelon flavor, creates a refreshing feeling and instantly quenches thirst.",,,,
Royal Dutch Post Horn Full Flavour Beer 5% Can (500ml),47000,VND,"The Beer Lager Royal Dutch Post Horn is made from the freshest and most natural ingredients. The Beer Lager Royal Dutch Post Horn has a delicate aroma of malt and noble hops with a refreshing, distinctive finish.",,,,
Royal Dutch Post Horn Extra Strong Beer 8.5% Can (500ml),0,VND,"The Beer Lager Royal Dutch Post Horn is made from the freshest and most natural ingredients. The Beer Lager Royal Dutch Post Horn has a delicate aroma of malt and noble hops with a refreshing, distinctive finish.",,,,
Trio Extra Stout Beer 7.2% Bottle (330ml),0,VND,"Trio beer has conquered the hearts of beer lovers in more than 28 countries around the world. Created from a delicate combination of three signature ingredients, Trio Stout delivers an unmistakable flavor experience.
The sweetness of roasted malt, the richness of the black color and the aroma of barley along with a subtle hint of coffee aroma are what you can find in every drop of Trio beer.
Carefully selected hops create a gentle yet full-bodied bitterness that pairs perfectly with the flavors of the stout, creating an authentic taste experience.",,,,
Trio Extra Stout Beer 7.2% Can (330ml),0,VND,"TRIO Extra Stout is proudly produced by dedicated and experienced brewers. The beer's signature full, strong and unique flavor is formed from four main ingredients: barley malt, hops, pure soft natural water and yeast.",,,,
"Vodka MG Spirit  Pineapple 5,5% bottle 275ml",59000,VND,MG Spirit from Spain has launched a 5.5% alcohol cocktail range. MG Spirit was created with factory distilled ingredients. Comes in a 275ml glass bottle.,,,,Spain
"Vodka MG Spirit  Grapefruit 5,5% bottle 275ml",59000,VND,MG Spirit from Spain has launched a 5.5% alcohol cocktail range. MG Spirit was created with factory distilled ingredients. Comes in a 275ml glass bottle.,,,,Spain
"Vodka MG Spirit  Lime 5,5% bottle 275ml",59000,VND,MG Spirit from Spain has launched a 5.5% alcohol cocktail range. MG Spirit was created with factory distilled ingredients. Comes in a 275ml glass bottle.,,,,Spain
"Vodka MG Spirit  Blueberry 5,5% bottle 275ml",59000,VND,MG Spirit from Spain has launched a 5.5% alcohol cocktail range. MG Spirit was created with factory distilled ingredients. Comes in a 275ml glass bottle.,,,,Spain
"Vodka MG Spirit Mojito 5,5% bottle 275ml",59000,VND,MG Spirit from Spain has launched a 5.5% alcohol cocktail range. MG Spirit was created with factory distilled ingredients. Comes in a 275ml glass bottle.,,,,Spain
Fever-Tree Light Tonic Water (4x200ml),0,VND,"We use naturally occurring fruit sugars to develop our lighter tonic water. The blending of subtle botanical flavours with spring water and highest-quality quinine gives it the distinctively clean, crisp character of Premium Indian Tonic Water, but with 57% fewer calories.",,,,
Fever-Tree Light Tonic Water (8x150ml),0,VND,Made with the finest quinine from the Democratic Republic of Congo and natural fruit sugars instead of natural cane sugar for 50% fewer calories than Indian Tonic Water.,,,,Congo
Fever-Tree Prem Indian Tonic Water (8x150ml),0,VND,We use fruit sugars to develop our lighter tonic water.,,,,
Fever-Tree Light Elderflower Tonic Water (8x150ml),0,VND,"By blending the gentle bitterness of quinine with fruit sugars and the delicate, sweet notes of elderflowers that are handpicked in Gloucestershire, we've created a delicious, reduced and calorie Elderflower Tonic Water.",,,,Gloucestershire
Hoegaarden White Beer 4.9% Can (330ml),29000,VND,"Created by monks in 1445, Hoegaarden comes from the Belgian village of the same name, famous for its fine wheat fields. Unique unfiltered technique, creating a white, pure, smooth foam layer, when pouring out like clouds flowing smoothly.",,,,
Coronita  Extra Beer 4.5% Bottle (207ml),0,VND,"Corona's superior taste profile is due to the fact that our brewers take great care to use only the best ingredients available, made with the finest quality blend of filtered water, malted barley, hops, and yeast.
The unmistakable colour, the one-of-a-kind taste, the unparalleled flavor of relaxation makes it 'la cerveza mas fina', made for gathering with friends.",,,,Corona
Monster Energy Sleek Can (355ml),26000,VND,Monster Energy Sleek Can (355ml),,,,
Tipco Juice Coconut (1L),0,VND,"- Tipco Coconut Water (1 Liter) with natural ingredients is produced according to modern technology lines under strict inspection process, so it preserves all natural nutrients from fruits and brings fresh taste. new.
- The cool sweetness and aroma of coconut bring you a feeling of lightness and refreshment when enjoying.
- Is a refreshing drink that helps replenish vitamins and minerals good for the body, rich in vitamins and antioxidants, will help promote health and help rejuvenate your skin. Using the product is a quick way to rehydrate the body when exercising or playing sports.
-In addition, the composition of the product does not contain harmful chemicals, ensuring safety for consumers' health.",,,,
Tipco Juice Orange (1L),0,VND,"- Tipco Orange Juice (100%) 1 liter is a product with safe ingredients, discreet packaging, delicious taste and rich in nutrition.
The product has carefully selected ingredients, does not contain harmful chemicals, and is safe for users. Products are manufactured on modern technological processes, are strictly censored, quality assurance and this is also a popular product in the market.
- Juice has a delicious taste of carefully selected natural ingredients, which will bring you great entertainment and enjoyment with friends or relatives.
- The product helps the body replenish water, replenish energy, many beneficial vitamins, especially vitamin C, help dispel thirst and fatigue. Juice is suitable as a daily nutritious drink, giving you a healthy body and vibrant skin.",,,,
Tipco Juice Aloe Vera And White grape (1L),66000,VND,"- Tipco 1 Liter aloe vera and white grape juice are imported directly from Thailand with natural ingredients, rich in nutrients, completely free of preservatives, ensuring safety for consumers' health.
- Juice contains vitamins A, C and E that act as antioxidants - substances that help the body fight free radicals to avoid premature skin aging and cancer, giving you a smooth skin. membranous and full of life.
In addition, aloe vera and grapes both contain vitamin B1 and folic acid (folate) and essential nutrients for the body such as calcium, potassium, magnesium, chromium, sodium, copper, zinc and selenium to help enzyme cells. stay healthy and help your metabolism work better. The fiber in the juice has the effect of increasing waste in the digestive system, stimulating excretion, and supporting digestion. In addition, calcium helps form strong bones and teeth.",,,,Thailand
Tipco Juice Vegetable and Fruit Juice (1L),66000,VND,"- Tipco Mixed Fruit and Vegetable Juice (1 Liter) with main ingredients including carrot, orange, tomato, celery, passion fruit, pineapple juice.
- The drink helps supplement Vitamins A, C, minerals, rich in fiber to help enhance vision, support the heart and metabolism of substances in the body. For office workers, fruit juice will be a magical drink to relieve stress, cool the body and keep fit.
- In addition, the bottles of pure, delicious and healthy fruit and vegetable juice are also suitable for taking care of the health of the loved ones in your family.
- Supplement vitamins and fiber for the body.",,,,
Tipco Apple Mix Juice (1L),50000,VND,"- Mixed Apple and Fruit Juice (40%) Tipco 1 Liter is a product from Thailand. The juice is made from safe ingredients, has a delicious taste, rich in nutrition and is canned. beautiful, discreet.
- No preservatives are used due to the packaging with aseptic system
- Contains a lot of vitamins A, C and many other nutrients
- Helps replenish water, replenish energy quickly, help dispel the feeling of fatigue and sluggishness immediately.",,,,Thailand
Tipco Juice Kiwi Mix Juice (1L),51000,VND,"- Tipco 1 liter kiwi and mixed fruit juice has a carefully selected source of ingredients with ingredients including Kiwi juice concentrate (15%), grape juice concentrate (14%), water Concentrated apple juice (11%). The product is manufactured on a modern technological process, does not contain harmful chemicals, and is safe for users.
- Kiwi juice helps the body to replenish water, replenish energy, many beneficial vitamins, help dispel thirst and feelings of fatigue. Juice is suitable as a daily nutritious drink, giving you a healthy body and vibrant skin.
The product contains the antioxidant E300, which helps to neutralize free radicals - natural substances that attack cells and DNA, preventing or slowing some forms of cell damage.
- Kiwi juice is rich in vitamin E, so it has the ability to reduce, erase wrinkles and reduce the harmful effects of ultraviolet rays, which cause skin cancer.",,,,
Tipco Juice Berry Mix Juice (1L),51000,VND,"- Tipco Berry and Fruit Juice (40%) 1 Liter has carefully selected ingredients, does not contain harmful chemicals, safe for users.
- Products are manufactured on modern technological process, strictly censored, quality assurance and this is also a popular product in the market.
- Juice has a delicious taste of carefully selected natural ingredients, which will bring you great entertainment and enjoyment with friends or relatives.
- The product helps the body replenish water, replenish energy, many beneficial vitamins, especially vitamin C, help dispel thirst and fatigue.
- Juice is suitable as a daily nutritious drink, giving you a healthy body and vibrant skin.",,,,
St.Sebastiaan G.Cru Beer 7.6% Bottle (500ml),0,VND,"The beer has amber color and a layer of smooth cream foam that is not too thick but stays for a long time on the rim of the cup, making the drinker feel a delicate and warm taste, to the harmonious combination of the bitterness of the plum blossom, rich flavor and mellow feel",,,,
Schofferhofer Hefeweizen Wheat Beer 5% (500ml),0,VND,"Schofferhofer German Wheat Beer Hefeweizen is brewed in Bavarian tradition using wheat malt. The live yeast gives bottle ""conditioning"" guaranteeing a refreshing fruity flavour. The yeast sediment also leads to the ""cloudy"" nature of the beer.",,,,
Schofferhofer Beer & Grapefruit 2.5% (330ml),0,VND,A 50/50 blend of Schöfferhofer Hefeweizen beer and natural carbonated grapefruit flavor for a zesty and fizzy taste experience.,,,,
Radeberger Pilsner Draft Beer 4.8% (330ml),0,VND,Full-bodied Pilsner,,,,
Te Te White Ale Craft Beer (330ml),80000,VND,"Te Te White Ale is a wheat beer; light and refreshing brewed with wheat malt, orange peel and a touch of coriander",,,,
Te Te Electric IPA Craft Beer (330ml),80000,VND,Te Te Electric IPA is a medium body beer with a golden orange haze. The fruity aroma is brought to life by hops and pinch of lemon zest,,,,
Condition Extract Hovenia dulcis (75ml),55000,VND,"Condition was formerly a famous product of CJ Group (Korea). Now, Condition has changed its appearance, but the quality and popularity of this product in Korea and Asian countries have not decreased. Condition is Korea's number 1  favorite  anti hangover drink product. Helps detoxify the liver, limiting the harmful effects of alcohol on the liver.",,,,Korea
Hongsamjin Gold Red ginseng Water (100ml),30000,VND,"Made from Red Korean Gingsen 6 year olds, HONGSAM JIN GOLD Support to improve health, reduce fatigue.",,,,
Hutgaesoo Dry Raisin Water (500ml),26000,VND,"Oriental raisin juice HUTGAESOO 500ml SUGAR FREE - CHOLESTEROL - NO FAT - NO CALORIS. Combined with Tapioca and Licorice extracts, HUTGAESOO Oriental Raisin Water brings a new concept with a Herbal drink that is both cooling and anti-oxidant. Refreshment, body heat.",,,,
Bia St.Sebastiaan Dark 6.9% chai (500ml),0,VND,"Origin : belgium
Alcohol content : 6.9%
Brand : abbey ale
Color: black with red light
500ml special porcelain bottel
Expiry date : 3 years
Carton of 6 bottel",,,,Belgium
Bia St. Paul Triple 7.6% chai (500ml),0,VND,"Cover type : abbey ale
Color : yellow
Alcohol content : 7,6%
Hops: belgium meeting
Floating fermentation
Volume : 500ml
Expiry date; 3 years
Origin : belgium
Specification 6 bottles carton",,,,Belgium
San Miguel Negra Beer Bottle 4.19%(330ml),32000,VND,"A rich, dark beer with a balance between mild bitterness and the characteristic sweetness of roasted barley flowers. Intense caramel aroma combined with the fatty taste of beer foam",,,,San Miguel
Lipton Iced Tea Peach Can (6x330ml),0,VND,"Refreshing drink with peach flavored tea extracts, with sugars and sweetener.",,,,
Lipton Ice Tea Peach Zero Sugar (1.5L),0,VND,Discover the light side of the decree! Lipton Refreshing Lipton Ice Tea in sugar-free version - a fantastic taste of iced tea with a stimulating peach juice without the sugar!,,,,
Orangina Orange Juice Can (6x330ml),297000,VND,Made with real orange pulp,,,,
7 Bridges Imperial IPA 9.0% Bottle (330ml),0,VND,"Full of intense and fruity hop aromas, this bright ale is everything a true hophead loves. Masterfully executed without compromise, extra strong, perfectly balanced, and made with all natural ingredients. 
Type: Wheat beer  9,0% ABV - 50 IBU",,,,
7 Bridges Dragon 3 Coil IPA 4.8% Btl (330ml),0,VND,"Inspired by Danang's fire breathing Dragon Bridge and its 3 golden coils, this session style IPA is bursting with three fragrant hops and three rich malts. Smooth enough to enjoy three in a row.  Type: Session IPA , 4.8% ABV -32 IBU",,,,
Belgo Blonde 5.9%,55000,VND,"Blond beer with a rich foam collar and a
fruity bouquet brewed with two different
kinds of malt, two aromatic varieties of
hops and one secret herb that gives the
beer its inimitable taste",,,,
Belgo Amber 5.1%,55000,VND,"Highly drinkable Belgian beer with light
notes of caramel, dried fruit, bread
and toffee. Medium white silky head,
unfiltered",,,,
Belgo Cherry Ale Bottle (330ml),70000,VND,Belgo Cherry Ale Beer (330ml) is a well-known craft beer brewed in the Belgian style.,,,,
HeartDarkness Kurtz's Insane IPA 7.1% (330ml),0,VND,"A true hop-head's delight. Pours medium amber. Vibrant aroma with grapefruit and piney tones. Seven kinds of hops deliver a full blown assault on your taste buds, with pomelo and citrus leading the charge. Finishes with a tight, pleasant bitterness.",,,,
Pasteur Street Jasmine IPA 6.5% Can 330ml,0,VND,"Pasteur Street's flagship beer! The most popular and best-selling IPA in Vietnam since its inception, this unfiltered IPA showcases 3 hop varietals, most notably Citra. Locally sourced, dried jasmine flowers are added during the boil to imbue the brew with a wonderful aroma",,,,Vietnam
Maeloc Sidra Strawberry Flavor Alc. 4% (330ml),98000,VND,Cider Maeloc Fresa 330ml has a sweet and seductive cider flavor. A little yeast combines completely with a mild sweetness adding a little sour taste of the fruit,,,,
Cider Maeloc Mora 330ml,98000,VND,Cider Maeloc Sidra Mora beer possesses mysterious purple color combined with quite delicious taste. The perfect combination of fermented apple juice with raspberries. A great refreshing option that you should indulge in snacks and bars to ensure that it stimulates the taste buds and does not lose the taste of the beer.,,,,
Platinum Golden Beer Can 5% (330ml),46000,VND,"Expect delightful crisp bitterness, balanced by a malt-forward profile and hints of rich toffee and caramel.  Brewed naturally with yeast, which may settle at bottom of can.",,,,
Clausthaler Unfiltered Non- Alc. Beer (330ml),0,VND,"Non alcohol dry- hopping, where a special kind of savory hops is added to the brew after fermentation, with the historic German Zwickel tradition of unfiltered brewing. The result is a rich, naturally brew with crisp bitter notes, a touch of sweet malt and a golden color",,,,
Clausthaler Original Non- Alc. Beer (330ml),0,VND,"Well-balanced, fresh, and easy to drink, with a creamy feel on the palate and a pleasing color",,,,
Clausthaler Lemon Non- Alc. Beer (330ml),0,VND,Mix of 40% Clausthaler Classic and 60% lemonade. The tasty shandy is bottom-fermented and refreshing.,,,,
Schofferhofer Hefeweizen Dunkel Beer 5% (500ml),0,VND,Wheat beers are brewed as darker versions with deliciously complex malts and a low balancing bitterness.,,,,
East West Pacific Pilsner Beer Bottle 5% (330ml),0,VND,"Using all barley malt with generous amounts of modern hops for a lively burst of aroma, our award-winning Pacific Pilsner will be welcome to those who seek light easy to drink beer.",,,,West
FuzzyLogic Pale Ale 5.4% Draught Beer (330ml),0,VND,The first craft beer to appear in the Vietnam craft beer scene. It is brewed with caramel malts in a classic pale ale style. Medium bodied ale with a slight fruity taste and toasty maltiness. Finishes semi-dry with a tastefull and clean bitterness,,,,Vietnam
FuzzyLogic Pale Ale 5.4% Draught Beer 330ml,0,VND,"A light taste, crisp body with a dry and refreshing finish that will win every hearts of carft beer enthusiasts .",,,,
Lavie Sport Cap (750ml),9000,VND,"LaVie Natural Mineral Water 750ml with convenient & easy-open sport cap helps you quickly hydrate your body during sport, gym or outdoor activities, fitting your active lifestyle. 

Unlike other electrolyte water (man-made alkaline water) which is produced by water electrolysis process, La Vie is 100% naturally alkaline with pH=8, helps to bring your body back to balance.",,,,
Lavie Premium (400ml),9000,VND,"With elegant & premium design, LaVie mineral water 400ml is the perfect drink for your fine dining. With pure, light mineral taste, LaVie enhances the taste of food, bringing you a sophisticated culinary experience.
No sugar & calories, LaVie natural mineral water with 06 essential minerals is an ideal alternatives to other sugary drinks, helping you maintain your healthy lifestyle",,,,
LaVie Natural Mineral Water Kid (330ml),0,VND,"Unique & attractive animal designs with small pack size which is easily put on schoolbag for kids, LaVie Kid 330ml is a best bottled water to replenish your beloved children with 06 essential minerals. From now they will enjoy to drink more water.",,,,
Sunraysia Juice Prune (250ml),0,VND,"Prunes Juice is a source of dietary fibre, which helps keep your digestive system running at its best; potassium, which contributes to normal nervous system function and source of iron which contributes to normal cognitive function. Like a good wine, our Prune juices varies from season to season – that’s because it’s all natural!",,,,Prune
Coca Cola Japanese Version(160ml),28000,VND,Coca Cola Japan with the quintessential Original Taste has been preserved for many years by the most famous beverage company in the world. Japanese Coca Cola has a moderate gas concentration and a bolder and more delicious taste than the Coca Cola that we often enjoy.,,,,Japan
Coca Cola Japanese Version(300ml),52000,VND,"Coca Cola Japan with the quintessential Original Taste has been preserved for many years by the most famous beverage company in the world. Japanese Coca Cola has a moderate gas concentration and a bolder and more delicious taste than the Coca Cola that we often enjoy. Japanese Coca Cola cans with a capacity of 300ml are packaged as aluminum cans with screw-on lids very easily. use. The outstanding feature of Japanese Coca-Cola is the screw cap shape, the screw cap compared to the normal lid is that we can keep the taste much better after opening the can without using it all.",,,,Japan
Coca Cola Japanese Version(500ml),47000,VND,Coca Cola Japan with the quintessential Original Taste has been preserved for many years by the most famous beverage company in the world. Japanese Coca Cola has a moderate gas concentration and a bolder and more delicious taste than the Coca Cola that we often enjoy.,,,,Japan
Rauch - Happy Day Apple Juice (1L),0,VND,"Rauch is a premium fruit juice brand From Austria & now is one of the leading fruit juice company in Europe with more than 100 years of history.
  Rauch - Happy Day stands for a unique taste experience of highest quality. The wide range of product take you through a joyride of different flavors. From classics like Orange or Apple to exotic one like Pink Guava, Strawbery, Cherry, Cranberry. Rauch - Happy Day is also carries V-label & 100% vegan.",,,,Austria
Rauch - Happy Day Orange Juice (1L),0,VND,"Rauch is a premium fruit juice brand From Austria & now is one of the leading fruit juice company in Europe with more than 100 years of history.
  Rauch - Happy Day stands for a unique taste experience of highest quality. The wide range of product take you through a joyride of different flavors. From classics like Orange or Apple to exotic one like Pink Guava, Strawbery, Cherry, Cranberry. Rauch - Happy Day is also carries V-label & 100% vegan.",,,,Austria
Rauch - Happy Day Strawberry Juice (1L),105000,VND,"Rauch is a premium fruit juice brand From Austria & now is one of the leading fruit juice company in Europe with more than 100 years of history.
  Rauch - Happy Day stands for a unique taste experience of highest quality. The wide range of product take you through a joyride of different flavors. From classics like Orange or Apple to exotic one like Pink Guava, Strawbery, Cherry, Cranberry. Rauch - Happy Day is also carries V-label & 100% vegan.",,,,Austria
Heritage Blonde Ale Beer Bottle (330ml),0,VND,"With its bright, refreshing and flavorful colors, Heritage Blonde Ale is the perfect beer for a day on the beach or an evening with friends. Brewed with the king of fragrant hops, gives a mild pungent, floral and fruity flavor to a great beer.
Type: Golden Beer 
5 % ABV - 18 IBU",,,,
Sunset Tangerine Beer Bottle (330ml),0,VND,"A combination of Pilsner and Wheat Malts with a classic Hop that add hints of floral and spice. 
It then gets a hefty addition of fresh local Tangerines that deliver a beautiful refreshing fragrance and citrus blast.                                                      
Type: Wheat beer   4.2% ABV - 14 IBU",,,,Sunset
San Miguel Light Beer Can 5% (550ml),27000,VND,"A light, low-calorie beer with a mellow taste and signature aroma. The low calorie content makes San Mig Light easy to drink, less bloated, and gentle on the stomach. It is the perfect choice for moments of comfortable beer drinking, enjoying fun with friends, 5 degree alcohol content.",,,,San Miguel
Saigon Cider Apple & Ginger Cider 4.7% (330ml),68000,VND,"Quality ingredients + hygeinic processes = Long shelf-life
A glass of Cider delivers the same amount of Antioxidants as a glass of red wine, which is recognized as having many health benefits.
Unlike beer, cider won’t leave you feeling sleepy and bloated, in fact a cold cider can leave you feeling light & refreshed.
Cider can be an excellent source of vitamin C
Environmentally friendly, do not use plastic in any product packaging",,,,Antioxidants
Fiji Natural Mineral Water (500ml),36000,VND,"Fiji's distinctive taste has been established over the years. It takes a long time for tropical rains to seep through ancient volcanic rocks and absorb natural silica, the mineral that makes Fiji's signature soothing taste. The water sourced from the groundwater circuit is deep in the ground, Fiji water is not affected by humans, until the customer opens the lid.",,,,Fiji
Fiji Natural Mineral Water (1L),65000,VND,"""FIJI groundwater circuit explored on Fiji Islands in Viti Levu,
 with a unique mineral content and rich in electrolyxins""",,,,Fiji
Yona Yona Ale Beer ABV5.5% (350ml),0,VND,"Yona Yona (""every night"" in Japanese) Ale is a American Pale Ale (APA) style beer brewed by Yo-Ho Brewing Company in Nagano-ken Kitasaga-gun, Japan. It is brewed with a generous amount of premium Cascade hops. Its uniqueness have been attracting a popularity among Japan’s beer fans and made it into the most renowned craft beer in Japan.
Not only is it rich in citrus flavor but also the balance of bitter and sweet taste will make you want to sip and enjoy this beer every night.",,,,Japan
Cider Maeloc Pina & Pera 330ml,0,VND,Maeloc Sidra Pina & Pera is a great choice for beer with fermented apple juice flavored with pineapple aroma. The delicate sweetness from the apple combines a little sweetness and a sour taste of pineapple.,,,,
1906 Reserva Especial Beer Bottle (330ml),46000,VND,"Beer is the impressive combination of hops & malt, in which the aromatic roasted malt flavor stands out. 1906 possesses a beautiful amber brown yellow, adorned with a smooth white foam to create a distinct character for beer.",,,,
Estrella Galicia Cerveza Especial 5.5% (330ml),46000,VND,"Estrella Galicia Cerveza Especial is known as a beautiful and extremely attractive lager line with smooth and thick foam, Estrella Galicia beer has the flavor of barley and malt and possesses gentle, pure flavor smoothness of the same dried fruits. Beer with a neutral and mild palate flavor, these Estrella Galicia flavors have a strong appeal to the user. It takes brewers about a month a month to do it, half of this time is spent on cold storage, so beer conquers many consumers.",,,,
Kronenbourg 1664 Red Fruits Beer (6x250ml),0,VND,"The beer has a bright ruby red colour, a promise of an intense flavour.",,,,
Icelandic Glacial Water (500ml),0,VND,The 500ml case includes 24 PET bottles. Always a popular size as it is provides enough water to keep you well hydrated in addition to being small and light enough to carry easily.,,,,
VOSS Artesian Pure Natural Mineral Water (500ml),0,VND,"VOSS Artesian is a premium natural mineral water from Norway, known for its luxurious bottle design and crisp, clean taste. Sourced from the pure underground water of Vatnestrom, VOSS offers an exceptional refreshing experience for those who appreciate elegance and high quality.",,,,Norway
La Bete 8% Beer (330ml),0,VND,"The Beast was born in 2008, at a time when the term ""craft beer"" was not yet heard everywhere. Its creator wanted to create a beer to his taste, original and character that he could not find despite his peregrinations.",,,,
Mort Subite Witte Lambic 5.5% Beer (330ml),0,VND,"A rare sort of light fruity Belgian lambic, prepared according to the original old recipe. The drink is a young and unfiltered unpasteurized beers natural fermentation, brewed from hops 3-year exposure, barley malt (60%) and unmalted wheat (40%) with the addition of chopped dried apricots, peel and coriander. Period main fermentation takes to h months. Maturation and subsequent exposure are carried out over 3 years in wooden barrels of wine.",,,,
Jade Amber 4.5% Organic Beer (6x250ml),0,VND,First organic beer brewed in France since 1986,,,,France
Fischer Amber 6.3% (660ml),0,VND,"Fischer Doreleï is an Alsatian amber beer that offers a beautiful balance between a sweet bitterness and subtle notes of caramel, honey and spices",,,,
Pocari Sweat Supply Drink Bottle(350ml),13000,VND,"POCARI SWEAT is a healthy drink by replenishing water and ion which body consumes every day. With the correct water and ion content, POCARI SWEAT provides quick and exactly what the body needs. When it comes to rehydration, POCARI SWEAT helps quenche the thirsty, which is the right choice for health.",,,,POCARI
Saigon Cider Original Apple Cider 4.7% (330ml),0,VND,"Quality ingredients + hygeinic processes = Long shelf-life
A glass of Cider delivers the same amount of Antioxidants as a glass of red wine, which is recognized as having many health benefits.
Unlike beer, cider won’t leave you feeling sleepy and bloated, in fact a cold cider can leave you feeling light & refreshed.
Cider can be an excellent source of vitamin C
Environmentally friendly, do not use plastic in any product packaging",,,,Antioxidants
Contrexeville Contrex Mineral Water EAU Pet (1.5L),0,VND,"If Contrex ® natural mineral water is so famous, it is thanks to its unique minerality recognized by the Academy of Medicine for more than 100 years . Discovered and springing up in the heart of the Vosges, its original purity and its natural richness in minerals make it an ally of choice for taking care of your body by helping it to recharge in Calcium and Magnesium.",,,,Vosges
Belgo Fullmoon 10%,0,VND,"Dark ale made of 8 spices offering herbal bouquet flavors, consistent with the aromas and intensely rising through the palate, followed by a long lasting sweet mouthfeel and enhanced by a light cookie taste. Warm finish, lingering delicately. Well balanced while complex, this unique and mysterious beer is exclusively brewed at night while the moon is full",,,,
Belgo Session IPA ABV 4.9% Bottle (330ml),55000,VND,"Session IPA is a low alcohol but a full
IPA taste beer. Using 5 different hops
to create a tropical and citrus fruit
taste, combined with a typical
malt sweetness to optimise and round
the bitterness",,,,
Belgo Royale ABV 10% Bottle (330ml),70000,VND,"""Top fermented abbey style beer with a natural haze and creamy head. Robust and balanced flavours with notes of ripe pineapple, peach, banana and delicate spices bouquet""",,,,
Hoegaarden Rosee Beer Bottle (248ml),0,VND,Hoegaarden Rosee is inspired by the tradition of drinking beer with jars. The fruit flavor remaining in the bottle gives the beer a distinctive flavor and aroma,,,,
Hoegaarden Rosee Beer Can (330ml),0,VND,Hoegaarden Rosee is inspired by the tradition of drinking beer with jars. The fruit flavor remaining in the bottle gives the beer a distinctive flavor and aroma,,,,
Coco Max Coconut Water 100% (1L),0,VND,"Made of 100% pure coconut water, Cocomax is filled with wholesome goodness from nature, yielding the best source of vitamins and minerals to refuel and revitalize what your body needs, along with all the richness of potassium and manganese.",,,,
Doi Khum Strawberry Juice (1L),0,VND,Perfect combination resulting in a sweet and unique sour flavored juice from Doi Kham. Rich in values ​​from vitamin A and vitamin C. Ready to provide high calcium.,,,,
Doi Khum Lychee Juice (1L),0,VND,"Hong Huay Lychee Choose to use only the harvested bunch. In order to keep fresh, juicy, sweet and put into the production process within a short time",,,,
Doi Khum Mixed Berry Juice (1L),0,VND,Perfect combination resulting in a sweet and unique sour flavored juice from Doi Kham. Rich in values ​​from vitamin A and vitamin C. Ready to provide high calcium.,,,,
Doi Khum Tomato Juice (1L),98000,VND,"Tomato fruit from the royal initiative to generate sustainable income for farmers in the wilderness, creating a ""tomato route"" on the Mekong River Basin. In the northeast region of Thailand, the Royal Factory has carefully selected high quality tomatoes that are bright red in color to get a good taste of tomato juice. Full of tomato flavor",,,,Thailand
Doi Khum Mango Juice (1L),0,VND,"Mango juice is full of High Vitamin A and B1. Vitamin A which maintains healthy vision.
Vitamin B1 helps the nervous system function properly and is needed for good brain function",,,,Mango
Budweiser Budvar Beer Mini Keg (5L),0,VND,"Budweiser Budvar uses pure mineral water taken from self-contained wells and especially the traditional fermentation time is exactly 90 days, never shortened, without adding chemicals to accelerate chemical reactions in the entire brewing process.",,,,
Budweiser Budvar Black Beer bottle (330ml),48000,VND,"Budweiser Budvar uses pure mineral water taken from self-contained wells and especially the traditional fermentation time is exactly 90 days, never shortened, without adding chemicals to accelerate chemical reactions in the entire brewing process.",,,,
Budweiser Budvar Beer Can (330ml),45000,VND,"Budweiser Budvar uses pure mineral water taken from self-contained wells and especially the traditional fermentation time is exactly 90 days, never shortened, without adding chemicals to accelerate chemical reactions in the entire brewing process.",,,,
Budweiser Budvar Beer Can (500ml),57000,VND,"Budweiser Budvar uses pure mineral water taken from self-contained wells and especially the traditional fermentation time is exactly 90 days, never shortened, without adding chemicals to accelerate chemical reactions in the entire brewing process.",,,,
San Pellegrino Aranciata Rossa-Red C24 (200ml),33000,VND,"The citrus fruits grow in the vast groves of southern Italy, in fertile soil enriched by Mt. Etna, enjoying the sunshine and gentle sea beeze.
They thrive on the beauty of this land and reflect all the goodness of nature enhanced by the typical Italian way of living, which is distinguished by authenticity, style, oy of life and conviviality.",,,,Italy
I-on Life Water (300ml),0,VND,"i-on Life is extracted from Long An natural groundwater and electrolyzed by Japan advanced technology, pH 8.5-9.5 (non-chemical). This ion alkaline water helps neutralize excess stomach acid and support digestion. i-on Liffe is proud of Vietnam Value.",,,,Japan
I-on Life Water (1.25L),0,VND,"i-on Life is extracted from Long An natural groundwater and electrolyzed by Japan advanced technology, pH 8.5-9.5 (non-chemical). This ion alkaline water helps neutralize excess stomach acid and support digestion. i-on Liffe is proud of Vietnam Value.",,,,Japan
Chill Kombucha Original (330ml),80000,VND,"Chill kombucha is crafted with organic, high quality ingredients and loaded with vitamins, essential minerals, living probiotics.",,,,
Chill Kombucha Apple (330ml),80000,VND,"Chill kombucha is crafted with organic, high quality ingredients and loaded with vitamins, essential minerals, living probiotics.",,,,
Hangover cure drink M9 (100ml),44000,VND,"Special formula combines Milk Thistle extract (Sylimarin) and Hovenia Dulcis Extract can helps strengthen liver function. Clear heat, cool the liver, detoxify the liver, support liver protection due to drinking many types of alcohol, drugs harmful to the liver.",,,,
Coca Cola Original-Less sugar (1.5L),20000,VND,Coca-Cola Less sugar (1.5L),,,,
Belgo Wit Bottle (330ml),55000,VND,"This refreshing beer will charm you with its unique character. Brewed with kumquat, lime, cumin, and a careful selection of hops and malts to create the perfect balance between the fruitiness and tartness. This is the perfect thirst-quencher on a hot day",,,,
Le Fruit Kids Tropical Juice (220ml),0,VND,"Tropical juice is the combination of three kinds of fruit: mango, pineapple and passion fruit. You will experience a sense of balance in a very different way.",,,,
Le Fruits Sports Coconut Water Lime (220ml),0,VND,"With nickname is ""MOTHER NATURE’S SPORTS DRINK"". It is a refreshing drink with a perfect electrolyte balance to replenish lost salts due to dehydration in the sweltering summer heat. Besides being a thirst quencher, coconut water provides an array of health benefits like prevention of muscle cramps thanks to an excellent source of potassium and a good source of calcium and magnesium. Coconut water is a natural alternative to artificial sport drinks, with initial evidence indicating efficacy about maintaining hydration.",,,,
Le Fruit Sports Sugarcane & Calamansi (220ml),0,VND,"Sugarcane juice is a natural drink popular in most tropical regions and is considered as an excellent energetic drink for SPORT
The main component of sugar cane juice is the carbohydrates (15%) represented by sucrose. The natural supply of sucrose gives your body the right amount of energy.",,,,
Cortesa Premium Lemon (200ml),0,VND,The natural lemonade with Italian lemon juice ideal for fresh and distinctive cocktails; recommended for the signature variant of Le Pimm's or for an excellent Gin Lemon.,,,,
Star Kombucha Pomegranate Purity (240ml),29000,VND,"In pomegranate contains many antioxidants, vitamin C, Star Kombucha Red Pomegranate has the effect of beauty, strengthening the immune system and protecting health.",,,,
Star Kombucha Pink Guava (240ml),29000,VND,"Guava is delicious typical of the West and has a very high nutritional value, contains a lot of fiber, vitamins C, A, zinc, potassium and manganese ... mixed with the sour taste of Kombucha will bring a delicious taste. unique and irresistible, is Star Kombucha Pink Guava.",,,,West
Star Kombucha Peach Paradise (240ml),29000,VND,"Oranges and peaches have been proven to contain many healthy minerals and nutrients and are especially rich in Vitamin A and vitamin C. Along with a refreshing taste, Star Kombucha Orange Peach is the perfect immune system booster, protect the health of the whole family",,,,
Star Kombucha Golden Ginger (240ml),0,VND,"Not only losing weight and preventing flu, Star Kombucha Golden Ginger helps warm your body when it's raining and cold or soothes the spirit after tired working hours.",,,,
Star Kombucha Mango Kiwi (240ml),29000,VND,"A blend of Mango and Kiwi puree combined with Kombucha for a delicious taste, refilling you with the nutrients and energy you need every day.",,,,Mango
Star Kombucha Strawberry sunshine (240ml),29000,VND,"The delicious taste of Strawberries, when complemented with rosemary, creates the unique flavor of Strawberry Star Kombucha, which will leave you feeling uplifted and energized every morning.",,,,
Star Kombucha Pure Passion Fruit (240ml),0,VND,The Piceatannol in Passion fruit helps inhibit the aging process and this is the reason why Star Kombucha Passion fruit helps you nourish beautiful and healthy skin.,,,,
Star Kombucha Blueberry Bliss (240ml),0,VND,"Blueberry is a small berry fruit, however it contains the highest antioxidant content of any fruit. Therefore, Star Kombucha Blueberry is the perfect choice for health as well as weight loss and beautiful skin.",,,,
"7Up Revive ,500ml",11000,VND,"REVIVE - Vietnam’s number one electrolyte drink, with the unique i-Hydr8 formula, superior, and supplemented with minerals (Na+, K+) and B-group vitamins (B3, B6, B12), helps with superior hydration, mineral replenishment, and energy restoration, bringing you back to an active and joyful life.",,,,
"7Up Revive Salted Lime ,390ml",10000,VND,"REVIVE - Vietnam’s number one electrolyte drink, with its unique i-Hydr8 formula, excels by supplementing essential minerals (Na+, K+) and B-group vitamins (B3, B6, B12). Revive not only helps reduce fatigue after exercise but also provides the necessary hydration and minerals for daily well-being. Revive salted lemon flavor enhances superior rehydration, mineral replenishment, and energy boost, bringing you back to an active and joyful state. Moreover, it contributes to enhancing focus, creativity, and work and study efficiency",,,,
"Tea+ Oolong Lemon ,450ml",10000,VND,"From the high-quality leaves of Oolong tea, a delightful and refreshing aroma is created. Oolong tea combines its characteristic freshness with the sweet and tangy flavor of lemon, resulting in a truly invigorating experience. Notably, Oolong tea contains polyphenols that can activate enzymes to break down fats, reduce cholesterol, and enhance cardiovascular health. Tea Plus, the tea product, also promotes alertness, provides relief from heat, quenches thirst, and supports digestive health. Additionally, it contributes to strong hair and helps stabilize blood sugar levels",,,,Oolong
"Tea+ Oolong No Sugar ,450ml",10000,VND,"The high-quality tea leaves create the delicious and refreshing flavor characteristic of oolong tea. Specifically, this product is sugar-free, making it suitable for those avoiding sugar and wanting to improve their health. It also contains OTPP, which limits fat absorption for a tasty and gentle experience.",,,,
"Good Mood Yoghurt ,450ml",9000,VND,"The unique bottled drink product from the Good Mood brand is a delightful blend of yogurt and refreshing beverage. Good Mood’s 455ml yogurt-flavored drink is a harmonious fusion of yogurt and daily hydration, providing a gentle and natural taste that invigorates the spirit. In addition to replenishing the body with water, this yogurt-flavored drink makes it easier for users to consume more. As a result, it optimally supports users in maintaining physical health and keeping their spirits fresh every day",,,,
Lipton Ice Tea Peach Pet (500ml),0,VND,"Get ready for a delicious peach flavour hit with Lipton Peach Ice Tea, a Lipton Ice Tea favourite! Lipton Peach Tea is made with quality black Lipton Tea for a taste that will delight your taste buds and leave you feeling cool and refreshed.",,,,
Lipton Ice Tea Lemon Pet (1.5L),0,VND,A brilliant taste for a brighter day. Lipton’s expert mixologist has crafted a delicious blend of Lipton Iced Tea Mix with Lemon flavor to make the most refreshingly delicious iced tea for you and your family. Our Iced Tea Mixes are brewed from real leaves so the taste is always satisfying.,,,,
Mont Blanc Mineral Water Pet (1L),0,VND,"On the majestic and preserved site of Mont Blanc, naturally finds its origin, pure and authentic water: Mont Blanc natural mineral water. Weakly mineralized, Mont Blanc natural mineral water is recommended for feeding infants and is suitable for a low- sodium diet .",,,,
Lipton Ice Tea Liptonic Pet (1.5L),0,VND,The original recipe for Lipton sparkling iced tea.Refreshing carbonated drink with lime flavored tea extracts.,,,,
Schweppes Indian Tonic Light Pet (1.5L),0,VND,"SCHWEPPES TONIC WATER began in 1783 as the world's original soft drink. Its founder, Jacob Schweppe, was drawn to the new art of carbonating beverages, so he refined and patented his own process of creating mineral water.",,,,
Powerade Cherry Flavour Pet (500ml),0,VND,"With vitamin B6 to help unlock your energy. Vitamin B6 contributes to normal energy metabolism Hydrates & Replenishes
 Carbohydrate-electrolyte solutions enhance the absorption of water during physical exercise. Helps you go for longer
 Carbohydrate- electrolyte solutions contribute to maintenance of endurance performance during prolonged exercise",,,,
Ama Time Organic Apple Juice (300ml),0,VND,"AMA TIME is the purest fruit juice with no pesticides, herbicides,
Artificial fertilizers in the best environmental conditions come from Chile",,,,Chile
Ama Time Organic Apple & Pear Juice (300ml),0,VND,"AMA TIME is the purest fruit juice with no pesticides, herbicides,
 Artificial fertilizers in the best environmental conditions come from Chile.",,,,Chile
Ama Time Organic Apple & Mango Juice (300ml),0,VND,"AMA TIME is the purest fruit juice with no pesticides, herbicides,
Artificial fertilizers in the best environmental conditions come from Chile",,,,Chile
Ama Time Organic Apple & Blueberry Juice (300ml),0,VND,"AMA TIME is the purest fruit juice with no pesticides, herbicides,
Artificial fertilizers in the best environmental conditions come from Chile.",,,,Chile
My Café Latte Mild (220ml),0,VND,"My Café Latte Mild is a food imported from Korea, is a drink favored by young Koreans and other countries and rated as Korea's No. 1 coffee. The main ingredient of the product is premium pure fresh milk, and coffee is extracted from Cafe Mocha Espresso, low coffee content, so it will be completely suitable for the fans. tune. Young women who prefer light coffee or latte. Innovative packaging design, with attached straw is extremely convenient. Products are kept at cold temperatures from production to consumers, so the product always brings freshness and scent when used.",,,,Korea
My Café Latte Jeju Green tea (220ml),0,VND,"My Café Latte Jeju Green tea is a food imported from Korea, is a drink favored by young Koreans and other countries and rated as Korea's No. 1 coffee. The main ingredient of the product is premium pure fresh milk, and coffee is extracted from Cafe Mocha Espresso, low coffee content, so it will be completely suitable for the fans. tune. Young women who prefer light coffee or latte. Innovative packaging design, with attached straw is extremely convenient. Products are kept at cold temperatures from production to consumers, so the product always brings freshness and scent when used.",,,,Korea
My Café Latte Begium Chocolate (220ml),0,VND,"My Café Latte Begium Chocolate is a food imported from Korea, is a drink favored by young Koreans and other countries and rated as Korea's No. 1 coffee. The main ingredient of the product is premium pure fresh milk, and coffee is extracted from Cafe Mocha Espresso, low coffee content, so it will be completely suitable for the fans. tune. Young women who prefer light coffee or latte. Innovative packaging design, with attached straw is extremely convenient. Products are kept at cold temperatures from production to consumers, so the product always brings freshness and scent when used.",,,,Korea
My Café Latte Caramel Macchiato (220ml),45000,VND,"My Café Latte Caramel Macchiato is a food imported from Korea, is a drink favored by young Koreans and other countries and rated as Korea's No. 1 coffee. The main ingredient of the product is premium pure fresh milk, and coffee is extracted from Cafe Mocha Espresso, low coffee content, so it will be completely suitable for the fans. tune. Young women who prefer light coffee or latte. Innovative packaging design, with attached straw is extremely convenient. Products are kept at cold temperatures from production to consumers, so the product always brings freshness and scent when used.",,,,Korea
Georgia's Organic Natural Pure Beetroot (300ml),73000,VND,"Georgia's Natural juices use 100% fresh fruit grown and produced according to European standards, USDA ORGANIC certified. Succulent cherries are grown in Georgia's organic gardens in the safest and most natural environment. To ensure natural quality, all Georgia's Natural juices are produced only in accordance with the season of each fruit and vegetable.

Using modern cold-Pressed technology helps to keep nutrients from fresh organic vegetables and fruits clean without losing enzymes and nutrients. The cold pressing technology minimizes the oxidation process, does not reduce the quality of the product. The juice will always be fresh, rich in nutrients, with completely natural flavors and colors.

Highlights:
- Free From Gluten
- Free From Casein
- Free From Fat
- Free From GMO
- Free From Stabiliers
- No added sugar
- No added water
- No preservatives
- No  flavoring
- No Colouring",,,,Georgia
Coca Cola Plus Foshu Sleek Can (320ml),13000,VND,Coca Cola Plus Foshu Sleek Can (320ml),,,,
Aquarius Zero Bottle (390ml),9000,VND,Aquarius Isotonic Zero Bottle (390ml),,,,
Lady Kombucha Turmeric (250ml),0,VND,"Lady Kombucha - handcrafted tea help you provide a significant living probiotics for your gut. We combine the raw kombucha with natural cold-pressed herbs, and vegetables to flavoured the kombucha and bring you more health benefits and nutrition values. The products is perseverance, gluten, and chemical carbonation FREE",,,,
Lady Kombucha Gingerbeet (250ml),74000,VND,"Lady Kombucha - handcrafted tea help you provide a significant living probiotics for your gut. We combine the raw kombucha with natural cold-pressed herbs, and vegetables to flavoured the kombucha and bring you more health benefits and nutrition values. The products is perseverance, gluten, and chemical carbonation FREE",,,,
Lady Kombucha Spirulina (250ml),74000,VND,"Lady Kombucha - handcrafted tea help you provide a significant living probiotics for your gut. We combine the raw kombucha with natural cold-pressed herbs, and vegetables to flavoured the kombucha and bring you more health benefits and nutrition values. The products is perseverance, gluten, and chemical carbonation FREE",,,,
Tuborg Beer Can (330ml),0,VND,"- After taste of sweet - bitter balance, bringing a refreshing feeling.
- Tuborg brings the spirit of ""Open to More"", ready for experience, encouraging consumers to open up and accept more new experiences.",,,,
Huda Beer Can (330ml),13000,VND,"Being a symbol of the Heartland with proven quality for nearly 30 years, Huda makes people feel proud of being a part of Heartland. The good quality of the beer also caused Huda to win a lot of medals and awards in international competitions. Huda is now available as both canned and bottled.",,,,Lot
San Miguel Lychee Beer Can 3% (330ml),19000,VND,"The light yellow beer is smooth, easy to drink, evokes a fresh and fruity beer with a distinct lychee flavor, sweet and delicate, with 3-degree alcohol content.",,,,San Miguel
Pepsi Black Zero Calories Can (320ml),10000,VND,"Pepsi is a popular carbonated soft drink brand known worldwide for its refreshing and delicious taste. Pepsi Zero Sugar, in a 320ml can with ample carbonation, can help revitalize you, alleviating fatigue and stress. This calorie-free beverage is a healthy choice. Its elegant matte packaging is a first in the carbonated beverage industry, making it convenient for parties and outdoor events.",,,,
"Pepsi Black Lime Zero Calories Can ,320ml",10000,VND,"The harmonious combination of refreshing lemon flavor, cooling sensation, and the feeling of vitality is good for your health. Pepsi’s zero-calorie lemon-flavored soft drink in a 320ml can is extremely suitable for those who enjoy soft drinks but still want to maintain a healthy and low-sugar lifestyle. This high-quality product from Pepsi comes in a luxurious matte finish can design, which is a first in the carbonated beverage industry, making it easy for you to store and carry the product during parties or outdoor trips",,,,Store
Pasteur Street Pomelo IPA Can 330ml,0,VND,"For this IPA, we  have added a massive amount of fresh Pomelo juice to complement the natural hoppiness of the style. The Pomelo addition lightens the bitterness that you would usually find in an IPA, allowing the hops and fruit to dance together in harmony and make for a refreshingly drinkable beer.",,,,Pomelo
Hepar Mineral Water Rich in Mg Pet (1L),0,VND,"It was discovered in 1873 by Louis Bouloumié, its exceptional richness in mineral salts including magnesium earned him at the time his fame.After a long journey in the heart of the Vosges Basin, the HÉPAR spring emerges 3 kilometers east of the town of Vittel.",,,,Vosges
Adelscott Beer 5.8% Bottle (330ml),144000,VND,"The ""beer au malt à whiskey"" is slightly smoky (6.6% vol.). The Scottish malt is smoked with peat - as usual in whiskey-making. Since its market launch in the early 1980s, Adelscott has long been more than a short-term beer for the scene.",,,,
Amsterdam Navigator Beer 8.0% Can (500ml),0,VND,A beer with intense flavor and fruity aromas.,,,,
3 Monts Beer 8.5% Bottle (750ml),318000,VND,"A refreshing ale with a strong character; its fruity taste comes from barley grown in the Nord department of France and its highly aromatic yeast, its bitterness from a specific variety of hops.",,,,France
La Goudale Beer 7.2% Bottle (750ml),305000,VND,"Its light taste of special malts, flavored with Flanders hops and its aromas of high fermentation, gives La Goudale all its character and balance.",,,,
Kronenbourg Akrobate Beer 4.2% Bottle (750ml),0,VND,"Kronenbourg beer offers a perfectly balanced fresh taste, fine bitterness and the subtlety of its fruity notes. The beer is made from selected barley, water drawn from the underground source below the brewery and hops. The result is a well-balanced brew with a smooth, well-rounded bitter note that is ideal for all occasions.",,,,750ml
Fischer Tradition Beer 6% (650ml),0,VND,"Blond beer with an intense taste of cereals, with hot malt notes and a light bitterness, Fischer Tradition is the fruit of the purest Alsatian brewing tradition. This beer is certified with its 100% Alsatian aromatic hops.",,,,
Amsterdarm Maximator Beer 11.6%  Can (500ml),239000,VND,A beer with a strong taste and caramel flavors.,,,,
Atlas Beer 7.2% Can (500ml),0,VND,"Made from pure water, subtle malts, flavourful hops and… centuries of Dutch brewing expertise. Well-known for its rich, robust and powerful taste.",,,,
Hoegaarden White Beer 4.9% Bottle (330ml),33000,VND,"Created by monks in 1445, Hoegaarden comes from the Belgian village of the same name, famous for its fine wheat fields. Unique unfiltered technique, creating a white, pure, smooth foam layer, when pouring out like clouds flowing smoothly.",,,,
Stella Artois Beer 5% Bottle (330ml),0,VND,"Originating in the heart of Europe - Belgium in 1926, Stella beer (meaning star in Latin) was first introduced for Christmas and is so loved that it has been produced year round ever since. The best-selling and carpeted beer in more than 80 countries around the globe.",,,,Belgium
Barr Irn Bru Diet Can (330ml),0,VND,"Barr's Irn Bru is a carbonated soft drink, made to an original secret recipe which from 1901 contained 32 flavours.",,,,
Barr Irn Bru Can (330ml),56000,VND,An indescribable brand with a phenomenal taste.,,,,
Bjorg Organic Carrot Juice (750ml),0,VND,"Rich in vitamin A, Bjorg carrot juice contributes to the health of your skin.",,,,
Ocean Spray Cranberry Classic (1L),155000,VND,Enjoy delicious refreshment on the go with the ocean spray cranberry classic juice drink. You can serve this cranberry juice ice cold for maximum refreshment.,,,,
TABASCO BLOODY MARY MIX 946ML,0,VND,"No Preservatives, No Artificial Flavors or Colours",,,,Tabasco
Le Fruit Orange Nectar (260ml),38000,VND,"LE FRUIT Orange Nectar is a progressive version of orange juice, which is changed to create a more suitable flavor for Vietnamese consumers.",,,,
Le Fruit Orange Juice (1L),85000,VND,"Orange juice is a popular drink for everyone, this juice boosts your immune system and assists in digestion as well. The taste of this drink will make you have a new experience of organce because of the freshness.",,,,
Le Fruit Multi Vitamins Nectar (260ml),37000,VND,"Pineapple is still the main ingredient in this product, then combined with Acerola Cherry and Passion Fruit to create a more diverse experience for consumers.",,,,
Le Fruit Orange Nectar (1L),67000,VND,"LE FRUIT Orange Nectar is a progressive version of orange juice, which is changed to create a more suitable flavor for Vietnamese consumers.",,,,
Le Fruit Multi Vitamins Nectar (1L),65000,VND,"Pineapple is still the main ingredient in this product, then combined with Acerola Cherry and Passion Fruit to create a more diverse experience for consumers.",,,,
Le Fruit Pineapple Juice (1L),67000,VND,Pineapple juice is one of the most favorite products of LE FRUIT. No surprise when it frequently tops the list of best sellers because of the juicy taste.,,,,
Le Fruit Passion Fruit Nectar (1L),68000,VND,Passion Fruit Nectar is the pride of Le Fruit because of the unique flavor. No surprise when it frequently tops the list of best sellers because of the featured taste.,,,,
Le Fruit Lime Juice (1L),126000,VND,"The Pure Lime Juice is a special ingredient for Barista and Bartender in the hotel – restaurant – coffee shop. You can use Pure Lime Juice instead of lemon, then you can save your time but still have the same quality.",,,,
San Pellegrino Btl (750ml),64000,VND,"From the thermal spring in the foothills of the Italian Alps.
Perfectly brilliant, it distinguishes itself by it's fine bubbles and subtle mineral aromas. It tingling freshness and moderate acidity leaves a pleasing sensation of fragrant freshness. S.Pellegrino is found on the best tables in over 120 countries around the world.",,,,Alps
San Pellegrino Btl (1L),69000,VND,"From the thermal spring in the foothills of the Italian Alps.
Perfectly brilliant, it distinguishes itself by it's fine bubbles and subtle mineral aromas. It tingling freshness and moderate acidity leaves a pleasing sensation of fragrant freshness. S.Pellegrino is found on the best tables in over 120 countries around the world.",,,,Alps
San Pellegrino Btl (500ml),46000,VND,"From the thermal spring in the foothills of the Italian Alps.
Perfectly brilliant, it distinguishes itself by it's fine bubbles and subtle mineral aromas. It tingling freshness and moderate acidity leaves a pleasing sensation of fragrant freshness. S.Pellegrino is found on the best tables in over 120 countries around the world.",,,,Alps
San Pellegrino Btl (250ml),34000,VND,"From the thermal spring in the foothills of the Italian Alps.
Perfectly brilliant, it distinguishes itself by it's fine bubbles and subtle mineral aromas. It tingling freshness and moderate acidity leaves a pleasing sensation of fragrant freshness. S.Pellegrino is found on the best tables in over 120 countries around the world.",,,,Alps
Pokka Jasmine Green Tea (500ml),18000,VND,"100% made from selected natural brewed tea leaves, combined with jasmine flavor and sugar content under 7g/100ml, very suitable for daily use",,,,
Lavie (1.5L),10000,VND,"LaVie Natural Mineral Water 1.5L is a perfect size for you to sip all day during travelling, or outdoor activities. Besides, this product is also great to stock in the fridge for easily hydration at home. 
With no sugar & no calories, LaVie natural mineral water with 06 essential minerals is a smart alternatives to other sugary drinks, helping you maintain your healthy lifestyle.",,,,
Lavie (500ml),5000,VND,"LaVie Natural Mineral Water 500ml is perfect for on-the-go, easy-to-grip for class or work. LaVie keeps your body hydrate & replenish minerals during a long active day.
With no sugar & no calories, LaVie natural mineral water with 06 essential minerals is a smart alternatives to other sugary drinks, helping you maintain your healthy lifestyle",,,,
Lavie Mini (350ml),4000,VND,"LaVie Natural Mineral 350ml with small size is a perfect drink for office, meeting, event. It's also great for family & friends to hydrate during travelling, picnics.",,,,
Fanta Orange Can (320ml),9000,VND,Fanta Orange Can (320ml),,,,
San Miguel Light Beer Can (330ml),0,VND,"A light, low-calorie beer with a mellow taste and signature aroma. The low calorie content makes San Mig Light easy to drink, less bloated, and gentle on the stomach. It is the perfect choice for moments of comfortable beer drinking, enjoying fun with friends, 5 degree alcohol content.",,,,San Miguel
San Miguel Pale Pilsen Beer Can (330ml),0,VND,"San Miguel Pale Pilsen is a light yellow lager with a rich and mellow flavor. It contributes to a pleasant aroma, making San Miguel Pale Pilsen a premium beer.
For more than 100 years, San Miguel Pale Pilsen has inherited a unique legacy of being known as a beer that brings people together, a yeast of soulful friendship, with an alcohol content of 5 degrees",,,,San Miguel
Sprite Can (320ml),9000,VND,Sprite Can (320ml),,,,
Schweppes Tonic Can (320ml),9000,VND,Schweppes Tonic Can (320ml),,,,
Budweiser Budvar Beer (330ml),0,VND,"Budweiser Budvar uses pure mineral water taken from self-contained wells and especially the traditional fermentation time is exactly 90 days, never shortened, without adding chemicals to accelerate chemical reactions in the entire brewing process.",,,,
Budweiser Beer Bottle (330ml),22000,VND,Excellent quality consistent for 143 years and available in over 80 countries,,,,
Le Fruit Guava Nectar Juice (1L),62000,VND,Guava is a traditional remedy for a variety of diseases. No surprise when it frequently tops the list of best sellers because of the featured taste.,,,,
Le Fruit Guava Nectar (260ml),38000,VND,Guava is a traditional remedy for a variety of diseases. No surprise when it frequently tops the list of best sellers because of the featured taste.,,,,
Coca Cola Zero (330ml),41000,VND,Coke Light Taste the feeling of refreshment and enjoy the real Coca-Cola Taste with zero Calories.,,,,
Le Fruit Pineapple Juice (260ml),37000,VND,Pineapple juice is one of the most favorite products of LE FRUIT. No surprise when it frequently tops the list of best sellers because of the juicy taste.,,,,
Ocean Spray Cranberry & Raspberry Juice 1L,0,VND,"We expertly blend the luscious taste of raspberries and the crisp, clean taste of our cranberries in this wonderfully refreshing drink. It’s a popular alternative to our Cranberry Classic Juice Drink and enjoyed by the whole family.",,,,
Patritti Dark Grape Juice (750ml),142000,VND,Patritti source the grapes for their high quality juices from South Australia’s best wine regions. They contain no added sugar and no artificial colours or flavours.,,,,Australia
Patritti Golden Muscatel Grape Juice (750ml),142000,VND,Patritti source the grapes for their high quality juices from South Australia’s best wine regions. They contain no added sugar and no artificial colours or flavours,,,,Australia
Patritti Apple Juice (750ml),142000,VND,Patritti source the apples for their high quality juices from South Australia’s best fruit-growing regions. They contain no added sugar and no artificial colours or flavours,,,,Australia
Vichy St Yorre Mineral Sparkling Water (500ml),0,VND,Vichy St Yorre Mineral Sparkling Water is synonymous with good health,,,,
Sapporo Premium Beer (330ml),0,VND,The first smoothness lingers in every sip of beer to celebrate every sublimation moment in life.,,,,
Prunille No Added Sugar Plum Juice (1L),360000,VND,A juice with a deliciously fruity taste and nutritional benefits: the virtues of prunes associated with the expertise of Maître Prunille.,,,,
Pressade Nectar Orange Bio (6x200ml),0,VND,"Pressade, leader in organic fruit juice, will develop the turnover of the department thanks to the range of organic juices which has everything! The right recipe: good Valencia oranges, with no pesticide residue and no added sugars: 100% ingredients of natural origin. In original packaging that respects the environment: an 85% vegetable-derived Kraft brick.",,,,Valencia
Pressade Organic Apple Nectar Juice (6x200ml),184000,VND,Apple nectar made from concentrated juices. Fruit content 50% minimum.,,,,
Pressade Organic Multifruits Nectar Juice (6x200ml),0,VND,"Pressade Multifruits nectar made from concentrated juices, juices and fruit purees from organic farming",,,,
Black Sheep Ale 4.4% (500ml),0,VND,"Black Sheep Ale is a full-flavoured premium bitter with a rich, fruity aroma. Brewed using generous handfuls of choice Golding hops, it has a perfectly balanced bittersweet, malty taste with a long, dry and bitter finish.",,,,
Newcastle Brown Ale Bottle 4.7% 550ml,242000,VND,In 1890 five Tyneside breweries came together and after the First World War started trading under the blue five-point star.,,,,
Le Fruit Coco Water & Lime Juice (250ml),37000,VND,"Coconut Water With Lime LE FRUIT is not only a special drink of Le Fruit for people who play sports, but also a natural isotonic drink providing the electrolytes and minerals for your body.",,,,
Le Fruit Coco Water & Lime Juice (1L),63000,VND,"Coconut Water With Lime LE FRUIT is not only a special drink of Le Fruit for people who play sports, but also a natural isotonic drink providing the electrolytes and minerals for your body.",,,,
Acqua Panna Btl (250ml),34000,VND,"The source of Acqua Panna still mineral water is located at the famous Villa Panna in the hills of Tuscany. Acqua Panna has a soft, light and perfectly balanced taste which provides a long lasting sensation of smooth refreshment. Due to its unique ability to subtly cleanse the palate. esteemed sommeliers and restaurateurs affirm that Acqua Panna is the perfect mineral water to complement fine foods & wine",,,,
Acqua Panna Glass Bottle (750ml),66000,VND,"The source of Acqua Panna still mineral water is located at the famous Villa Panna in the hills of Tuscany. Acqua Panna has a soft, light and perfectly balanced taste which provides a long lasting sensation of smooth refreshment. Due to its unique ability to subtly cleanse the palate. esteemed sommeliers and restaurateurs affirm that Acqua Panna is the perfect mineral water to complement fine foods & wine",,,,
San Pellegrino Aranciata Dolce (200ml),0,VND,"The citrus fruits grow in the vast groves of southern Italy, in fertile soil enriched by Mt. Etna, enjoying the sunshine and gentle sea beeze.
They thrive on the beauty of this land and reflect all the goodness of nature enhanced by the typical Italian way of living, which is distinguished by authenticity, style, oy of life and conviviality.",,,,Italy
San Pellegrino Chinotto Btl (200ml),33000,VND,"The citrus fruits grow in the vast groves of southern Italy, in fertile soil enriched by Mt. Etna, enjoying the sunshine and gentle sea beeze.
They thrive on the beauty of this land and reflect all the goodness of nature enhanced by the typical Italian way of living, which is distinguished by authenticity, style, oy of life and conviviality.",,,,Italy
San Pellegrino Limonata Btl (200ml),33000,VND,"The citrus fruits grow in the vast groves of southern Italy, in fertile soil enriched by Mt. Etna, enjoying the sunshine and gentle sea beeze.
They thrive on the beauty of this land and reflect all the goodness of nature enhanced by the typical Italian way of living, which is distinguished by authenticity, style, oy of life and conviviality.",,,,Italy
San Pellegrino Pompelmo Btl (200ml),0,VND,"The citrus fruits grow in the vast groves of southern Italy, in fertile soil enriched by Mt. Etna, enjoying the sunshine and gentle sea beeze.
They thrive on the beauty of this land and reflect all the goodness of nature enhanced by the typical Italian way of living, which is distinguished by authenticity, style, oy of life and conviviality.",,,,Italy
San Pellegrino Aranciata Can 330ml,35000,VND,"The citrus fruits grow in the vast groves of southern Italy, in fertile soil enriched by Mt. Etna, enjoying the sunshine and gentle sea beeze.
They thrive on the beauty of this land and reflect all the goodness of nature enhanced by the typical Italian way of living, which is distinguished by authenticity, style, oy of life and conviviality.",,,,Italy
San Pellegrino Limonata Can 330ml,35000,VND,"The citrus fruits grow in the vast groves of southern Italy, in fertile soil enriched by Mt. Etna, enjoying the sunshine and gentle sea beeze.
They thrive on the beauty of this land and reflect all the goodness of nature enhanced by the typical Italian way of living, which is distinguished by authenticity, style, oy of life and conviviality.",,,,Italy
San Pellegrino Aranciata Rossa Can 330ml,0,VND,"The citrus fruits grow in the vast groves of southern Italy, in fertile soil enriched by Mt. Etna, enjoying the sunshine and gentle sea beeze.
They thrive on the beauty of this land and reflect all the goodness of nature enhanced by the typical Italian way of living, which is distinguished by authenticity, style, oy of life and conviviality.",,,,Italy
"Aquafina Pure Water Bottle ,355ml",5000,VND,"The pure water of the Aquafina spring water brand is sourced from underground water, ensuring it undergoes a process of disinfection and thorough filtration to remove impurities. Aquafina 355ml purified water has reached a level of purity that effectively quenches thirst, and when consumed, it provides a slightly sweet sensation in the mouth, making it very easy to drink. The product is processed through the Hydro-7 filtration process, which includes reverse osmosis technology and other filtration steps to completely remove minerals, bacteria, and impurities from the water. As a result, it creates a perfectly refreshing purified water with a distinctly fresh taste.",,,,Aquafina
"Twister Orange Can ,320ml",10000,VND,"Extracted from fresh, pure, and nutritious orange segments, Twister orange juice is made from carefully selected natural ingredients combined with modern production technology. It offers a delicious and healthy beverage. Guaranteed authentic and safe.",,,,
"7 Up Pet Bottle ,1.5L",20000,VND,"7 Up, a trusted soft drink, is favored by many.7 Up with a refreshing lemon flavor has a balanced sweetness and a cool, fizzy taste. It helps quench thirst quickly, reduces feelings of nausea, stimulates the taste buds for better enjoyment, and provides an energy boost for a cheerful spirit every day.",,,,
"Mirinda Orange Can ,320ml",9000,VND,"Mirinda, a popular soft drink brand, is beloved by many. Mirinda Orange Soda, available in 320ml cans, boasts the distinctive flavor of orange. It not only quenches your thirst but also provides an energy boost with added vitamin C for your daily activities. Rest assured, it’s both genuine and safe",,,,320ml
"Aquafina Pure Water Bottle ,1.5L",11000,VND,"Aquafina, a brand of purified drinking water, is sourced from underground water and undergoes a rigorous process of disinfection and thorough filtration. The resulting 1.5-liter bottle of Aquafina Purified Drinking Water meets the highest standards of purity. When you drink it, you’ll experience a refreshing, slightly sweet sensation in your mouth, making it easy to quench your thirst. Plus, the large bottle ensures long-lasting use",,,,Aquafina
"Aquafina Pure Water Bottle ,500ml",6000,VND,"Derived from underground sources, ensured through a process of disinfection and thorough filtration to remove impurities, Aquafina 500ml of pure water has a refreshing effect, and when consumed, it leaves a slightly sweet sensation in the mouth, making it easy to drink. Its compact size makes it convenient to carry",,,,Aquafina
Vichy Celestins Mineral Sparkling Water (1.25L),60000,VND,"It is rich in minerals (3,325mg/L) and contains a substantial quantity of bicarbonates (2,989mg/L). The minerals which are naturally present in Vichy Célestins mineral water interact with the components of the ingredients used in cooking, giving them unique properties.",,,,
Sprite (1.5L/1.85L),0,VND,Sprite (1.5L),,,,
Pocari Sweat Supply Drink Bottle(500ml),16000,VND,"POCARI SWEAT is a healthy drink that helps replenish the water and ions the body loses every day. With the right balance of water and ions, POCARI SWEAT quickly and accurately provides what the body needs. One of the key Pocari Sweat benefits is its ability to rehydrate effectively, quenching thirst and supporting the body's electrolyte balance. It’s an ideal choice for health, especially when rehydrating after physical activity or in hot weather.",,,,Pocari
"Oolong Tea + bottle ,450ml",10000,VND,"With a mild and refreshing sweetness, the distinctive aroma of oolong tea, combined with the active ingredient OTTP, helps limit fat absorption. Oolong Tea + soothes away worries, bringing a gentle sensation. Enjoy it daily to lighten your life. We guarantee quality and safety.",,,,
Red Bull Energy Drink (250ml),0,VND,"Red Bull Energy Drink is appreciated worldwide by top athletes, students, and in highly demanding professions.As we are a functional product that keeps consumers focused/alert and to boost and maintain energy levels. We understand that there are specific moments when our Red Bull can be consumed.",,,,
Thwaites Lancaster Beer Btl 4.4% (500ml),0,VND,"For those occasions when you do not have the opportunity to visit your local pub, we have perfected our range of Premium Bottled Ales for you to savour and enjoy a glass of your favourite Thwaites beer in the comfort of your home.",,,,
Greene King IPA India Pale Ale 3.6% Can (500ml),0,VND,Drawing on a heritage of brewing excellence – Greene King IPA India Pale Ale is a warming full bodied ale with a a deliciously easy-drinking and moreish pint.,,,,India
Shepherd Neame Beer 4.5% Btl (500ml),0,VND,"Since 1698, (that's over 310years!) Shepherd Neame have been crafting fine ales of Britain.",,,,Britain
Wychwood Hobgoblin Beer 5.2% Btl (500ml),228000,VND,"Traditionally brewed to produce a wonderfully well balanced blend of smooth, rich & satisfying flavours from chocolate & crystal malts combined with a crisp, refreshing bitterness from Styrian, Goldings and Fuggles hops.",,,,& crystal
Marston's Old Empire Beer 5.7% Btl (500ml),0,VND,"A memorable and deceptively easy-drinking IPA. This is an authentic recreation of the beer style created for, and enjoyed throughout, the Empire. Goldings, Fuggles and American Cascade hops combine to give a crisp, citrus hop aroma, with a balanced, bittersweet finish.",,,,Cascade
Sapporo Premium Lager Can (650ml),0,VND,"SAPPORO holds a passion to bring innovation to our product and experience offering. SAPPORO PREMIUM BEER 650ml can stands out to be our icon for this passion. Inspired by the shape of the traditional beer tumbler, now has its reputation set all around the world. This special creation is now available in Vietnam to bring a perfect experience to our Vietnamese customers.",,,,Vietnam
Alba Sparkling Mineral Water (450ml),24000,VND,"Alba's unique product portfolio includes natural non-carbonated and carbonated mineral water known for its health and beauty benefits. Thanks to the balanced and stable mineral content, Alba natural mineral water is bottled at source, not only safe for health but also has a fresh mineral taste.",,,,Alba
Alba Natural Mineral Water (450ml),22000,VND,"Alba's unique product portfolio includes natural non-carbonated and carbonated mineral water known for its health and beauty benefits. Thanks to the balanced and stable mineral content, Alba natural mineral water is bottled at source, not only safe for health but also has a fresh mineral taste.",,,,Alba
"Pepsi Cola Sleek Can ,320ml",10000,VND,"The product from the globally renowned soft drink brand Pepsi features a delightful aroma and a blend of natural flavors, combined with a synthetic sweetener. It helps quench thirst and alleviate fatigue. The 320ml Pepsi Cola canned beverage provides an energy boost for daily work. Rest assured, it’s an authentic, high-quality, and safe soft drink",,,,
"7 Up Sleek Can ,320ml",10000,VND,"From the reputable and popular soft drink brand, the 320ml 7 Up lemon-flavored soda is authentic. 7Up has a moderately sweet taste and a refreshing fizzy flavor, helping quench thirst quickly, reducing feelings of nausea, stimulating the taste buds for better enjoyment, and providing energy.",,,,
Adnams Ghost Ship Beer 4.5% Btl (500ml),0,VND,"Ghost Ship is a ghostly pale ale which takes its inspiration from Adnams 600-year-old haunted pub, The Bell. Brewed with a selection of malts - Pale Ale, Rye Crystal and Cara. We use Citra, and a blend of other American hop varieties to create some great citrus flavours. Bronze Medal Winner at The International Brewing Awards, 2013.",,,,
Badger Fursty Ferret Moreish & Malty Beer Bottle 4.4% (500ml,242000,VND,"Ferret comes from the Latin word for 'little thief'. When they're about you can be sure trouble's brewing. We still remember the night one such furry ne'er-do-well tiptoed into the thatched Gribble Inn and stole himself a taste of our tantalising tawny tipple, loved for its full bodied biscuity taste. Now then, what's Latin for 'little thief with great taste in beer?'",,,,
Black Sheep Riggwelter Ale 5.7% Btl (500ml),0,VND,"Riggwelter Ale takes its name from a local Yorkshire Dales farming term which has Norse roots; “rygg” meaning back, and “velte” meaning to overturn. A sheep is said to be rigged or ‘riggwelted’ when it has rolled onto its back and is unable to get back up without assistance.",,,,
BrewDog Dead Pony Ale Beer 3.8% Btl (330ml),0,VND,"Dead Pony Club is a low amplitude, high voltage hop hit. Alive with flavour it’s hopped to the Pacific shores and back. Dive in to aromas of citrus, lemon-grass and lime zest. The toasted malt base ebbs to a huge hop hit, washing tropical fruit, floral garlands and spicy undertones all over your palate.",,,,Pacific
BrewDog Punk IPA Beer Bottle 5.6% (330ml),228000,VND,"Punk IPA is the beer that kick-started it. This light, golden classic has been subverted with new world hops to create an explosion of flavour. Bursts of caramel and tropical fruit with an all-out riot of grapefruit, pineapple and lychee, precede a spiky bitter finish.",,,,
Carlsberg Premium Pilsner 4.8% Btl (660ml),0,VND,"Carlsberg Export is a premium-strength lager, with a refined and satisfying taste. It has deep malty notes and a distinct bitterness that generate a full-flavoured lager that is stronger in taste and mouth-feel than our standard Pilsner.",,,,Carlsberg
Shepherd Neame Beer 6.1% Btl (500ml),0,VND,"Shepherd Name & Co India Pale Ale delivers potent bitterness, offset with generous amounts of malt. The aromas of sweet toffee candy malt and floral hops are very noticeable on the nose followed by a medium to light body with a crisp tasting finish. Shepherd Name & Co India Pale Ale will be a perfect match to hot, spicy dishes.",,,,India
"Le Fruit Carrot, Orange & Pine Juice (250ml)",37000,VND,"Pineapple Carrot Orange juice is the combination of many layers of taste. Beside the unique flavor, this juice also brings many beneficial nutrients to consumers.",,,,
Le Fruit Mango Nectar (250ml),37000,VND,An exotic and natural nectar of sunny and succulent mangoes. We’ve selected the sweetest and juiciest mangoes which are endemic in Vietnam.,,,,Vietnam
"Le Fruit Carrot, Orange & Pine Juice (1L)",65000,VND,"Pineapple Carrot Orange juice is the combination of many layers of taste. Beside the unique flavor, this juice also brings many beneficial nutrients to consumers.",,,,
Le Fruit Mango Nectar (1L),62000,VND,An exotic and natural nectar of sunny and succulent mangoes. We’ve selected the sweetest and juiciest mangoes which are endemic in Vietnam.,,,,Vietnam
Beck's Beer 5% Can (500ml),0,VND,"Delicate from spring barley, special yeast, local purified water and hops. Excellent quality regardless of time thanks to being brewed in accordance with the Reinheitsgebot Purification Act, which prohibits all forms of impurities entering beer",,,,
Budweiser Aluminum Beer 5% Bottle (355ml),44000,VND,Excellent quality consistent for 143 years and available in over 80 countries,,,,
"Sting Strawberry Sleek Can ,320ml",11000,VND,"Sting Energy Drink has a delightful and refreshing flavor with a hint of pleasant strawberry. It helps replenish fluids, provides an energy boost, and supplies vitamins C and E. Sting quenches thirst and alleviates fatigue, all while maintaining a gentle and pleasant strawberry taste. The product is guaranteed to be genuine, high-quality, and safe",,,,
Sting Energy Drink Sleek Can (320ml),11000,VND,"Sting, an energy drink, combines natural ingredients with the delightful flavor of ginseng. This unique blend offers a refreshing and pleasant taste. The product helps replenish fluids, provides an energy boost, and supplies vitamins C and E. It effectively quenches thirst and alleviates fatigue, leaving you feeling invigorated.",,,,
Coca Cola Sleek Can (320ml),10000,VND,Coca Cola Sleek Can (320ml),,,,
Coca Light Sleek Can (320ml),11000,VND,Coca Light Sleek Can (320ml),,,,
Coca Zero Sleek Can (320ml),0,VND,Coca Zero Sleek Can (320ml),,,,
Itoen Oi Ocha Green Tea (500ml),25000,VND,"Unsweeted Green Tea Itoen Oi Ocha with a refreshing taste from selected Green Tea leaves. Sugar-free products help you not absorb extra calories and good for health. Specailly, Green Tea is one of the anti-aging easy panacea, give a natural skin smoothers, natural healers of the skin.",,,,
Sunquick Mixed Berries Juice (700ml),135000,VND,"Ingredients completely from real fruit, not only provide natural flavor, but also vitamin C is good for health.
High concentration, just use a small portion for each brew, while saving while ensuring the taste.
Produced on modern production lines according to advanced technology in Malaysia, under the strict supervision and inspection of experts.
Variety of different fruit flavors to meet taste and preparation needs.
The product is bottled in glass bottles for optimal preservation, maintaining quality, flavor and color.",,,,Malaysia
Sunquick Pink Guava & Strawberry Juice (700ml),130000,VND,"Ingredients completely from real fruit, not only provide natural flavor, but also vitamin C is good for health.
High concentration, just use a small portion for each brew, while saving while ensuring the taste.
Produced on modern production lines according to advanced technology in Malaysia, under the strict supervision and inspection of experts.
Variety of different fruit flavors to meet taste and preparation needs.
The product is bottled in glass bottles for optimal preservation, maintaining quality, flavor and color.",,,,Malaysia
San Pellegrino Pompelmo Can 330ml,38000,VND,"The citrus fruits grow in the vast groves of southern Italy, in fertile soil enriched by Mt. Etna, enjoying the sunshine and gentle sea beeze.
They thrive on the beauty of this land and reflect all the goodness of nature enhanced by the typical Italian way of living, which is distinguished by authenticity, style, oy of life and conviviality.",,,,Italy
Fuji Natural Mineral Water (500ml),65000,VND,"It is a water, collected from Mt. FUJI(elevation: 840m) which is popular among wide range of people. Contains a lot of vanadium and has a mild taste. It is nice to drink as a hot water too.",,,,Lot
Fuji Natural Mineral Water (780ml),100000,VND,"It is a water, collected from Mt. FUJI(elevation: 840m) which is popular among wide range of people. Contains a lot of vanadium and has a mild taste. It is nice to drink as a hot water too.",,,,Lot
Loginet Japan Daisetsuzan Mineral Water (550ml),34000,VND,"""Yuki no Mizu"" is a gift from Daisetsuzan, Hokkaido. Infinitely pure natural water that sleeps at the foot of Mt. Daisetsu, Hokkaido. Bottling the deliciousness obtained from nature as it is.",,,,Japan
Loginet Japan Daisetsuzan Mineral Water (2L),101000,VND,"""Yuki no Mizu"" is a gift from Daisetsuzan, Hokkaido. Infinitely pure natural water that sleeps at the foot of Mt. Daisetsu, Hokkaido. Bottling the deliciousness obtained from nature as it is.",,,,Japan
Kimura Fujisan Soda pop (240ml),68000,VND,Premium soda cider (non-alcoholic carbonated drink).Made with the award-winning (Monde Selection® Gold Medal (2012–2014)) natural mountain water from Mount Fuji.3% real Yuzu fruit juice from Japan,,,,Japan
Kimura Lemon Soft Drink (200ml),60000,VND,"Get that sweet orange soda flavour in you this summer! This orange flavoured soft drink comes in a traditional Ramune or ‘lamune’ glass bottle; a quintessential component of the Japanese summer experience. Pop the marble, release the fizz and drink away!",,,,
Kimura Apple Soft Drink (240ml),68000,VND,Premium soda cider (non-alcoholic carbonated drink).50% real apple juice made with delicious Shinshu apples.Rich and refreshing taste,,,,Shinshu
Kimura Peach Soft Drink (240ml),68000,VND,Premium soda cider (non-alcoholic carbonated drink).10% real peach juice made with ripe peaches from Yamanashi and Nagano prefecture.,,,,Yamanashi
UCC Black Coffee Non Sugar Can 185g,27000,VND,UCC Black Non Sugar is a canned instant full black coffee made with 100% coffee and without sugar nor added fragrance.,,,,
UCC Hawaii Kona Coffee Milk Blend Can (337ml),0,VND,"Taste the tropical, refreshing flavors in this ready-to-drink Kona Blend Coffee with Milk. Creamy, sweet, and bold, this canned coffee is delicious hot or cold. Each can is made with coffee brewed from UCC's own coffee farm. Already sweetened with sugar and balanced with milk, you won't need to add anything to this delicious morning beverage. It's perfect for on-the-go caffeine any time of day.",,,,Hawaii
UCC Oolong Tea Can (330ml),36000,VND,UCC is one of the top coffee and tea beverage companies in Japan.,,,,Japan
Asahara Syuzo Musashino Beer (330ml),186000,VND,"Multiple kinds of malts are used to create its fresh scent, the bright golden amber, and very lightly hopped flavor.",,,,Asahara
Ise Kadoya Kumanokodo Beer  (330ml),278000,VND,"Ever since we started brewing, we have always aimed to brew a “pure” and “clean” American Pale Ale. At Ise Kadoya, we capitalize on the characteristics of the Cascade hops by balancing the sweetness, body and bitterness of the aroma.",,,,Cascade
Schweppes Soda Sleek Can (320ml),7000,VND,Schweppes Soda Sleek Can (320ml),,,,
"VFresh Necta Peach Juice, 1L",0,VND,"100% natural sweetness from fresh fruit (from about 1.0Kg of fresh Peach), no added sugar - Non-GMO fruit juice ingredients",,,,
"VFresh Necta Grapes Juice, 1L",0,VND,"100% natural sweetness from fresh fruit (from about 2.0Kg of fresh Grapes), no added sugar - Non-GMO fruit juice ingredients",,,,
"VFresh Apple Juice, 1L",0,VND,"100% natural sweetness from fresh fruit (from about 2.0Kg of fresh Apple), no added sugar - Non-GMO fruit juice ingredients",,,,
Bundaberg Lemonade (375ml),59000,VND,Imported products,,,,
Bundaberg Pink Grapefruit (375ml),59000,VND,Imported products,,,,
Bundaberg Blood Orange (375ml),59000,VND,Imported products,,,,
Bundaberg Passionfruit (375ml),0,VND,Imported products,,,,
Bundaberg Peach (375ml),59000,VND,Imported products,,,,
Bundaberg Pineapple & Coconut (375ml),59000,VND,Imported products,,,,
Teabreak Milk Tea (350ml),10000,VND,Kirin Tea Break milk tea is the unique combination of natural green tea and mild milk flavor brings you a delicious nutritious drink,,,,
I-On Life Water (450ml),0,VND,"i-on Life is extracted from Long An natural groundwater and electrolyzed by Japan advanced technology, pH 8.5-9.5 (non-chemical). This ion alkaline water helps neutralize excess stomach acid and support digestion. i-on Liffe is proud of Vietnam Value.",,,,Japan
Dasani Water Boltle (510ml),5000,VND,Dasani Water Boltle (500ml),,,,
Dasani Water Boltle (1.5L),10000,VND,Dasani Water Boltle (1.5L),,,,
Nutriboost Milk Drink Orange Flavor 297ml,0,VND,Nutriboost Milk Drink Orange 297ml,,,,
Nutriboost Milk Drink Strawberry 297ml,0,VND,Nutriboost Milk Drink Strawberry 297ml,,,,
Sapporo Blue Cap Premium Can (330ml),0,VND,"BLUE CAP IS A NEW PRODUCT OF SAPPORO VIETNAM LIMITED Inspired by the unique blue cap in its packaging design, the product has its name ‘Blue Cap’ and blue as its theme color to brings out a strong feel of refreshingness.
Blue Cap is produced in Vietnam under strict Japanese standards, with the commitment to bring about the best values to Vietnamese consumers, following the brand’s core value: ‘Beer of Japanese quality at reasonable price’.",,,,Vietnam
San Miguel Pale Pilsen Beer Can (500ml),0,VND,"San Miguel Pale Pilsen is a light yellow lager with a rich and mellow flavor. It contributes to a pleasant aroma, making San Miguel Pale Pilsen a premium beer.
For more than 100 years, San Miguel Pale Pilsen has inherited a unique legacy of being known as a beer that brings people together, a yeast of soulful friendship, with an alcohol content of 5 degrees",,,,San Miguel
San Miguel Red Horse Beer Can (500ml),0,VND,"A strong beer with a high alcohol content. A bold, distinct lager that balances sweetness with mild bitterness. For the strong man from the inside to the outside. , alcohol concentration 8 degrees",,,,San Miguel
Cawston Press Cloudy Apple (1L),249000,VND,"We know our apples, and we only pick the best-tasting varieties. We use Cox's Orange Pippin for its depth of flavour, Bramley for its bite and other varieties such as Braeburn, Jonagold, Gala and Golden Delicious for their delicate flavour and sweetness. 10 whole apples are pressed in to every carton.",,,,"Braeburn, Jonagold, Gala"
Ben Shaws Cloudy Lemonade Can (330ml),40000,VND,"For a genuinely retro beverage, look no further than Ben Shaws Cloudy Lemonade. With its classic combination of sweet and sour, this thirst-quenching drink is guaranteed to satisfy your taste buds whilst also evoking some fond childhood memories.",,,,
Ben Shaws Cloudy Cream Soda Can 330ml,40000,VND,"Ben Shaws Cream Soda - For a genuinely retro beverage, look no further than Ben Shaws Cream Soda. Carbonated cream soda flavour soft drink with sugar and sweetener",,,,
Ben Shaws Dandelion&Burdock Can (330ml),40000,VND,Ben Shaw's Dandelion & Burdock - The flavour is just as you remember - with just a hint of licorice at the first sip and a lingering after taste of marzipan. People have been drinking root beer since medieval times and dandelion and burdock are apparently a perfect combination for general health.,,,,
Robinsons Fruit Orange No Sugar (275ml),0,VND,"Our hand-picked oranges are grown in warm, sunny climates. Ripened and harvested when they're lovely and juicy, before being pressed and squeezed. That's why every bottle of Fruit Shoot Orange is so deliciously fruity.",,,,
Robinsons Fruit Shoot Summer Fruits (275ml),0,VND,"Made with real fruit. With added multivitamins. No added sugar contains naturally occurring sugars. When kids are busy doing the things they love, we're right there with them. Keeping them refreshed with our great tasting kids juice drinks. It's just what we do. Our apples are grown in the best climates while our strawberries and raspberries are hand-picked straight from the field, harvested and pressed when they're lovely and juicy.",,,,
Robinsons Barley Water Orange (850ml),0,VND,A deliciously smooth squash drink made with a special blend of barley and real fruit juices with absolutely no added sugar. A tasty and easy way to enjoy drinking more water and perfect for the whole family.,,,,
Robinsons Apple & Blackcurrant No Sugar (1L),159000,VND,Our apples are grown in the best climates for their tangy appley taste. While our plump blackcurrants are picked straight from the field. All pressed and juiced. That's why every bottle of Fruit Shoot Apple & Blackcurrant is so deliciously fruity.,,,,
Robinsons Lemon No Sugar (1L),159000,VND,A delicious and great tasting squash drink made with real fruit juices and absolutely no added sugar. A tasty and easy way to enjoy drinking more water and perfect for the whole family.,,,,
Robinsons Orange No Sugar (1L),159000,VND,"Robinsons uses real fruit in their beverages. This particularjuice includes naturally sourced fresh taste of Orange. Enjoy chilled as a light and tart refresher! Guess what? Your favorite beverage line also carries No Added Sugar! Just add 1 parts Robinsons, and 4 parts water for a refreshing drink!",,,,Orange
Robinsons Fruit&Barley Orange No Sugar (1L),159000,VND,A deliciously smooth squash drink made with a special blend of barley and real fruit juices with absolutely no added sugar. A tasty and easy way to enjoy drinking more water and perfect for the whole family.,,,,
Robinsons Fruit&Barley Peach No Sugar (1L),159000,VND,A deliciously smooth squash drink made with a special blend of barley and real fruit juices with absolutely no added sugar. A tasty and easy way to enjoy drinking more water and perfect for the whole family.,,,,
Robinsons Fruit&Barley Pink Grapefruit (1L),159000,VND,A deliciously smooth squash drink made with a special blend of barley and real fruit juices with absolutely no added sugar. A tasty and easy way to enjoy drinking more water and perfect for the whole family.,,,,
Robinsons Fruit&Barley Summer Fruits (1L),159000,VND,A deliciously smooth squash drink made with a special blend of barley and real fruit juices with absolutely no added sugar. A tasty and easy way to enjoy drinking more water and perfect for the whole family.,,,,
Boost Energy Cherry Burst Can (250ml),0,VND,"Carbonated Mixed  Cherry Flavour Drink with Taurine, Caffeine and B Vitamins, with Sugars and Sweeteners.",,,,Sugars
Boost Sport Tropical Berry Isotonic (500ml),0,VND,The performance enhancing Isotonic drink. Rehydrate. Refuel. Recharge.,,,,
Lucozade Energy Orange (380ml),83000,VND,"Lucozade Energy provides glucose, the brain and body's natural prepared energy source.",,,,
Lucozade Energy Original (380ml),0,VND,"Our refreshing Lucozade Energy Original, that classic tasting Lucozade. Powering your positivity.Lucozade Energy Original is a sparkling drink powered by glucose, offering refreshment with that great tasting, classic flavour.",,,,
Lucozade Sport Orange (500ml),103000,VND,Lucozade Sport Orange is a flavoured isotonic sports drink specifically formulated to provide carbohydrates and electrolytes to enhance hydration and help maintain performance during prolonged endurance exercise.,,,,
Lucozade Sport Raspberry (500ml),0,VND,"Unlock your body's potential with Lucozade Sport Unlock your body's potential with Lucozade Sport.Your performance partner for sports and exercise, Hydrate, perform, taste
 Lucozade Sport provides carbohydrates and electrolytes to:
 Enhance hydration during exercise",,,,
Monster Energy Can (500ml),102000,VND,"Carbonated energy drink with taurine, L-carnitine, caffeine, ginseng and B vitamins with sugars and sweetener.",,,,
Red Bull Energy Drink Can (355ml),99000,VND,"Red Bull Energy Drink's special formula contains ingredients of high quality: Caffeine, Taurine, B-Group Vitamins, Sugars, Alpine Water",,,,Taurine
John Hollows Ginger Beer 4% Btl (500ml),0,VND,A deliciously smooth and refreshing alcoholic ginger beer.,,,,
Bioitalia Apple Juice (750ml),150000,VND,"BioItalia Organic Apple Juice (750ml) with 100% Organic ingredients imported directly from Italy. The juice only uses apple as the main ingredient, absolutely no added sugar, preservatives or artificial flavors.",,,,Italy
Bioitalia Grape Juice (750ml),0,VND,The grape juice is rich in vitamins and minerals. Ideal at breakfast for a bigger intake of nutrients. Only grape with neither conservation agents nor additives or added sugars.,,,,
Bioitalia Apple & Blackcurrant (120g),49000,VND,"A smoothie natually rich in C vitamin, which has a powerful anti-oxidant effect and stimulates the immune system. Ideal for a snack and good both for  children and adults.",,,,
Bioitalia Plums (120g),49000,VND,"Plum are rich in beneficial properties: antioxidant, detoxing and purifying. Drinking this smoothie in the morning may favor your bowel habits, but it can be drunk at every moment of the day.",,,,
"Bioitalia Apple, Banana & Strawberry (120g)",49000,VND,Begin your day with the right charge and full of energy. Ideal also for those who practice sport. Only fruit with neither conservation agents nor additives or added sugars.,,,,
Bioitalia Apple (120g),49000,VND,"A complete fruit in which coexist, in a perfect balance, water, fibers, minerals and vitamins. In the context of a balanced diet, the apple can facilitate the digestion, it is useful to purify the organism and regulate the abosorption of sugar in the bloodstream . A smoothie that fosters asense of satiety: it can be consumed both as a snack and after a meal.",,,,
"Bioitalia Apricot, Carrot & Pumpkin (120g)",49000,VND,"An energetic mix, rich in Vitamin  A and beta carotene, fundamental substances for the well being of our organism, useful for our sight and skin. A smoothies that boasts of anti-oxidant properties, that help protect us against the free radicals, ideal for an energetic break.",,,,
"Bioitalia Apple, Kiwi & Spinach (120g)",49000,VND,"The ideal mix of fruit and vegetable to purify and protect the organism, thanks to the presence of C Vitamin. An excellent smoothie  to be used as a snack both for children and adults.",,,,
Le Fruit Guava/Dragon Fruit/Beetroot Nectar (1L),64000,VND,Guava Dragon Fruit Beetroot Nectar was a best-seller product of Le Fruit last year. Most of consumers prefer this product because of the special taste.,,,,
Le Fruit Guava/Dragon Fruit/Beetroot Nectar (250ml),37000,VND,Guava Dragon Fruit Beetroot Nectar was a best-seller product of Le Fruit last year. Most of consumers prefer this product because of the special taste.,,,,
"7Up Free, Lemon, Lime & Bubbles (330ml)",39000,VND,"Tasty Twist of Lemon and Lime Flavour, no sugar, low calorie carbonated soft drink.7UP Free is a crisp, clean & refreshing taste of sparkling lemon & lime.Enjoy great 7UP taste, free of sugar with only 7 calories per can. Ideal to enjoy alongside your favourite meal.Take a moment to refresh and feel good to be free; perfect for when you're on the go, in good company, or to sit back and relax after a long day.",,,,
Ben Shaws Bitter Shandy Classic Can (330ml),0,VND,Ben Shaws Bitter Shandy is a classic beverage made from real beer and lemonade. Perfect for youngsters who want to feel like grownups – and for grownups who want to reminisce on being youngsters!,,,,
Bottlegreen Elderflower Cordial (500ml),238000,VND,"The light, delicate taste of hand-picked elderflowers perfectly captures the essence of warm summer days and relaxing evenings. Simply dilute to taste with still or sparkling water.",,,,
Bottlegreen Ginger/Lemongrass Btl  (500ml),238000,VND,"Our aromatic Ginger & Lemongrass Cordial contains a blend of carefully selected, high quality ingredients, Free from artificial flavours, colours and preservatives, Non-alcoholic, Suitable for vegetarians",,,,
Bottlegreen Pomegra/Elderflower Btl (500ml),0,VND,"Exotic pomegranate and fragrant elderflowers come together to create a delicate, subtle, yet refreshing drink. Simply dilute with still or sparkling water to taste, or we think you'll find it's really quite lovely drizzled over vanilla ice cream.",,,,
Appletiser Sparkling Apple Juice (750ml),286000,VND,"Appletiser is made with gently sparkling 100% apple juice. 150ml officially counts as one of your 5-a-day, Appletiser makes any meal more Appletising.",,,,
Appletiser Sparkling Apple Juice (250ml),0,VND,"Appletiser is made with gently sparkling 100% apple juice. 150ml officially counts as one of your 5-a-day, Appletiser makes any meal more Appletising.",,,,
Le Fruit Sugar cane &Calamansi Juice (250ml),37000,VND,"Sugarcane & calamansi juice has the featured sweetness from sugarcane, in addition to a bit of gentle calamansi. You will experience a sense of pure sweetness in Vietnamese way.",,,,
Ligo Red Grape Juice (1L),74000,VND,"Ligo is a famous juice brand, 100% natural fruit juice - nutritious, with no added sugar, coloring or preservatives - the goodness of nature.",,,,
Ligo Apple Juice (1L),0,VND,"Ligo is a famous juice brand, 100% natural fruit juice - nutritious, with no added sugar, coloring or preservatives - the goodness of nature.",,,,
Ligo Pineapple Juice (1L),74000,VND,"Ligo is a famous juice brand, 100% natural fruit juice - nutritious, with no added sugar, coloring or preservatives - the goodness of nature.",,,,
Ligo Guava Juice (1L),0,VND,"Ligo is a famous juice brand, 100% natural fruit juice - nutritious, with no added sugar, coloring or preservatives - the goodness of nature.",,,,
Ligo Mix Fruit Juice (1L),74000,VND,"Ligo is a famous juice brand, 100% natural fruit juice - nutritious, with no added sugar, coloring or preservatives - the goodness of nature.",,,,
Monster Energy Punch (500ml),102000,VND,"Punch Monster is a new take on a classic. It’s sweet like the punch you mixed yourself as a kid, but with a little carbonation for a smooth finish.",,,,
Monster Pipeline Energy Punch (500ml),0,VND,"Banzai Pipeline, the world's most famous wave, on Oahu's fabled North Shore comes alive for just a few brief months every winter. In honour of this epic force of nature, we created Juice Monster Pipeline Punch.",,,,North
Monster Energy The Doctor (500ml),102000,VND,"We teamed up with Valentino, AKA ""The Doctor"" ™ to create our fastest Monster ever.",,,,
Monster Energy Ultra Zero Sugar (500ml),102000,VND,"This new Monster drink is a little less sweet, lighter-tasting, has zero calories, but with a full load of our Monster energy blend.",,,,Monster
Emerge Energy Original 250ml,39000,VND,Emerge is a great tasting energy drink specifically developed to energise your body when you need it most.,,,,
Volvic Touch Of Fruit Summer Fruits (1.5L),96000,VND,Volvic Touch of Fruit Summer Fruits water is a refreshing blend of Volvic Natural Mineral Water with a touch of natural Summer Fruits flavour.,,,,
Volvic Touch Of Fruit Strawberry (1.5L),96000,VND,"Still natural mineral water drink with natural flavourings, sugar and sweetener.",,,,
Volvic Touch Of Fruit Lemon & Lime (1.5L),96000,VND,"Still natural mineral water drink with natural flavourings, sugar and sweetener.",,,,
Orangina Orange Juice Can (330ml),0,VND,Perfect for treating yourself in places where glass can’t go.,,,,
Lipton Iced Tea Peach Can (330ml),0,VND,Perfectly infused with a unique blend of tea and peach essence for a delicious taste that refreshes your body and mind. Enjoy the taste of sunshine from Lipton Iced Tea.,,,,
AG Orange Juice (1L),0,VND,"Fruit juice products from Annam Gourmet brand are made from fresh and natural ingredients with a sweet, aromatic taste from fresh fruits.",,,,
AG Orange Juice (500ml),40000,VND,"Fruit juice products from Annam Gourmet brand are made from fresh and natural ingredients with a sweet, aromatic taste from fresh fruits.",,,,
AG Mixed Juice 1L,0,VND,"Fruit juice products from Annam Gourmet brand are made from fresh and natural ingredients with a sweet, aromatic taste from fresh fruits.",,,,
AG Mixed Juice 500ml,65000,VND,"Fruit juice products from Annam Gourmet brand are made from fresh and natural ingredients with a sweet, aromatic taste from fresh fruits.",,,,
DydoBlend Demitasse 34% Sugar Café Can 150g,0,VND,"This is newly released ""Demitas sweetness refrained sugar"".",,,,
Dydo Blend Demitasse Black Coffee Can 150g,0,VND,"This coffee is one of the most popular types of canned drinks, in Japan, sold from convenience stores to vending machines.",,,,Japan
Dydo Blend Milk & Mild M Coffee Can 250g,0,VND,Dydo Blend Milk & Mild Coffee is a canned instant coffee and milk made with 100% coffee. It is convenient to consume anytime anywhere.,,,,
Dydo Blend Milk Coffee PET Bottle (430ml),0,VND,Dydo Blend Rich Milk Coffee is a fine sugar coffee that uses 3 types of milk,,,,
Monster Mango Loco Can (500ml),102000,VND,Mango Loco is a heavenly blend of exotic juices certain to attract even the most stubborn spirit.,,,,
TH True Water (500ml),6000,VND,"From an old volcano in the midland and mountainous region of Nghe An, formed 2.6 million years ago with the name of Nui Tien, fresh clouds bring tropical rain to cool the pristine vegetation, penetrating deep into the mountains. Layers of olivine basalt volcanic rock, filter out dirt and impurities, forming a cool, natural source of groundwater.",,,,Nghe An
Nok Cha Won Citron Ade Ice Tea Bag (170ml),24000,VND,Natural sweet and sour taste from Citron to support skin beauty & stimulate digestion,,,,Citron
Yummy Panda Jelly Juice Lychee Flavor 150g,18000,VND,Yummy Panda Jelly Juice with 15% fruit juice brings rich nutrition and a fresh teste from combination of jelly and juice.,,,,
Yummy Panda Jelly Juice Mango Flavor 150g,18000,VND,Yummy Panda Jelly Juice with 15% fruit juice brings rich nutrition and a fresh teste from combination of jelly and juice.,,,,
Yummy Panda Jelly Juice Lime Flavor 150g,18000,VND,Yummy Panda Jelly Juice with 15% fruit juice brings rich nutrition and a fresh teste from combination of jelly and juice.,,,,
Yummy Panda Jelly Juice Passionfruit Flavor 150g,18000,VND,Yummy Panda Jelly Juice with 15% fruit juice brings rich nutrition and a fresh teste from combination of jelly and juice.,,,,
Alba Mineral Water PET(350ml),5000,VND,Natural mineral-rich source of healthy mineral water,,,,Alba
Alba Mineral Water PET (500ml),7000,VND,Natural mineral-rich source of healthy mineral water,,,,Alba
Alba Mineral Water PET (1.5L),16000,VND,Natural mineral-rich source of healthy mineral water,,,,Alba
Alba Sparkling Mineral Water PET(350ml),6000,VND,Natural mineral-rich source of healthy mineral water,,,,Alba
Alba Sparkling Mineral Water PET (500ml),8000,VND,Natural mineral-rich source of healthy mineral water,,,,Alba
TH True Water (350ml),5000,VND,"From an old volcano in the midland and mountainous region of Nghe An, formed 2.6 million years ago with the name of Nui Tien, fresh clouds bring tropical rain to cool the pristine vegetation, penetrating deep into the mountains. Layers of olivine basalt volcanic rock, filter out dirt and impurities, forming a cool, natural source of groundwater.",,,,Nghe An
Lipton Ice Tea Peach (1.5L),0,VND,"Refreshing drink with peach flavored tea extracts, with sugars and sweetener.",,,,
San Pellgrino Pomegranate&Orange Can (330ml),38000,VND,"The citrus fruits grow in the vast groves of southern Italy, in fertile soil enriched by Mt. Etna, enjoying the sunshine and gentle sea beeze.
They thrive on the beauty of this land and reflect all the goodness of nature enhanced by the typical Italian way of living, which is distinguished by authenticity, style, oy of life and conviviality.",,,,Italy
Ligo Orange juice 100% (1L),0,VND,"Ligo is a famous juice brand, 100% natural fruit juice - nutritious, with no added sugar, coloring or preservatives - the goodness of nature.",,,,
Bowmore 12 years Islay Single Malt Scotch Whisky 43% (700ml),1470000,VND,"Our signature distillery style of peat smoke, citrus and vanilla perfectly balanced of twelve years old. Savour subtle lemon and sweet heather honey, as the trademark peat smoke of Bowmore leads to a delicious, long and mellow finish.",,,,
Bowmore 18 years Islay Single Malt Scotch Whisky 43% (700ml),3800000,VND,"A masterful combination of ripe fruit, dark chocolate and Islay smoke. Cosseted away in the finest, hand-selected oak casks and allowed to mature at its own sedate pace, this is one of the most remarkable, perfectly balanced malts of its kind.",,,,
Courvoisier XO Cognac 40% 700ml,0,VND,"Consistently recognised as one of the finest XOs in the world, Courvoisier XO is a very old blend of fine and well-matured cognacs, delivering intense exotic flavours.",,,,
Roku Gin 43% 700ml,960000,VND,"Roku Gin 6 - crafted by Japanese artisans, Roku is a multi-layered, perfectly balanced gin combining both traditional and 6 uniquely Japanese botanicals: 
*Sakura flower 
*Yuzu peel 
*Sencha tea 
*Sansho pepper 
*Sakura leaf 
*Gyokuro tea",,,,
"Glen Grant Single Malt Scotch Whisky 12 years, 700ml",2425000,VND,"Glen Grant 12 Year Old is an outstanding single malt. With a bright yellow color and pleasant aromas of orchard fruit, almonds and citrus.",,,,
Le Fruit Tropical Juice (260ml),37000,VND,"Tropical juice is the combination of three kinds of fruit: mango, pineapple and passion fruit. You will experience a sense of balance in a very different way.",,,,
Le fruit Tropical Juice 1L,67000,VND,"Tropical juice is the combination of three kinds of fruit: mango, pineapple and passion fruit. You will experience a sense of balance in a very different way.",,,,
Preshafruit Fruit Juice Pink Lady Apple (350 ml),0,VND,"Break the seal and smell the aroma.It’s light, it’s fragrant, it’s Pink Ladies.The taste is pure.",,,,
Preshafruit Fruit Juice Apple Raspberry (350ml),0,VND,We give thanks to nature for combinations that compliment. The taste of Raspberry and Apple.,,,,
Preshafruit Fruit Juice Pink Lady (1L),0,VND,"Break the seal and smell the aroma.It’s light, it’s fragrant, it’s Pink Ladies.The taste is pure.",,,,
Chateau La Gurgue Margaux (750ml),0,VND,"2011 Château La Gurgue shows a lovely violet. These aromas reappear on the palate, the wine is structured with fine tannins.",,,,
Prunotto Barolo,0,VND,"The nose is complex and generous with pleasing aromas of rose petals, red fruit and spicy notes",,,,
Marques de Ceceres Gran Reserva Rioja (750ml),0,VND,"TASTING NOTES
Intense colour with ruby-red on the edge turning slightly brick-red. The bouquet combines stewed fruit, purple plums, balsamic notes and refined oak with a depth of clove. Nice body in the mouth where mature tannins delight with fresh, lively notes to give a silky fullness. Long-lasting flavours and superb potential for ageing.

DESCRIPTION
Harvest: 100% manual, parcel by parcel.
Malolactic fermentation in new oak barrels or in stainless-steel tanks, depending on the batches. Once this process has finalised, the wines are put into barrels for ageing with racking every 6 months.

INFORMATION DETAILS
ABV: 14%
Grape: 85% Tempranillo, 8% Garnacha tinta, 7% Graciano
Vintage: 2010",,,,
Allan Scott Pinot Noir (750ml),849000,VND,"The wine expresses aromas of spice, blackcurrant and dark Ghana chocolate and cocoa beans. Together with flavoursome and long-lastingness on palate it will bring up the notes of jam, black tea and cherries.",,,,Ghana
Alta Vista Premium Cabernet Sauvignon (750ml),809000,VND,"Red color with violet and ruby hues. It is complex and intense in the nose, with hints of herbs -characteristic of this variety- and reminiscent of green bell pepper.",,,,750ml
Alta Vista Premium Malbec (750ml),809000,VND,"Deep red color with ruby hues. Intense in nose, with ripe red fruit aroma. It is round, silky and has great concentration in mouth.",,,,
Arzuaga La Planta Ribera Del Duero (750ml),725000,VND,"The dark ruby color of the wine perfectly well expresses the style of this high in tannins, well-bodied powerful wine, with the aromas of tobacco, vanilla and dark berries, ripe plum and red cherries",,,,
Arzuaga Pago Florentino (750ml),910000,VND,"Clean and bright wine with a close color with purplish rims and nuances. Silky and friendly on the palate, with great intensity and long lasting in time.",,,,
Bellingham Pinotage (750ml),788000,VND,"Hints of ripe and juicy raspberry, strawberry and black cherry flavours are supported by well-integrated oak spice on the palate with an exciting tannin structure.",,,,
BPR Bordeaux White (750ml),0,VND,"bright yellow glossy color. Initial aromas of light fruits such as peach and mirabelle plums, white flowers reminiscent of jasmine convince in the bouquet. The finale is just as fresh as its bouquet.",,,,
Mouton Cadet Reserve Graves white,0,VND,"From a fresh and round attack with a hint of lemon, the mid-palate reveals broom and white blossom notes, leading into a mineral finish.",,,,
Mouton Cadet Reserve Sauternes (375ml),0,VND,"The nose opens on yellow stonefruit aromas, such as peach and apricot, and a refreshing hint of verbena, joined with airing by a touch of toast.",,,,
Mouton Cadet Reserve Sauternes (750ml),0,VND,"pale gold to coppery gold through straw yellow; flowers, fresh fruits, exotic fruits but also spicy notes. The young syrupy whites are delicious, they are slightly jammy but still retain some acidity.",,,,
Charles de Fere Blanc de Blancs Brut (750ml),0,VND,"This pale and light gold color wine brings white fruit aromas with solid fine bubbles. The palate is elegant, long–lasting and well-balanced.",,,,
Chateau Bouteilley Cotes de Bordeaux (375ml),0,VND,"Extremely round, supple palate. Very well-balanced with a long finish.",,,,
Chateau Cap de Fer (750ml),0,VND,Vibrant gamet-red hue. good full attack flowing into spicy flavours. Powerful and harmonious.,,,,
Chateau Haut Saint Brice (750ml),1199000,VND,"The wine is very dark in purple colour. The nose is empowered by scents of ripe, nearly jammy fruit. On the palate, the wine is dominated by medium-bodied fruitiness with smooth and silky tannins, that lead to a long and wonderful fine finish.",,,,
Chateau Haut Serre (750ml),0,VND,"Very dark color with carmine highlights and a wonderfully complex and powerful bouquet of morello cherry, blackcurrant",,,,
Chateau Los Boldos Cabernet Sauvignon (750ml),0,VND,"The dark ruby color with purple hues. The nose strongly expresses the aromas of black fruits, blackcurrant, redcurrant and blueberries.",,,,
Chateau Los Boldos Cabernet Sauvignon Vieilles Vignes (750ml,1628000,VND,"Intense and ripe fruits such as blackberries, black currants and raspberries, with notes of smoke, tobacco and leather. A balanced wine of great body and structure, with a long, persistent and elegant ending.",,,,
Chateau Los Boldos Chardonnay (750ml),0,VND,"Bright pale yellow with green hues. The wine has aromas of apricots, tropical fruit and pears. Lively and fresh acidity complements the wine’s persistent fruitiness and elegant finish.",,,,
Chateau Los Boldos Merlot (750ml),0,VND,"The wine is bright ruby-red in colour, with aromas of sour cherries, blackberries, blackcurrants and a touch of vanilla. The palate expresses the a medium dry body with low and smooth tannins.",,,,
Chateau Los Boldos Sauvignon Blanc (750ml),504000,VND,A bright and crisp wine shows the green apple and floral notes that are followed by refreshing bright acidity.,,,,
Chateau Pas De L'Ane (750ml),0,VND,"Full and rich fruits, aromas of Cassis and black fruits. Tannic body with jammy pomegranate, blackberry and rose, tea.",,,,
Culemborg Chenin Blanc (750ml),293000,VND,"Highly acidic and refreshing wine expresses the notes of honey, pears, apples and melon, together with tropical fruits, such as lichee and pineapple",,,,
Jean-Louis Cuvee Brut (750ml),0,VND,"Pale golden color, this wine has delicate bubbles and the developed aromas of white fresh fruits such as pear, apple. A clean fresh attack.",,,,
Deakin Cabernet Sauvignon (750ml),385000,VND,"Blackcurrant, plum, ripe berries, hints of chocolate, vanilla and spice.",,,,
Deakin Chardonnay (750ml),385000,VND,"Taste: White peach, pear, hints of citrus",,,,
Deakin Merlot 13.5% (750ml),0,VND,"From cherry and blueberry to fruitcake and herbal notes. The palate is soft but still structured, with cherry and chocolate flavours to the fore",,,,
Deakin Sauvignon Blanc (750ml),0,VND,"Taste: Lively tropical fruit, gooseberry, hints of lime.",,,,
Deakin Shiraz (750ml),385000,VND,"Deakin Estate Shiraz has a fruity taste with notes of jam, a hint of pepper that goes well with the interwoven wood in the taste",,,,750ml
Prunotto Fiulot Barbera D'Asti (750ml),0,VND,"Wild raspberry, fresh cherry and dried thyme. Sweetly red fruited with notes of raspberry, crunchy cherry and red licorice.",,,,Asti
Georges Duboeuf Beaujolais Villages (750ml),0,VND,"The wine is powerful in its strong fruity and floral aromas. The medium acidity smoothly rolls in the mouth and develops additional aromas and tastes of blackcurrant, raspberries and light hints of bananas.",,,,
Georges Duboeuf Cabernet Sauvignon (750ml),0,VND,"Dark cherry colour with purplish hues. The nose carries a complex yet delicate bouquet withof red and black berry aromas. Fine tannins, well balanced complete wine. complete. ...",,,,750ml
Georges Duboeuf Chardonnay (750ml),450000,VND,"This wine has a deep crimson colour and offers a range of aromas from dark berries, cherries to spices and liquorice. Well-rounded tannins, complex and long-lasting finish",,,,
Georges Duboeuf Cuvee Red (750ml),0,VND,"A pale, golden straw colour. Powerful notes of pears, figs and tropical fruits, pineapple and hazelnut. delicate and lively on the palate,",,,,
Georges Duboeuf Cuvee Rose (750ml),0,VND,Beautiful pink color of the wine is complemented by vibrant notes of tart field strawberries and orange zest.,,,,
Georges Duboeuf Cuvee White (750ml),0,VND,"The light and flavoursome wine is bright and clear in color, with smooth acidity and elegant aromas of pears, apples and",,,,
Georges Duboeuf Macon Villages (750ml),842000,VND,"A bright golden colour, this Mâcon-Villages reveals elegant, fresh aromas dominated by white blossom with a scent of honey and lime blossom on the finish. We recommend to taste this wine at 12 °C.",,,,Macon
Georges Duboeuf Merlot (750ml),0,VND,"A cherry red colour, the wine brings the aromas of red berry on the nose. Full-bodied and aromatic, with fine, fruity tannins. wine at 14-15 °C.",,,,
Georges Duboeuf Pinot Noir (750ml),450000,VND,"Full-bodied and hearty, it reveals fresh fruit aromas, such as Morello cherries. Its silky tannins and length make it a very well-balanced wine.",,,,
Georges Duboeuf Syrah (750ml),0,VND,"The wine is dominated by red and black berry, raspberries, blackcurrants and bilberries aromas which are supported by rich and empowering tannins.",,,,
Gustave Lorentz Gewurztraminer (750ml),1017000,VND,"It’s fresh and supple, complex and rich, with an impressive structure. Tastes of exotic fruits and spices with a ginger finish",,,,
Gustave Lorentz Riesling (750ml),855000,VND,"An expressive and refined nose filled with citrus and white flower aromas. It has a lively attack, refreshing acidity, great structure and a clean, dry finish",,,,
Henschke Keyneton Estate Euphonium 14% (750ml),0,VND,"An intense nose of ripe mulberry, plum, blue and black berry fruits and anise, floral violet notes and hints of cassis, sage and pepper spice. The beautifully balanced palate shows layers of sweet, concentrated fruit and texture, with fine -grained tannins for a long and elegant finish.",,,,
Jacques Picard Champagne (750ml),0,VND,"Golden pale yellow color, with brilliant shades of silver, this wonderful sparkling is elegant and smooth on the palate, showing strong brioche and creamy notes, supported by apple scents and light fruitiness.",,,,750ml
Jim Barry Cover Drive Cabernet Sauvignon 14% (750ml),846000,VND,The palate is lively with bright red berries and dark cherry fruit. The wine has an even pull through the palate with fine tannins and a moreish finish.,,,,Sauvignon
Joseph Drouhin Cote de Nuits-Villages (750ml),0,VND,"Intense aromas of wild cherry, liquorice and mild spices, evolving towards notes of undergrowth and mushroom. On the palate, excellent balance between tannin, acidity and gras (velvety texture).",,,,gras
Joseph Drouhin Laforet Chardonnay (750ml),1289000,VND,It is a very homogeneous vintage. It is ripe and its aromatic structure is supported by its acidity balance.,,,,
Joseph Drouhin Pouilly-Fuisse,2529000,VND,"It is ripe and its aromatic structure is supported by its acidity balance. From charming to more intense, deep and complex.",,,,
Joseph Drouhin Rully White 13% 750ml,0,VND,"The aromas are fresh and fruity, with nuances of broom shrub (genêt), almond and delicious preserved citrus notes. On the palate, it is fresh and elegant.",,,,
Louis Roederer Brut Premier (750ml),0,VND,"In the mouth, the wine has structure, richness and length. It is a full, complex wine that is both modern and powerful",,,,
M.Chapoutier Belleruche Cote du Rhone Red (750ml),615000,VND,"The wine is deep garnet on the appearance, with intense dark fruit aromas on the nose, that is counterbalanced by the white pepper scent and is supported by sooth and velvet tannins.",,,,Rhone
M.Chapoutier Chateauneuf de Pape La Bernardine (750ml),2429000,VND,Intense crimson-red. Opening into spicy (liquorice) and fruity aromas.,,,,
M.Chapoutier Cote Rotie Les Becasses (750ml),0,VND,"Deep purplish red. A touch of black olive and “tapenade”, rose winemary. Ample and deep, woody, spicy and vanilla final.",,,,
M.Chapoutier Crozes Hermitage Les Meysonniers Org 13% (750ml),1081000,VND,"Red fruits, blackcurrant and raspberry, followed by violet aromas. Ample and round, final of stewed fruits and vanilla.",,,,
M.Chapoutier Gigondas Red (750ml),0,VND,Floral then spicy (pepper) notes on entry. The wine displays a superb tannic structure and lovely long-lingering flavours.,,,,
M.Chapoutier Chante-Alouette Hermitage Blanc Org 13.5% (750ml),0,VND,"Brilliant and green gold. Frank attack, without aggressiveness, final of almond, very elegant and good length.",,,,
M.Chapoutier Hermitage Monier de La Sizeranne 13.5% (750ml),0,VND,"Aromas of red fruit (rapberry, blackcurrant), with a hint of liquorice. Good attack, round and elegant wine with concentrated and gentle tannins.",,,,750ml
Antinori Marchese Chianti Classico Riserva (750ml),0,VND,The palate is supple and balanced and the toasty and fruity sensations linger on a fragrant and persistent finish.,,,,
Marques de Caceres Crianza Red (750ml),0,VND,"The wine is perfectly structured and balanced. It is crimson red on the appearance,with deep purple hues. The nose opens with rich and juicy red berries and red fruits, that are complimented by sweet vanilla scent, light leathery notes and a hint of tobacco.",,,,Caceres
Marques de Caceres Crianza Magnum (1.5L),0,VND,Full-bodied on the palate with a background of ripe fruit and smooth elegant tannins. A long silky aftertaste.,,,,Caceres
Nautilus Sauvignon Blanc (750ml),925000,VND,The palate introduces a delightful lime/citrus based mouth-watering intensity and finishes with a strong textural component.,,,,
Nicolas Feuillatte Brut Reserve Particuliere 12.5% (750ml),0,VND,"The wonderful and festive champagne is, fresh and vibrant, with intense and expressive aromas of fruits, such as apricots and pears with constant delicate bubbles, gradually unleashing their true character over time.",,,,
Oxford Landing Cabernet Shiraz (750ml),0,VND,"Subtle notes of blackcurrant and tobaco leaf blend into the dominance of blackberry and plums aromas. Overall palate is an elegant, silky texture of fruit sweetness, while layered the mid-palate with blackberry and spices. Finishing with a note of soft tannins",,,,
Oxford Landing Chardonnay (750ml),0,VND,"Delicate and elegant taste, which carries a strong aromas of yellow peach, with hints of lemon myrtle and wild honey. While the creaminess is counterbalanced by the presence of the the deeply developed oaky scent",,,,
Oxford Landing Shiraz (750ml),365000,VND,"The wine develops solid and pleasing aromas of fresh plum counterbalanced by subtle vanilla oak with hints of violets and floral aromas. The palate is smooth with blueberry and plum taste, complemented by soft, rounded tannins with hints of milk chocolate and spices.",,,,
Pascal Jolivet Attitude Pinot Noir 13% (750ml),990000,VND,"Deep ruby colored wine expresses delicate flavors of red fruits, cherries and blackcurrants with mild spiciness, with stylish and lasting finish.",,,,
Pascal Jolivet Attitude Sauvignon Blanc 12.5% (750ml),0,VND,"The minerality gives a long finish to the wine, a smoothness and elegance – characteristics of all of Pascal Jolivet’s wines",,,,
Pascal Jolivet Pouilly Fume (750ml),1766000,VND,"On the palate the wine is medium in body, incredibly precise and layered with clean, driving acidity.",,,,
Pascal Jolivet Sancerre White 12.5% (750ml),0,VND,"The Pascal Jolivet Sancerre is fresh, clean and screaming with racy acidity. On the palate it is fresh and tightly wound; acidity is tempered by very subtle residual sugar; very clean; alive, racy, youthful.",,,,
Antinori Peppoli Estate Chianti Classico (750ml),1060000,VND,"The wine imparts all the characteristics of Sangiovese. The tannins are soft and silky, the finish round and persistent.",,,,
Pigmentum Malbec (750ml),487000,VND,"A bouquet of summer flowers as well as powerful red and black fruit aromas: raspberry, blackcurrant, and blackberry",,,,
